date,PC5_raw
2025-07-24,-0.3551412708481296
2025-07-25,0.04969414411506991
2025-07-28,-0.2731410653226736
2025-07-29,-1.2244297207185784
2025-07-30,-0.7401720342297082
2025-07-31,1.2360991356095736
2025-08-01,-0.880844992993935
2025-08-04,-0.22732022228736387
2025-08-05,-0.17626633800620187
2025-08-06,-0.575057670994595
2025-08-07,0.09751816865104254
2025-08-08,0.5639179812183137
2025-08-11,-0.07062090402793438
2025-08-12,1.1588866298408333
2025-08-13,1.4348743251232092
2025-08-14,0.3951219212089429
2025-08-15,0.819075246319252
2025-08-18,0.09925522466431938
2025-08-19,1.02512053271262
2025-08-20,1.0278507481872075
2025-08-21,-0.5967611559360788
2025-08-22,-0.44429377164083617
2025-08-25,0.16584923503871454
2025-08-26,1.5406308377645266
2025-08-27,1.506426151279439
2025-08-28,-0.42412147552301926
2025-08-29,0.8793514827018294
2025-09-01,0.4313098090746808
2025-09-02,0.5288859233120655
2025-09-03,1.1261399642852816
2025-09-04,2.4422464666014867
2025-09-05,-1.6804661414599316
2025-09-08,1.1657850369506253
2025-09-09,1.0942827684846204
2025-09-10,0.6265594619649443
2025-09-11,0.5327957997070772
2025-09-12,1.2463728457346268
2025-09-15,1.8367113347008508
2025-09-16,1.9890100116440383
2025-09-17,-0.04526808696543857
2025-09-18,0.4478703720289444
2025-09-19,0.5264102008985727
2025-09-22,0.7184310555536269
2025-09-23,0.946494925306806
2025-09-24,1.4175903458515073
2025-09-25,1.361695344794975
2025-09-26,1.6676274184366562
2025-09-29,-0.49534277900246615
2025-09-30,0.5683416209635772
2025-10-09,1.3201459813252523
2025-10-10,0.9845875973112714
2025-10-13,0.8296701292603008
2025-10-14,1.2950991187746737
2025-10-15,-0.5772689985555006
2025-10-16,-0.48943658006615043
2025-10-17,1.2492211029639253
2025-10-20,1.024168859340852
2025-10-21,0.08790586301378125
2025-10-22,0.8040518191392575
2025-10-23,-0.8845808390261476
2025-10-24,0.5610520734325188
2025-10-27,0.4245963189362368
2025-10-28,0.9560100504812185
2025-10-29,1.0174638460948522
2025-10-30,0.47870437000036503
2025-10-31,-0.3065992215733378
2025-11-03,0.5309868321746716
2025-11-04,0.6202149422748924
2025-11-05,0.4786122525158475
2025-11-06,-0.18806430068058969
2025-11-07,-0.6295093380077675
2025-11-10,-0.740708273811963
2025-11-11,0.7109729768609077
2025-11-12,-1.1906844993002852
2025-11-13,1.2563106475841874
2025-11-14,0.08505950693940496
2025-11-17,0.34705540198302154
2025-11-18,0.3252880843778727
2025-11-19,-0.5445352087865709
2025-11-20,1.3077916360613344
2025-11-21,0.5943979484179007
2025-11-24,-0.5015486238379158
2025-11-25,-1.5083790192432374
2025-11-26,-0.29464500613220607
2025-11-27,0.38558612520996205
2025-11-28,-0.20616960060512834
2025-12-01,-1.3397428240228209
2025-12-02,0.03646083755285003
2025-12-03,0.05404007597081146
2025-12-04,-0.5891613202290675
2025-12-05,-1.006181396263205
2025-12-08,-1.6130400756398262
2025-12-09,-0.6881057834977494
2025-12-10,0.1717436536415744
2025-12-11,0.23196476559576723
2025-12-12,0.022591159152647887
2025-12-15,-0.6029199440728635
2025-12-16,-0.7328883777956758
2025-12-17,-0.694263357447519
2025-12-18,-0.12791719377945746
2025-12-19,0.034223202127695876
2025-12-22,-0.5717999881650415
2025-12-23,-0.6642473984016932
2025-12-24,-0.19663136670082376
2025-12-25,-0.9994029796696244
2025-12-26,-1.2444513828811472
2025-12-29,-1.445863454928866
2025-12-30,-0.6809814083086518
2025-12-31,-0.5067500244746034
2026-01-05,-1.9181883725985716
2026-01-06,-0.5063490954970339
2026-01-07,-0.9344234313263738
2026-01-08,-0.49611354602688185
2026-01-09,-2.318833668005947
2026-01-12,-1.3207041053327406
2026-01-13,-0.783176068351295
2026-01-14,-0.8945074174945024
2026-01-15,-0.307049320116569
2026-01-16,-1.901619288321762
2026-01-19,-1.3664101696341908
2026-01-20,-1.5144218896210369
2026-01-21,-0.6000477956350057
2026-01-22,-1.8221908244259997
2026-01-23,-0.1019019932145831
2026-01-26,-1.686134004012158
2026-01-27,-1.5874171473986556
2026-01-28,-0.6598169725903584
2026-01-29,-1.3846764768545252
2026-01-30,-0.875570075434051
2026-02-02,0.14045805056516525
2026-02-03,-0.6000047275660434
2026-02-04,-1.2180373850041726
2026-02-05,-0.34947559765894937
2026-02-06,-0.8473079597345833
2026-02-09,-0.40654529792668337
2026-02-10,-1.7595036641742556
2026-02-11,-0.5664468183823468
2026-02-12,-0.9549562528461728
2026-02-13,-0.3781117523867605
2026-02-24,-0.12331463959735897
2026-03-11,-0.5996015168073654
2026-03-12,-1.5723974757775558
2026-03-13,0.25853236482307423
2026-03-16,-0.6711678172342376
2026-03-17,-0.40860818067398785
2026-03-18,-1.7509910077090483
2026-03-19,1.0423893900775516
2026-03-20,0.005482952977325106
2026-03-23,0.4454059040684596
2026-03-24,-0.7796766261685556
2026-03-25,-1.1763573522378759
2026-03-26,-0.20170461985658855
2026-03-27,-0.9313112036508875
2026-03-30,-0.7954414321398219
2026-03-31,-0.47527223282499154
2026-04-01,-0.7021637129732069
2026-04-02,-1.4293678667133347
2026-04-03,-0.7553136690134276
2026-04-07,0.1490569570509781
2026-04-08,-1.810084731070895
2026-04-09,0.2449794475936324
2026-04-10,-0.9295400427140643
2026-04-13,-1.2085014689132692
2026-04-14,0.11454332375072081
2026-04-15,-0.39091131992307937
2026-04-16,-1.1330284387919205
2026-04-17,-0.4498233495985741
2026-04-20,-1.4050873707857723
2026-04-21,-0.2757772619652349
2026-04-22,0.34644430711857027
2026-04-23,0.7236049632347906
2026-04-24,0.9726557048899298
2026-04-27,0.42728197713027877
2026-04-28,0.35442983707875814
2026-04-29,-0.2135210575661045
2026-04-30,0.15678730563849155
2026-05-06,-0.3660150238043422
2026-05-07,-0.6659950885474234
2026-05-08,1.1636088455031846
2026-05-11,-1.8323346308375603
2026-05-12,0.6259880610073978
2026-05-13,0.33976939392807143
2026-05-14,1.7738067872883259
2026-05-15,0.43501878497648316
2026-05-18,1.0277101769701624
2026-05-19,0.1698577847412009
2026-05-20,-0.19875127730898784
2026-05-21,0.8700731904146978
2026-05-22,0.3019365573950735
2026-05-25,1.366957192366448
2026-05-26,0.4387148321467496
2026-05-27,0.6668850663898997
2026-05-28,0.4130936411070373
2026-05-29,1.770301172606425
2026-06-01,1.225468388892233
2026-06-02,-0.1357192481567721
2026-06-03,1.1822185689061935
2026-06-04,1.0036382121343543
2026-06-05,1.1924138165620837
2026-06-08,2.3477731080808666
2026-06-09,-0.02455294158167757
2026-06-10,1.1522704308049438
2026-06-11,-0.4006688485718176
2026-06-12,-0.1357935548757423
2026-06-15,0.9102907685490081
2026-06-16,1.0448489875107492
2026-06-17,-0.2682661983363272
2026-06-18,0.5262757332217951
2026-06-22,-0.32591865159836503
2026-06-23,-0.6744544326422203
2026-06-24,0.19106783118610257
2026-06-25,-0.54612578018117
2026-06-26,1.0352219905712858
2026-06-29,-0.4089770812421632
2026-06-30,0.7621083786524135
2026-07-01,0.6661016416316669
2026-07-02,3.109807421212722
2026-07-03,-0.5578364431619314
2026-07-06,0.9479577979026366
2026-07-07,0.8470330848518365
2026-07-08,-0.8491413075161449
2026-07-09,0.9950660782332008
2026-07-10,1.1087301000259877
2026-07-13,2.049615460991674
2026-07-14,-0.2964018773453075
2026-07-15,-0.4896877838358643
2026-07-16,1.0283322352938145
2026-07-17,2.4805101831390135
2026-07-20,0.6806203273453795
2026-07-21,-1.1078597295142918
2026-07-22,1.1968712327569868
2026-07-23,-0.3524283906420688
2026-07-24,0.6777123715634848
2026-07-27,0.41889269421413894
2026-07-28,-0.7320281403465208
2026-07-29,-1.07910456333437
2026-07-30,1.616493059467841
2026-07-31,-0.10640314778737564
2026-08-03,-0.011219131792832945
2026-08-04,-0.38472002921546766
2026-08-05,0.15303714147396807
2026-08-06,0.17488714014200596
2026-08-07,-1.4704419536700044
2026-08-10,0.00023550766265914038
2026-08-11,0.5585573358193138
2026-08-12,-0.425959165885748
2026-08-13,0.8180465980391656
2026-08-14,-0.09561009889032793
2026-08-17,-1.52884390851431
2026-08-18,-0.8354132574224032
2026-08-19,1.0437184317730634
2026-08-20,-0.6078309798113753
2026-08-21,-2.384173096754633
2026-08-24,-0.30839603354294043
2026-08-25,0.893274728846565
2026-08-26,-0.36908317776258326
2026-08-27,-1.528896304032658
2026-08-28,0.04460179706166799
