date,MKT,SMB,HML,MOM,rf
2024-01-02,0.004210427377101,0.0011774319584114,0.0012613821149177,-0.0043208305956879,6e-05
2024-01-03,-0.0015043787105406,-0.001494644033366,0.0024012444851343,-0.0110210115495285,6e-05
2024-01-04,0.0055691968429062,0.0068087308513572,-0.0002872692375815,-0.0025388287690376,6e-05
2024-01-05,0.0134472687076722,-0.0054279931327968,-0.0040250286796505,0.0034600363515245,6e-05
2024-01-08,-0.00236738037251,-0.0003589041624661,0.0063396790737049,0.0069439168349279,6e-05
2024-01-09,-0.0023672326125426,0.0007360586592664,-0.010550333775635,0.006764915394142,6e-05
2024-01-10,0.0139529153395665,-0.002204294217268,-0.0033059222670994,0.0010517397827311,6e-05
2024-01-11,0.0066469125623761,0.0020203423835145,0.0013520574344163,0.0032021085482816,6e-05
2024-01-12,-0.0044852694734145,0.0021149089501012,0.0011232951325468,0.0012450462488209,6e-05
2024-01-15,0.0046230403922736,-0.0013801984488268,0.0037263970830355,-0.0046048495586467,6e-05
2024-01-16,-0.0044307592353121,-0.0037780437260618,-0.0018202774162934,0.002466681403736,6e-05
2024-01-17,-0.0044515677821323,-0.0117718320274968,-0.0012899854540368,0.0017139350437533,6e-05
2024-01-18,0.0019176604440943,0.00376279734309,0.0035678720994991,0.0045015276348798,6e-05
2024-01-19,-0.0174795222019201,-0.006908412379292,-0.0078163588091708,-0.0092813309527812,6e-05
2024-01-22,-0.0157842604926172,-0.0053939276463715,-0.0050701104871822,-0.0027764254131548,6e-05
2024-01-23,-0.0053205877631687,-0.005661904185789,0.0001498153609767,-0.0061871067364151,6e-05
2024-01-24,-0.0093754800830098,0.0016679445705682,-0.0031083116884801,0.0034232618222291,6e-05
2024-01-25,0.0025682259933574,0.0034471408539857,-0.0039636049128714,-0.0003653119066819,6e-05
2024-01-26,-0.0084322166796908,0.0020561672156041,-0.0066254929308312,-0.0056078974109662,6e-05
2024-01-29,-0.0129707333120176,0.0052812914474065,0.0001443469430735,0.0022899057384851,6e-05
2024-01-30,0.0129308389202939,0.003762714369934,0.0053290647416708,0.0005502031490917,6e-05
2024-01-31,-0.0022919867043788,0.0057724287545847,0.0012042379493364,0.0068415913280541,6e-05
2024-02-01,0.0003477538421913,0.0074174592883063,0.0013795486197235,-0.0026459336314099,6e-05
2024-02-02,-0.0130827336759211,-0.0080934447588102,0.0016453844141788,0.0026890703474478,6e-05
2024-02-05,-0.0051594445207266,0.0035798430178368,0.0014184199640265,0.0030530807236871,6e-05
2024-02-06,0.0007383033073887,0.0093050887422272,0.001310693833388,0.0023422096397708,6e-05
2024-02-07,-0.0106189421968007,0.0048615931855264,-0.0015007025056318,-0.0019565408680508,6e-05
2024-02-08,0.003121282165111,0.0067390606285593,-0.0005590053250343,0.0045868660709837,6e-05
2024-02-09,-0.0056657482092692,-0.0030491586058792,0.0072097678126515,-0.0017513206481222,6e-05
2024-02-12,-0.0028852437481394,-0.0047100693024356,-0.0012005203899997,-0.0054213949284418,6e-05
2024-02-13,-0.0056753595100645,0.0050615449635334,0.004747611107573,-0.0010824270475073,6e-05
2024-02-14,0.0164105036605804,0.0014885677345639,-0.001819516553857,0.0007109584844387,6e-05
2024-02-15,-0.0003814750226414,-0.0024745271046756,0.0021033525470219,-0.0017606072113584,6e-05
2024-02-16,-0.0097793983606031,-0.003149090194756,-0.0007444532582168,0.0018353656809403,6e-05
2024-02-19,0.0071429042089287,0.0102628460833898,-0.0030536018225801,0.0021406813558918,6e-05
2024-02-20,-0.0112475928497392,0.0067213968123818,0.007149412227634,-0.0048538898805499,6e-05
2024-02-21,0.0016197723550427,-0.0027627752091636,0.0032415860053264,-0.0117286604737104,6e-05
2024-02-22,-0.0178970311149179,0.0034943835945767,0.001635153688584,-0.0067597097705018,6e-05
2024-02-23,-0.0122136744400858,-0.0004166952129244,0.0018312500464553,0.0043415730665157,6e-05
2024-02-26,0.0015117511228221,-0.0039260070231918,0.0045504267708882,-0.0029813969634552,6e-05
2024-02-27,0.0063861992199586,-0.0030950431936014,-0.0020299660004038,-0.0007842809431491,6e-05
2024-02-28,0.0012823145307097,-0.0005451254586487,-0.0057467274656668,-0.0041208914511237,6e-05
2024-02-29,-0.0013008345414941,3.081883019489421e-05,0.0019248562427132,-0.0001330508595287,6e-05
2024-03-01,-0.0029699332603035,-0.0070799301815637,0.0083787562075236,0.0057231145680902,6e-05
2024-03-04,-0.0135666979133068,-0.0006420080616109,-0.0047214197500982,0.00737710435072,6e-05
2024-03-05,-0.0067385978755523,0.0106269758443404,0.0009400090783941,-0.0027596726908105,6e-05
2024-03-06,-0.004405748938638,0.0012007272698456,0.0015041630963945,-0.0020808301598759,6e-05
2024-03-07,0.0092541000359702,-0.0030123754175198,0.0007122866337025,-0.0077836930761049,6e-05
2024-03-08,0.0028325646061161,0.0045563809189314,0.009106898354171,-0.0102512923665834,6e-05
2024-03-11,-0.0161273613982646,0.0088017166059449,0.0021592103887566,-0.0020037158850046,6e-05
2024-03-12,0.0026567557245531,0.0054711045255034,0.0002907197711791,-0.000997059340449,6e-05
2024-03-13,-0.0037257405237468,-0.0032171645161406,0.0008620897733881,0.002238538117812,6e-05
2024-03-14,-0.0063522980027536,0.0007586719574672,-0.001946711306135,0.0031781923153456,6e-05
2024-03-15,0.0052450865995678,0.0071658277271364,0.002580698163953,-0.0026240785255487,6e-05
2024-03-18,0.0090189957024635,-0.003185108027863,0.0039571172137273,-0.0005470968507271,6e-05
2024-03-19,0.0081215210720457,0.0092170397881772,0.0030953735396278,0.0066569694856019,6e-05
2024-03-20,-0.0078129577090037,-0.0009528590369353,0.0061895128975764,-0.0145631629636068,6e-05
2024-03-21,-0.0030429113826609,0.0039158185931006,-4.930844516930148e-05,-0.0008600647929026,6e-05
2024-03-22,0.002721370882632,-0.0023727292968623,-0.0079773352601363,-0.0054218171926848,6e-05
2024-03-25,0.0085199061441012,0.0024966680209266,-0.0110668633583852,-0.0003469532806878,6e-05
2024-03-26,-0.0045725681406076,0.0071912679092691,0.002768564961881,0.0022938530601448,6e-05
2024-03-27,-0.0019309307899743,0.0066898416513502,0.0020157519316655,-0.009047484696228,6e-05
2024-03-28,-0.0102170147660542,0.0095947037341734,0.0041084385527589,0.0038432540396611,6e-05
2024-03-29,-0.011025859616726,-0.0048115045194717,0.0069532369108734,0.0010981366226013,6e-05
2024-04-01,0.0070527324015477,0.0059423960787576,-0.0072968921352003,0.0035776557364065,6e-05
2024-04-02,0.0119461602571374,0.0002085181733357,0.0026356368713435,0.0031203998847942,6e-05
2024-04-03,-0.000908091094223,0.0037353220165687,0.0058299366592577,-0.0026669991618979,6e-05
2024-04-04,0.0087717960810282,-0.0036615828671902,-0.0059692954902207,0.0083284553753786,6e-05
2024-04-05,0.0029947242254287,2.064122778860354e-05,-0.0060799520955682,-0.0105370218775726,6e-05
2024-04-08,-0.0060660777914461,-0.0020765616240553,-0.0032738334929557,0.0023249480719217,6e-05
2024-04-09,0.0029925604495757,0.0016202610746425,-0.0013631433944066,0.0028930461839985,6e-05
2024-04-10,0.0135823290981937,-0.0035278772317466,0.0034397591090108,-0.0054799739467363,6e-05
2024-04-11,-0.0005824343519895,0.0019581538550685,0.0017314258233502,0.0007269449365464,6e-05
2024-04-12,0.013821792902326,-0.0086597897562241,0.0006123432002255,-0.0019307748807898,6e-05
2024-04-15,-0.0238377059368076,-0.0010397829195567,-0.0018417385626259,0.0049852990164103,6e-05
2024-04-16,0.007137122539377,-0.0068499176557495,0.0011038390916397,-0.0044652597201573,6e-05
2024-04-17,0.0005234236141435,-0.0094585858774045,-0.0056438369405594,-0.0040429970003236,6e-05
2024-04-18,-0.0029510661541928,-0.0034770427576396,0.0035258993960254,0.0076845384184224,6e-05
2024-04-19,0.0005658469888195,0.0004925255864201,-0.0007913519459494,-0.0012320469695625,6e-05
2024-04-22,-0.018148120231408,0.0009570997931894,-0.0037446146323202,0.0018135810892155,6e-05
2024-04-23,-0.0022370469905376,-0.0038943334936632,-0.0006780664391423,0.0046315713745004,6e-05
2024-04-24,0.0029540131436057,0.0034186458308827,0.0076495019150358,-0.0032255644122651,6e-05
2024-04-25,0.0130410464026736,-0.0058897405264515,-0.002131620336079,0.0007306869899182,6e-05
2024-04-26,-0.0049244319644628,-0.0022085668814595,0.0038616497840929,-0.001643748424393,6e-05
2024-04-29,-0.0075364424260386,-0.009102779377374,0.0007512062051256,0.0089367379995929,6e-05
2024-04-30,-0.0047758133922608,-0.006054129860601,0.0006603121458746,0.0008853141177402,6e-05
2024-05-01,0.0079786190593186,-0.0033175757535946,0.0053577086949584,0.0094715957434899,6e-05
2024-05-02,0.0026987599869371,0.0062941444176916,0.0007037678447281,0.0015913870864421,6e-05
2024-05-03,-0.0050278418339033,-0.0043643396106432,-0.0018263112854705,0.0065819709735747,6e-05
2024-05-06,0.0043594068980202,0.0043612108395911,-0.0010326602971382,0.0003213400678808,6e-05
2024-05-07,0.0006136979441323,0.0035564015206705,-0.0006679454340266,0.0058016356950581,6e-05
2024-05-08,0.008457804914796,-0.0025667674356054,-0.0023099010555018,-0.0061627338442547,6e-05
2024-05-09,-0.0065784778448961,0.0016656074389736,0.0014601807180089,-0.0061322868046383,6e-05
2024-05-10,-0.0032089593193799,-0.0075608417280778,0.007823490142755,0.0002889914961387,6e-05
2024-05-13,-0.0037889733781894,0.0104952567976871,-0.0025336218172558,0.0031086548882715,6e-05
2024-05-14,-0.013431634533189,0.0031142618908153,0.0020058015439164,-0.0017371470193288,6e-05
2024-05-15,0.0024050824935811,-0.0056104207537718,0.0018004739620804,0.0081285776472061,6e-05
2024-05-16,0.002089497449619,0.004245407624949,0.0052612716976483,0.0060978374954994,6e-05
2024-05-17,-0.0002139788902178,0.0105782878221339,-0.0043901000445159,0.0035907831334152,6e-05
2024-05-20,-0.0023712842003763,-0.0038603143710345,0.0066343150751379,0.0011901163239287,6e-05
2024-05-21,-0.0129983366784537,0.00262240818917,-0.0032741634492274,0.0082282548409722,6e-05
2024-05-22,-0.0040458079048882,0.0037506656400811,-0.0006398180864259,-0.0028381542513988,6e-05
2024-05-23,-0.0033444306487409,-0.0004490742638974,0.0046030460411531,0.0072310281405203,6e-05
2024-05-24,-0.0074804954229945,-0.0062214482406675,0.0062367872604669,0.0119386671323295,6e-05
2024-05-27,-0.001711571404994,0.0047933280412558,0.0022114527737309,0.0009135458238803,6e-05
2024-05-28,0.0033764577113308,-0.0004047015091422,-0.0032609122718044,0.0043578452539249,6e-05
2024-05-29,0.0167156731108947,0.0042484491057913,-0.0046761358504874,-0.0032460564345511,6e-05
2024-05-30,0.0013112003154865,0.0027437142444011,0.0005191983758981,0.0042584200417305,6e-05
2024-05-31,0.0020579535165048,0.0028470545448527,-0.0039620667125875,-0.0051224512732243,6e-05
2024-06-03,-0.0009300132418955,0.0037325625936975,-0.0047342361033672,-0.0080515560712431,6e-05
2024-06-04,-0.0175289409376913,0.0038999149510207,-0.0055985333022249,0.0141273613362665,6e-05
2024-06-05,-0.0004986248790429,0.0022572958011673,0.0035526999242043,-0.0063898119588177,6e-05
2024-06-06,0.0002820718894692,-0.0005579763762927,-0.0059576839880082,-0.0023784335882063,6e-05
2024-06-07,0.0219091790123675,-0.0009021966414766,-0.0006072258201292,0.0048466910326152,6e-05
2024-06-10,-0.0019912486830301,-0.001493988520944,-0.0006387227290301,0.0048413908304018,6e-05
2024-06-11,0.0024539260810025,-0.0012126089327383,0.0009565892628452,-0.003121429769367,6e-05
2024-06-12,-0.0005724059273471,-0.0010789119502232,-0.0069011817585852,-0.0079383034349268,6e-05
2024-06-13,-0.0107781023385757,-0.0046558676179393,-0.0045659068012777,-0.0103170300113627,6e-05
2024-06-14,0.0100254053306351,0.0021335352212585,0.0044086928147645,-0.0009799716834824,6e-05
2024-06-17,0.0065073972941809,-0.0009015874442645,0.0018821204407277,0.0095120593273174,6e-05
2024-06-18,0.0068592875233874,-0.0032526287785873,0.0011173916555114,-0.0083990215399026,6e-05
2024-06-19,-0.0084444870931526,-0.000268674694717,0.0006501312067205,-0.0034581700804088,6e-05
2024-06-20,0.0123651487984248,-0.0047478496518143,-0.0001084763684877,-0.0007535475131246,6e-05
2024-06-21,-0.0128766595651305,0.0067057058965888,0.0001489770002451,0.0081704247936074,6e-05
2024-06-24,0.0050217138442024,-0.005024475455418,0.0040183077084968,0.0094807076440071,6e-05
2024-06-25,0.0194541006322898,-0.0041234875583287,0.0004076046602632,-0.0040132322380972,6e-05
2024-06-26,-0.0091748269261761,-0.0006955494632921,0.0027625851204688,0.0092470658518012,6e-05
2024-06-27,-0.0053566795664249,0.000652554509347,0.0057018814315035,-0.00506074699755,6e-05
2024-06-28,0.0006368622857887,-0.00314036934602,-0.0022088958813051,0.0007423501318879,6e-05
2024-07-01,-0.0047912808870457,-0.005014957054257,-0.0027007292608381,2.464653911517212e-05,6e-05
2024-07-02,-0.0142159708795951,0.0003765137247872,-0.0054857187168545,-0.0050013131575899,6e-05
2024-07-03,0.0003570667732542,-1.193461341175749e-05,0.001940554330664,0.0012587861774614,6e-05
2024-07-04,-0.0098207334235349,0.0076188885352365,-0.003170050760652,-0.0016781230019743,6e-05
2024-07-05,0.0040023318757166,0.0005458978110955,0.0046309851699891,0.0104861239660933,6e-05
2024-07-08,-0.0085348181081042,-0.0017631367458384,0.0008527528570583,0.0066564094731348,6e-05
2024-07-09,0.0136894096451578,0.0024737803578646,0.0005824733790271,0.0050647115042753,6e-05
2024-07-10,-0.0073092796310261,-0.0045355880857794,-0.0045648332632453,0.0005158380414911,6e-05
2024-07-11,-0.003158553645851,-0.0056588985818636,-0.0022442220278229,0.0069960130956974,6e-05
2024-07-12,0.007061654956327,0.0127760357428105,0.0001073697753517,-0.0034946143420841,6e-05
2024-07-15,-0.0113377788479055,0.0083264986695067,0.0033546170969258,0.0122701245855098,6e-05
2024-07-16,0.0017871394114371,0.0011010264250087,0.0001087011516969,0.0003338686234533,6e-05
2024-07-17,0.0115042847885418,0.0022708432234316,0.0017049614542377,-0.0018837412500119,6e-05
2024-07-18,-0.014727349111051,0.0024982790569103,0.0084516257074651,0.0058803578032531,6e-05
2024-07-19,0.0014017047267907,0.005782874582484,-0.0001566418906299,-0.0015200564138236,6e-05
2024-07-22,0.0020789451482358,-0.0022298951045217,0.0069754910880078,-0.0106177737374108,6e-05
2024-07-23,0.0067764058459957,0.0033121045394386,0.0015231343737881,-0.0011334616670678,6e-05
2024-07-24,-0.0113925563979027,-0.0007709676209134,-0.0035598515247633,0.0003033490757934,6e-05
2024-07-25,-0.0121441095177584,0.0013150060536657,-7.379505910075983e-05,0.0041993502564693,6e-05
2024-07-26,0.004437474090552,0.0025097386297262,0.0006398738778202,0.0059589915730117,6e-05
2024-07-29,0.0024128620590986,-0.0028941555934444,0.0044292633567978,0.0012439875455399,6e-05
2024-07-30,0.0019944356531128,0.0021592292064418,0.0014803033197279,-0.0068611465767689,6e-05
2024-07-31,0.0028580338854727,0.0008279771037948,0.002297421741291,0.0057207246213941,6e-05
2024-08-01,-0.0063802224942064,-0.0011841842362712,0.0001893719139233,-0.0038513588215296,6e-05
2024-08-02,0.001830283274449,-0.0055823823823287,0.010591705741372,0.0082705488936806,6e-05
2024-08-05,0.0023776522596881,-0.0008315494818831,0.0010967582572472,-0.0053096297212466,6e-05
2024-08-06,-0.0066891627622373,0.006970367757561,0.0049556238264391,0.0068492625101917,6e-05
2024-08-07,0.0165319706003028,-0.0053100746134571,-0.0015092663314888,0.005785658195298,6e-05
2024-08-08,0.004004496288206,0.0050412801126908,0.0003419933365383,0.0062855742510408,6e-05
2024-08-09,-0.0109817314748238,-0.0056649280907494,0.0008788893430916,0.0044217657962392,6e-05
2024-08-12,0.0056489824777044,-0.0064488310644709,-0.0074260396294394,-0.0030627378066779,6e-05
2024-08-13,-0.0090321350320458,1.7853145476508776e-05,0.0039005935809146,-0.0094927092234512,6e-05
2024-08-14,0.006823761433682,-0.003600061051565,0.0053964769879279,0.0035771386354878,6e-05
2024-08-15,0.0101673602110666,-0.0018044985534425,0.0057286273269525,0.0137486272952706,6e-05
2024-08-16,-0.0076461408651653,0.0003688763294794,0.0032960718572173,-0.0050827380292157,6e-05
2024-08-19,0.0084103851631988,-9.597088917728764e-05,0.0007032504212166,-0.0075518240927166,6e-05
2024-08-20,0.0034550283424284,-0.0093928811421115,-0.0007293991864372,0.0038203446281644,6e-05
2024-08-21,0.0071385414399504,-0.0029992480329006,0.0003395844568249,0.0041203574543144,6e-05
2024-08-22,0.0168111368438855,-0.0031317284665208,0.0048410784414366,-0.0015720474356635,6e-05
2024-08-23,-0.0024684930440258,-0.0017885623318682,0.0031394399682797,-0.0001523928851173,6e-05
2024-08-26,-0.0070436254792174,-0.0088110536456044,-0.0044471285941352,0.0077456730220871,6e-05
2024-08-27,-0.0082656298666297,0.0009699855580785,-0.0037068369239146,0.0010691935586091,6e-05
2024-08-28,-0.0076022925646889,-0.0096771184357788,0.0020005487710993,-0.0009035347029762,6e-05
2024-08-29,-0.0009539153847269,0.0020003986614354,-0.000588960606318,0.0001087285531103,6e-05
2024-08-30,0.0028103677733497,-0.0025280449607512,-0.0041518703525793,-0.0009026945409244,6e-05
2024-09-02,0.0022302171939701,-0.0017624514664064,-0.0077575534438237,-0.0116823380454832,6e-05
2024-09-03,0.0071846492413242,0.0031503067755837,0.0009688464917824,-0.0053672801782579,6e-05
2024-09-04,-0.0001429829730988,0.0043331159116102,-0.0007175518154336,0.0030002241383695,6e-05
2024-09-05,0.0128218066944158,-0.0001118990127106,0.0056509920851923,-0.0041482883735699,6e-05
2024-09-06,-0.0026419114991416,-0.0089730575650081,0.0049175849418836,0.018707248804633,6e-05
2024-09-09,0.0242215224993065,0.0037743372910868,0.0054578792028697,0.0088666629184448,6e-05
2024-09-10,0.005371006129885,0.0056794469298533,-0.0019110078302572,-0.0002405686395211,6e-05
2024-09-11,-0.0079744180077465,0.0062432576016088,-0.0016318321264269,-0.0036985161819961,6e-05
2024-09-12,-0.00989803248255,-0.0007466164198995,-0.000228329114684,-0.0152777658466292,6e-05
2024-09-13,0.0040822517371886,-0.0057589449716276,-0.0034817984838957,-0.0040038984297535,6e-05
2024-09-16,-0.0022711650679326,-0.0056083379603133,0.0024352648451051,-0.0023935690099465,6e-05
2024-09-17,0.0061660044468288,-0.0011216481058693,-0.0045417425270583,-0.0065154685199353,6e-05
2024-09-18,0.0039991386211619,-0.0019241911235229,0.0006014946308143,0.0072353763493054,6e-05
2024-09-19,-0.0009154602139118,0.0017115795005459,-0.0040481362845849,0.0068071202586466,6e-05
2024-09-20,-0.0078811434626156,-0.0004716004600592,-0.0032677187369925,-0.0040474020741166,6e-05
2024-09-23,-0.0138936250221727,-0.0026217715849079,0.0037804573253694,-0.0012304324075653,6e-05
2024-09-24,0.0037771261983244,-0.0034899665263513,-0.003096792810742,0.0067854006831482,6e-05
2024-09-25,0.0363499698580868,-0.0072253861305762,-0.0009234462265003,-0.0047810404399155,6e-05
2024-09-26,0.0202923436032551,0.0064673764911572,-0.0017242168081937,0.0031516461445784,6e-05
2024-09-27,-0.0162034694677997,0.0025244136206156,0.0051537641379055,-0.0009474425510481,6e-05
2024-09-30,0.0192695231462795,0.0042552447064974,0.0097478693214589,-0.0060150020738552,6e-05
2024-10-01,0.0245729344932209,0.0031485713611157,0.0010595274407942,-9.679047809374366e-05,6e-05
2024-10-02,-0.0071564359050283,0.0024249448748708,0.0038618808504781,-0.0061647309028475,6e-05
2024-10-03,0.0187831276486381,-0.0029597432612596,0.0063147531103738,0.0063464828251644,6e-05
2024-10-04,0.0163952179611499,0.0032102708483671,0.0009616087171046,-0.0122855876695267,6e-05
2024-10-07,-0.0136342574457655,0.0043911833120442,0.0073087342105339,0.0018553321407989,6e-05
2024-10-08,0.023884684008707,0.0024577330935516,-0.0001498331686772,0.0043622722856385,6e-05
2024-10-09,0.0289596131592058,-0.0002305294678345,0.0031403393041249,0.0019327985049463,6e-05
2024-10-10,0.0420162810793819,0.0055564923227103,0.0030680876284138,-0.005145634506979,6e-05
2024-10-11,0.0412850513008725,-0.009681703291681,-0.0075868940214634,-0.0015719112548823,6e-05
2024-10-14,-0.0195017341989272,0.0045252107550177,-0.0032834585496174,0.0091799658583274,6e-05
2024-10-15,-0.008505625997878,0.0002662642234333,0.0010898943749534,-0.0057621422586251,6e-05
2024-10-16,0.0061053879392952,0.0043214156823455,-0.0014562618263648,-0.0011343823384142,6e-05
2024-10-17,0.0060916454600342,0.000213607520551,0.0036425503321759,0.0071461850655983,6e-05
2024-10-18,0.0061055245493665,-0.0010907071253809,-0.0020367514306985,0.0031218349346668,6e-05
2024-10-21,0.0428200463972019,8.863749939129108e-05,-0.0098758103650559,-0.0058395819080054,6e-05
2024-10-22,0.0067197956176248,-0.0020389026238312,-0.0016592649603951,-2.1734040114001184e-05,6e-05
2024-10-23,0.0129312220419865,0.0019302943617314,0.0013497574165902,0.0036205050185728,6e-05
2024-10-24,0.0109340193984252,-0.0029824866462206,0.0046480401131375,0.0151908512886712,6e-05
2024-10-25,0.0076053037643637,0.001726284728022,-0.002790140915961,0.0009830960669881,6e-05
2024-10-28,-0.0030279616910438,-0.0002069317434432,0.0017995455396143,-0.0100915951073858,6e-05
2024-10-29,0.0087886614254259,0.0012491632634948,-0.0066155801951916,0.0025209950521097,6e-05
2024-10-30,-0.0080610773599132,0.0086064008239836,0.0007184569084345,0.0032322363967334,6e-05
2024-10-31,-0.00216500467414,-0.0017032432941043,-0.0025946794713534,-0.0055206687428057,6e-05
2024-11-01,-0.0048989990261201,-0.0013289844696557,0.0051681263770486,-0.0018663576508876,6e-05
2024-11-04,0.0013406155332495,-0.0002554211018027,0.0032282828452169,0.0021534456289627,6e-05
2024-11-05,0.0259012442334085,-0.001645352525635,-0.0036756491878967,-0.0027333580465807,6e-05
2024-11-06,-0.0200999171185092,-0.0132200464587837,-8.790816478631747e-05,-0.0080054160441087,6e-05
2024-11-07,0.0079888620941196,0.0044791737983579,-0.0009460191892337,-0.000461849565247,6e-05
2024-11-08,-0.0172998745830861,-0.0055251010898153,0.0070517367591144,0.0005392372801847,6e-05
2024-11-11,-0.0047512505236837,-0.0023107366547461,-0.0060915431919422,0.0073507808861212,6e-05
2024-11-12,0.012418456566641,0.0039491440199378,-0.003627996976451,0.0012720360374177,6e-05
2024-11-13,0.00114708021005,0.0047479201362848,0.005452831513763,0.0019844515200766,6e-05
2024-11-14,-0.0114151925572223,-0.0050316655396295,-0.0004799562558157,-0.0010998844584855,6e-05
2024-11-15,-0.0074283408018596,-0.0080167237302002,0.0041026280714642,0.0128207311077528,6e-05
2024-11-18,0.0079155752382814,0.0024106092050825,0.0009738691021059,0.0009882895255048,6e-05
2024-11-19,-0.0075940329488885,0.0078751500463131,-0.0013231104368388,0.0006898234463368,6e-05
2024-11-20,0.0028210444854017,0.003888351225009,0.00083323998351,-0.0049215830528106,6e-05
2024-11-21,0.0009412902389419,-0.0006171338214132,0.0115463219237563,-0.0008879918779452,6e-05
2024-11-22,-0.0067276038236639,-0.0001492377640906,0.0053728296231331,-0.0062570523173641,6e-05
2024-11-25,0.0240233849825785,-0.001308396387769,-0.0067403738889163,0.0029692219125497,6e-05
2024-11-26,0.0074131092454981,-0.0016498381389923,-0.0030336808125573,0.0027625029544764,6e-05
2024-11-27,-0.0218365684532336,0.0023316945931443,0.0092749568007696,-0.004262166123651,6e-05
2024-11-28,0.0024909974624637,0.0116057539031906,-0.0017877318929165,-0.0086061940036754,6e-05
2024-11-29,-0.0068396511124522,0.001782457159733,-0.0002851861376261,0.0015961990502176,6e-05
2024-12-02,0.0098167666827584,-0.001609215176651,0.0040661002202996,0.0100919468736416,6e-05
2024-12-03,-0.0082777281227597,0.0003737935756775,0.004877751687518,0.0038344586690088,6e-05
2024-12-04,-0.0008221008561358,-0.0019744302399586,0.0030265484384646,0.0025682489117697,6e-05
2024-12-05,0.005994860068785,0.0008531332760949,-0.0110585294082396,0.0118029028314544,6e-05
2024-12-06,0.0099633071358713,-0.0022250039685508,-0.0008446566849393,-0.0065470922809178,6e-05
2024-12-09,-0.0127632604776135,0.0048988416614021,-0.0015397437543224,6.007838307658072e-05,6e-05
2024-12-10,-0.0032395135942504,-0.0027218947082211,0.0021431106033522,-0.0027050740598804,6e-05
2024-12-11,-0.0047843984227705,0.000228350961972,0.0051422219929592,-0.0034465027637057,6e-05
2024-12-12,-0.0067466215583108,-0.0037946401129387,0.0001412714287387,-0.0099143612035832,6e-05
2024-12-13,0.019859996643092,-0.0066760132054311,0.0071235899539378,-0.0071823697163189,6e-05
2024-12-16,0.0048947988205705,0.0073649351821768,0.0049804798673888,-0.0054544218856161,6e-05
2024-12-17,-0.0134297234976854,-0.0008391399283532,0.0045077914944786,0.0088390687961773,6e-05
2024-12-18,0.0105364814176025,-0.0099499381494222,-0.0030613303703114,-0.0051194845379496,6e-05
2024-12-19,0.0237837181671389,3.925572414803287e-05,0.0089103855778049,-0.0024703980356149,6e-05
2024-12-20,0.0117971178660626,-0.004282899135077,0.0056348821453729,-0.004985411358435,6e-05
2024-12-23,-0.0162730696254941,0.0022788234109141,0.0004114392070561,-2.9566041297262235e-05,6e-05
2024-12-24,-0.0048865748015287,-0.003625381141402,0.0043813064018825,0.0052149347414899,6e-05
2024-12-25,0.0143760226410528,-0.0068545887146622,0.0056906781677439,0.0066743994691364,6e-05
2024-12-26,-0.0073443641218065,-0.0037014297434196,0.0030510801620535,-0.0079513511485901,6e-05
2024-12-27,0.0053220137096085,0.0019167454798431,-0.0060491879861969,0.0065241720835378,6e-05
2024-12-30,0.0089609745877227,0.0036439871914189,-0.0112223414784159,-0.0039533473556839,6e-05
2024-12-31,-0.0097562351873589,0.0032353501557361,0.001207667840023,0.0095263316636414,6e-05
2025-01-01,-5.525356061800088e-05,-0.0030701803209178,0.0055796839862495,-0.0136120055781488,6e-05
2025-01-02,-0.0318726734006907,0.0098586660261127,-0.002828226384077,-0.0091504368569122,6e-05
2025-01-03,-0.0097038764133428,0.0067449419923722,-9.598588151665264e-05,0.0031556613456605,6e-05
2025-01-06,-0.0019856815139316,0.0007795744867923,-0.0014918886460502,-0.0102212401017477,6e-05
2025-01-07,-0.0119378318196484,0.0009982521376421,0.0017552797537965,0.0021563325976084,6e-05
2025-01-08,0.0168641130393163,-0.009837712427069,0.0075048571218805,-0.0015362856460898,6e-05
2025-01-09,-0.0137614137796063,0.0034770698892258,0.0049876761713791,0.0001976673210687,6e-05
2025-01-10,-0.0038604448669698,-0.002395108409046,0.0006459806919678,0.0036951421307653,6e-05
2025-01-13,0.0018474057728609,-0.0098013229337268,-0.0042610650713528,-0.0066043262177755,6e-05
2025-01-14,0.0149527328906611,0.0043294006333038,3.244861542687843e-05,0.0080230733825372,6e-05
2025-01-15,-0.0138186215117943,0.0068106359185811,-0.0017198946504884,0.010193073383226,6e-05
2025-01-16,0.0121716375215495,-0.0087096802894873,-0.0019655298060596,-0.0030450245524917,6e-05
2025-01-17,0.0006423306101958,0.0006449870554072,-0.0004985200073907,-0.0047014580883506,6e-05
2025-01-20,-0.0092750865104795,0.0075905679209664,0.0016847947803555,0.0097235957878882,6e-05
2025-01-21,0.0051610347426327,0.0087057896243222,0.0012895467942034,0.0012594913022419,6e-05
2025-01-22,0.0025305969557347,0.0066571934924894,-0.0013195287308526,0.004939074410426,6e-05
2025-01-23,-0.0054621687715879,0.0054198939454999,-0.0043469818951141,-6.757943114880417e-05,6e-05
2025-01-24,0.0012380208499001,0.0011671269034921,-0.0001487661935758,0.0168388004545845,6e-05
2025-01-27,-0.0033131359686176,-0.0040133389722896,0.0026098732583849,0.0040928701470663,6e-05
2025-01-28,0.0016751734525124,-0.0042108590293539,0.0031498248883032,-0.0071689662398139,6e-05
2025-01-29,0.0071613067452104,0.0002812210123474,0.0038921986144978,-0.0040770095040487,6e-05
2025-01-30,0.0164001681614535,-0.0049411954851341,0.0058394429107035,-0.0004818142018171,6e-05
2025-01-31,-0.0118381549882684,0.0059368802264113,0.002874006304936,-0.0021073249328982,6e-05
2025-02-03,0.0218703337465626,-0.0055630540982434,0.01120880982087,-0.0138064795143351,6e-05
2025-02-04,-0.018980877995225,-0.0011239271851772,0.0013297197344693,0.0074596128819892,6e-05
2025-02-05,-0.0009778509503558,0.0032164826972589,-0.0036221132703321,0.0041928812254055,6e-05
2025-02-06,0.0064231720648457,-0.000261970097138,-0.0042706530013794,0.0049027537191756,6e-05
2025-02-07,0.0033499186773503,0.001215212271163,0.0003679309044574,0.0017132795906382,6e-05
2025-02-10,-0.0056869951982059,0.0002686198924689,0.0041942867335324,0.0093918427063475,6e-05
2025-02-11,-0.0015412225035727,0.0031677785137349,0.0063000297521795,0.0096713290230269,6e-05
2025-02-12,-0.0043900093465883,0.0009520649608917,0.0042365686140066,0.0092917158439026,6e-05
2025-02-13,-0.0053536475694421,-0.0079271647815349,0.0016337896861019,0.0051006171652242,6e-05
2025-02-14,0.0090360209702102,-0.0016863015184436,0.004175571370614,0.0003159857259269,6e-05
2025-02-17,0.0041101548596504,-0.0045031485386132,-0.000821638248317,0.0033142030391289,6e-05
2025-02-18,-0.0063890959526065,-0.0043339603748087,0.0025052921929003,-0.0036236920892767,6e-05
2025-02-19,0.0095359987543325,-0.0098446046010418,0.0032027141060183,0.0048165070600001,6e-05
2025-02-20,0.003612995208766,-0.0041353837479303,0.0043744849089959,-0.0065493815320026,6e-05
2025-02-21,0.0086686211883896,0.0114343062547957,0.0002501074289864,0.0040612459481326,6e-05
2025-02-24,0.0068362884192361,0.0006586253587241,0.0043352148271701,0.0064570423530482,6e-05
2025-02-25,-0.0077499501092207,0.0060852634619809,-0.0048216865398537,0.0048720046479917,6e-05
2025-02-26,-0.0050618104019696,0.0095911827580697,0.0060541406781751,0.0043682526866897,6e-05
2025-02-27,0.0080129360512326,0.0025443717153808,-0.0100733275379639,0.0052143498525643,6e-05
2025-02-28,0.0066437026543346,0.0026875858085419,-9.741870193983644e-06,0.0125653649800367,6e-05
2025-03-03,0.0003309840603585,0.0045086569254421,-0.0036893607996811,-0.0005861277132223,6e-05
2025-03-04,0.0017132738330878,0.0001760964045233,0.0024500249204323,0.0040018445371742,6e-05
2025-03-05,0.0133166489578842,-0.004348972146391,-0.0025992854002752,0.0010920426168739,6e-05
2025-03-06,-0.0053757138883583,-0.0085997870912194,-0.0082150066912595,-0.0019550464379616,6e-05
2025-03-07,0.0060109738117003,-0.0019957310341576,-0.0010487514321596,0.018612299032782,6e-05
2025-03-10,-0.0014819265243389,0.0083016057401412,0.0040078383724285,-0.0074942884676726,6e-05
2025-03-11,-0.0016368120322722,-0.0027880560093868,0.005027654506767,-0.0041107073215112,6e-05
2025-03-12,0.0115277685198719,0.0023854514856861,0.000952033954034,0.0033815476990404,6e-05
2025-03-13,0.0087941634898802,0.0058670404611153,-0.0015650655715253,-0.0003512351854147,6e-05
2025-03-14,0.0086750963600063,0.0072459171553475,0.0041660941854741,-0.0102942074266123,6e-05
2025-03-17,0.0135947880715432,0.0077789106615459,-0.008379408108048,0.0024494259086995,6e-05
2025-03-18,0.0007500384163275,-0.0031596911473483,0.0034355798161251,-0.0010805539639067,6e-05
2025-03-19,0.0073595297129496,0.0030853056850421,-0.0012579763804274,0.0093565180033543,6e-05
2025-03-20,-0.0025626675659345,-0.0096640181859734,-0.0004875314043735,-0.0095097099908231,6e-05
2025-03-21,0.0037816635248844,-0.0059466285464054,0.0020268612924048,-0.0058579376402735,6e-05
2025-03-24,-0.0007614305436768,-0.0018689002906486,-0.0043915637269051,9.899615511327236e-05,6e-05
2025-03-25,0.0015099596499271,0.0012618498930652,0.0008444863747127,0.0028234535180993,6e-05
2025-03-26,0.0064915702543691,-0.0131072307506962,0.0074413730432272,0.0159991930764637,6e-05
2025-03-27,-0.0076422068323347,-0.0044724217656639,0.0026985902791763,0.0027108458183393,6e-05
2025-03-28,0.0214638727568546,-0.0014445356168227,-0.0026741057244615,-0.0049319013663718,6e-05
2025-03-31,-0.009520173814997,0.0031134117792302,0.0089435758790484,-0.0030543291577468,6e-05
2025-04-01,-0.0116018861278773,0.0001215100745928,-0.0009114340060148,0.0045001373944374,6e-05
2025-04-02,0.0121211087350006,-0.0004276089993084,0.0068355586786756,0.0013423988347199,6e-05
2025-04-03,0.0084566269396293,-0.0023929576085205,0.0008819600617681,-0.0042209325155841,6e-05
2025-04-04,0.0067811981705215,-0.0112124963041901,-0.0057435185769899,0.004184099237248,6e-05
2025-04-07,0.0068234550926427,0.0018423049934507,-0.0037290769122452,-0.0015619822829508,6e-05
2025-04-08,0.0004175322715308,0.0027869369145453,-0.0012605723282724,-0.0016259776653739,6e-05
2025-04-09,-0.0084325437148583,0.001812840746269,-0.0013191271976549,0.0049098167844169,6e-05
2025-04-10,0.0012980455819372,-0.0001561127307728,-0.0025091057656542,-0.0049571110076446,6e-05
2025-04-11,-0.0062316171151211,0.0071523546608517,0.0011610865583494,-0.0022389929520299,6e-05
2025-04-14,0.0102911973341775,0.0006383787830315,0.0054439342458499,0.0037503677694426,6e-05
2025-04-15,-0.0009305738150213,0.0081842364933027,0.0008333411941118,0.0025214067044344,6e-05
2025-04-16,-0.0077149719679251,0.0043653619560259,0.0045747145334294,-0.0064956435554071,6e-05
2025-04-17,-0.0026738584165299,0.0041852441513839,-0.0051797439530212,0.0020007936989129,6e-05
2025-04-18,0.0046693145427562,0.0060314472272661,-0.0009347197110713,-0.0027522632457008,6e-05
2025-04-21,-0.0050972455280397,0.0010201998102586,-0.0054090566495168,0.0001328389662029,6e-05
2025-04-22,-0.0076822039556643,0.0023202281288446,-0.0003163597691584,0.0054918622156552,6e-05
2025-04-23,0.0029768721149191,0.0025598508857056,0.0068059644776329,-0.0006192633417909,6e-05
2025-04-24,0.0029896657110872,0.0014625940752308,-0.0046494871706294,0.0092811989307749,6e-05
2025-04-25,-0.0045294317537112,0.0047124816061123,0.0045355289571966,-0.0010200225912997,6e-05
2025-04-28,-0.0041703830561832,0.0041289678393869,0.0001080500867988,0.0044293092577255,6e-05
2025-04-29,0.0028604993735763,-0.0045795100563134,0.0018217050583303,-0.001022604885151,6e-05
2025-04-30,-0.0139408434149732,0.0042966624810571,-0.0038737884288367,0.0053116117552903,6e-05
2025-05-01,-0.0135346377437655,-0.0027051803850975,-0.0032537822749768,0.0045816469792667,6e-05
2025-05-02,-0.0066444422125243,-0.0046016647687844,-0.0001255445742421,0.0051192927218984,6e-05
2025-05-05,-0.0015944715171184,-0.0026584899848236,-8.771188404666004e-05,-0.0203488570149688,6e-05
2025-05-06,0.00364907565598,-0.006113899522763,-0.0049575860639065,-0.0007488422789905,6e-05
2025-05-07,0.0152935621694955,0.0140228052046603,0.0014576207047923,-0.0020550663972309,6e-05
2025-05-08,0.0091165962320201,0.0017738938038386,-0.0001397555980933,0.0016414331450957,6e-05
2025-05-09,-0.0010593852996342,-0.0050606889301603,-0.0003329993086466,-0.0036122425626363,6e-05
2025-05-12,0.0003498379209731,-0.0010836396739735,-0.0020543030231701,-0.0077571919990238,6e-05
2025-05-13,-0.009485293646378,0.005028131517573,-0.0008745076210307,-0.0004221564056706,6e-05
2025-05-14,0.0003548686400761,0.0062993410791721,-0.0013416740026031,0.0072959577587291,6e-05
2025-05-15,-0.0023465863892013,-0.0090533284284218,-0.0004338357105374,-0.0021235592138134,6e-05
2025-05-16,0.0037671856033808,-0.0038736133437802,0.0004674046417734,0.0018091098777529,6e-05
2025-05-19,-0.0077323094355232,-0.0034109589179326,-0.0008863042486287,0.0030478533722016,6e-05
2025-05-20,0.0057334651424117,0.0045728357962033,-0.0036721995700399,0.0092866956757032,6e-05
2025-05-21,0.0158673891300257,-0.0007540474220513,0.0022031830772283,0.0068516792135407,6e-05
2025-05-22,-0.0005476014845685,-0.0024037804080698,-0.0104772195886836,0.0047302420040382,6e-05
2025-05-23,0.0045571172209894,0.009757161328211,0.0006002334330606,0.003123907071307,6e-05
2025-05-26,0.0074414399171111,0.0035927318248756,-0.0043794763570582,-0.0014564683690204,6e-05
2025-05-27,-0.0034722047188583,0.0011422064951508,0.0027332506640191,-0.0052094997206673,6e-05
2025-05-28,0.0027809248181041,-0.0007380125183385,0.0004597095705945,-0.000144933959913,6e-05
2025-05-29,0.0006659240078179,-0.0022615007648868,-0.0019102180028588,-0.0030146642010739,6e-05
2025-05-30,0.0015167609854883,0.0046747644221714,-0.002072668014274,0.000485514387299,6e-05
2025-06-02,-0.0071900978385546,-0.0002233494781842,-0.0023642163201217,-0.0081782687803725,6e-05
2025-06-03,0.0007851017425894,-0.0019471116136548,0.0020765818534864,0.00518303200426,6e-05
2025-06-04,0.0055199829124544,0.000265169329749,0.008568491850608,0.0037635567668759,6e-05
2025-06-05,0.0150514360779504,0.0057154277291951,-0.0015851800953742,-0.0033684453457822,6e-05
2025-06-06,0.010132708260852,-0.0001558578118244,0.0020680215134844,0.0032836211635016,6e-05
2025-06-09,0.0220718245751155,0.0092264378402355,0.0003760972371804,0.0010517300111319,6e-05
2025-06-10,-0.0071334756288804,0.0025805931065265,-0.0007232327920643,-0.0008029311406072,6e-05
2025-06-11,0.0092632063672067,-0.0106403130595337,0.0019132121090579,-0.0125248279487279,6e-05
2025-06-12,0.0023734200573835,-0.0078263471830297,-0.008272638855413,0.0045205004904726,6e-05
2025-06-13,0.0224380293321767,-0.0070445709280492,0.000897601781419,0.0076840395293862,6e-05
2025-06-16,-0.0075429828535515,0.0018509617827131,9.4365250575588e-06,0.0061213919514216,6e-05
2025-06-17,-0.0078572184218077,0.0017826715071465,0.0019963330553929,0.0017992845266533,6e-05
2025-06-18,-0.0054539264544402,-0.000608761670384,-0.0032752970825859,0.0023753008251702,6e-05
2025-06-19,-0.020698957243098,5.9456470699079954e-05,0.0002992839544814,0.003424769130429,6e-05
2025-06-20,-0.0047175502168076,-0.0007086611957375,0.001639898379532,-0.0117946789724972,6e-05
2025-06-23,-0.0070513266155369,0.0013007596097758,-0.0035310225423004,0.0026042592396493,6e-05
2025-06-24,0.002043937864762,0.0017938060279404,0.0007404180608926,-0.001746021502951,6e-05
2025-06-25,0.0039575597577715,0.0018158553418462,0.0014362211624279,0.0090156882111829,6e-05
2025-06-26,0.0193017083921588,-0.0005484081386639,5.608878091033513e-05,-0.0027454256526023,6e-05
2025-06-27,0.0100442383818605,0.0061727032173521,-0.001143966070967,0.0038819935095586,6e-05
2025-06-30,-0.005229036556624,0.0083300765755691,-0.0033693784064197,0.0015295848873954,6e-05
2025-07-01,-0.0084441467134835,0.0027945281736274,0.0061654909214763,-0.0070596298930627,6e-05
2025-07-02,0.005459191715065,0.0049562943753296,0.0033601364981024,0.0061840951890793,6e-05
2025-07-03,-0.0126623320702064,-0.0004014433406319,-0.0036297197873436,-0.0040965918070244,6e-05
2025-07-04,0.0188545876585435,0.0011730106450968,-0.0004610638728976,-0.0004187288265129,6e-05
2025-07-07,0.0123344012072128,0.0056168167714535,-0.0046412159935407,-0.0049762580758432,6e-05
2025-07-08,-0.004151756521047,0.0049989910142703,-0.0027938332192206,-0.0097230058153385,6e-05
2025-07-09,-0.0165913452909087,-0.0050177848961933,-0.0016553024434142,0.0043070391345072,6e-05
2025-07-10,0.0140787237416541,-0.0017889091769253,0.0032919218852143,0.0066918542664175,6e-05
2025-07-11,-0.0006053984525261,-0.0050869353078247,-0.0025317782538865,0.012755038835465,6e-05
2025-07-14,0.0129181631197346,0.0020354656102782,-0.002445743377416,-0.0024407310242904,6e-05
2025-07-15,-0.0154042765879436,0.0013093016647386,0.0013442927106011,-0.0098042015003808,6e-05
2025-07-16,-0.0054537502295377,0.0073593244488686,-0.0020589408517699,-0.0058780694242339,6e-05
2025-07-17,0.0005924369971818,-0.0039322059463145,0.0042063292726762,-0.0075067805457383,6e-05
2025-07-18,0.0010098059376474,0.0054058993197333,-0.0032781797115022,0.0033799005880897,6e-05
2025-07-21,-0.0039606547147924,-0.0072094101433541,0.00126948248639,0.0021037167608629,6e-05
2025-07-22,0.0067684993234749,-8.885107640015962e-05,-0.002465588510758,-0.0054201834234787,6e-05
2025-07-23,-0.0101362042938259,0.0011417079932466,0.0012376521681982,0.0077803920205953,6e-05
2025-07-24,-0.0008837948502129,0.0033694238168337,0.0025859830880538,-0.0045824580681853,6e-05
2025-07-25,0.0017429563171189,0.000760066104472,-0.0024915948628437,0.0010558894440237,6e-05
2025-07-28,0.0056843883405874,0.0005003052268507,0.0013480133080872,-0.0056292231525222,6e-05
2025-07-29,0.0076561487808888,0.0033235103964114,-0.0075548964303618,-0.0076088053661243,6e-05
2025-07-30,-0.0107064209183786,-0.0001760396862632,0.000942292504305,-0.000249453351783,6e-05
2025-07-31,-0.0148011417073562,0.0010717067196214,0.0054935626745552,0.0042359956816213,6e-05
2025-08-01,0.013316768218985,-0.0086978532906602,-0.0003525922968685,3.43846453750411e-05,6e-05
2025-08-04,0.0038631401197959,-0.0020521137202347,0.0032706884366462,-0.002825178263002,6e-05
2025-08-05,-0.0069448653655655,0.0030503870384876,-0.0032752824501014,0.0036324312789759,6e-05
2025-08-06,0.0160515197552252,-0.0022744045140256,0.003760148049867,-0.0038495357475114,6e-05
2025-08-07,0.0016967463429285,0.0089670540202227,-0.0062594163967933,0.0034131586400352,6e-05
2025-08-08,0.0123329718406382,-0.0038036366097578,0.0042325902695368,0.0073456510234542,6e-05
2025-08-11,0.001215184814101,0.0038618353645603,0.0025047011698583,-0.0065526043254083,6e-05
2025-08-12,0.0211474792488198,-0.0041266403172783,0.0063526412952883,0.0049771713320546,6e-05
2025-08-13,0.018093408424432,0.0084487614677486,0.0019200537916287,0.008765599579997,6e-05
2025-08-14,-0.0019496414847907,0.0030083582082504,-0.0009256198833653,-0.0069195708919338,6e-05
2025-08-15,0.0102557095095435,6.349230976497221e-05,-0.00106070475276,-0.0019095446402102,6e-05
2025-08-18,0.0069937594958514,-0.0002983262570194,0.0030536857618995,0.0025221683676478,6e-05
2025-08-19,0.0142263155753234,-0.0088989206287728,-0.0081986583451073,-0.0040340007053074,6e-05
2025-08-20,-0.009109234605801,-0.0040441738180864,0.0033265113239744,0.0038711962912157,6e-05
2025-08-21,0.0074005145999843,-0.0014168858739531,-0.0033903504943012,-0.0150772578452474,6e-05
2025-08-22,0.0111242448684958,0.0060150346354089,0.0001745498792359,-0.0043383359785574,6e-05
2025-08-25,-0.0170473948642311,0.0066585036463688,-0.0011493621259604,0.0041816192030518,6e-05
2025-08-26,-0.0112925851266577,0.0007483645485124,-0.000812695131071,0.0041107954446768,6e-05
2025-08-27,-0.019852321777601,-0.0005585297061485,-0.0032771391752829,-0.0029186855532919,6e-05
2025-08-28,-0.0021540683444455,-0.0069054006491881,0.0009850300376643,-0.0021461624056413,6e-05
2025-08-29,0.0077154225579596,0.0009646481716806,0.0006848253153318,0.0086221102446292,6e-05
2025-09-01,0.0155635705209602,0.0037008375244021,-0.0038390130107743,0.0086468356524814,6e-05
2025-09-02,0.0012809478041977,0.003294709167796,-0.0010442488212056,-0.0007894046587536,6e-05
2025-09-03,0.0168261554557129,0.0062795871858423,-0.0044888325684664,0.0030837297203635,6e-05
2025-09-04,-0.0132610145821489,-0.0102488947721213,0.0021895597257938,-0.0047607923627378,6e-05
2025-09-05,-0.0164938243935515,-0.0043966732020496,-0.003238250086518,0.0021537648494313,6e-05
2025-09-08,-1.547698896618781e-05,0.01111510337246,0.0036635473930981,0.0063229651208283,6e-05
2025-09-09,0.004380654489393,0.0076923094594867,-0.0029338632098059,-0.0047090480768639,6e-05
2025-09-10,0.000213052519059,-0.0008313204715124,0.0016411597305496,-0.0035770743573289,6e-05
2025-09-11,-0.0201344210003987,-8.780375150487547e-05,-0.003195371540977,-0.0075103106799247,6e-05
2025-09-12,-0.0003512003951278,0.0033676263083678,0.0037767004506363,-0.0128130800573359,6e-05
2025-09-15,-0.0125046950050485,-0.0028880268760168,0.0025143460356676,-0.0061434363509067,6e-05
2025-09-16,0.0072367254883003,0.0058393047894844,0.0002737120549629,0.0114204339155411,6e-05
2025-09-17,0.0042059824609684,-0.0011989177992544,0.000262919024233,-0.0096104135801267,6e-05
2025-09-18,-0.0088587978632735,0.0035943635942056,0.0072308751764108,0.0025337522347627,6e-05
2025-09-19,-0.0045986691733669,-0.011433318791048,0.0043573716147948,-0.0008634189812738,6e-05
2025-09-22,-0.0100521352188895,-4.9170120089522384e-05,0.002582583564004,0.0036851485386822,6e-05
2025-09-23,-8.67909727317188e-05,0.0053110312372845,-0.0079591909369595,0.0019764758509893,6e-05
2025-09-24,0.0100914232050123,4.695423124098957e-05,0.0060673643833783,-0.0071217020727695,6e-05
2025-09-25,-0.0093172604633554,-0.0050564189279279,0.0061610252293888,0.0021563103591696,6e-05
2025-09-26,0.0055804651551784,-0.0018871040751887,-0.0002523949980207,-0.0032376788620102,6e-05
2025-09-29,-0.0047625761837244,0.0044817559882095,0.0006365699043386,-0.002474674450335,6e-05
2025-09-30,-0.0073887283226234,-0.0092596402794191,-0.001574681789211,0.0104850942534249,6e-05
2025-10-01,-0.0005303035995455,-0.0026402703244647,-0.0002045668242903,-0.0053196849696311,6e-05
2025-10-02,-0.0098124232241937,0.0020679008068153,-0.0044696805082877,0.0087567877308794,6e-05
2025-10-03,-0.0049964930534718,-0.0023924573438915,0.0053614179678491,0.0009953007815903,6e-05
2025-10-06,-0.0114387789258884,0.0017645895996461,-0.0066808559953775,0.0031292221745576,6e-05
2025-10-07,0.0201872513291638,-0.004499202205266,-0.0001641345382923,-0.0040375243965561,6e-05
2025-10-08,0.0008926355197172,0.0046929562149771,0.0054789643557411,0.0122452397492248,6e-05
2025-10-09,-0.0064572550799258,-0.0010778832227334,-0.0059367932307092,-0.0009495632672393,6e-05
2025-10-10,0.0026797991073422,-0.0036982065833524,0.0037224302773216,0.0014687003434777,6e-05
2025-10-13,-0.0005832804969082,0.0037624092905212,1.2690566705151382e-05,0.0061365026432026,6e-05
2025-10-14,-0.0016696959953322,0.0011483077589582,0.0029174069877608,0.0001789430745775,6e-05
2025-10-15,0.0066816670004342,-0.0049268370873645,-0.0048872775764805,0.0114876073771555,6e-05
2025-10-16,0.008115077100473,-0.0034929205802732,-0.0001735401010513,0.000344037256295,6e-05
2025-10-17,-0.0047650114761052,-0.0020253274028075,0.0030149990366844,0.0028437718551356,6e-05
2025-10-20,-0.0052181824064468,-0.0040148903690758,0.0018171745507175,0.0030345096259073,6e-05
2025-10-21,-0.0022105169715164,0.0026414713215812,0.0049467207806683,-0.0067117818109386,6e-05
2025-10-22,-0.0224792116473558,0.0040808675674309,0.0039978039874966,0.0171589833433773,6e-05
2025-10-23,-0.0146119106219855,0.0069545452843803,-0.0003172697113266,0.014495380551449,6e-05
2025-10-24,0.0142087426744452,0.0021558939182324,-0.0003938194366925,-0.0017094754567438,6e-05
2025-10-27,0.0169896771350128,-0.0030662433141582,0.008016191500792,-0.0005641280523581,6e-05
2025-10-28,-0.0019503603955637,-0.002664235626886,0.0057310194244007,-0.0037257842615856,6e-05
2025-10-29,0.0063055696305576,-0.0025281433369181,-0.0021128931249219,0.0017888179402858,6e-05
2025-10-30,0.0036525015454353,0.0038417802625098,0.0010067170533866,0.0015753011141755,6e-05
2025-10-31,0.0313288080845523,0.0073398838572557,-0.002342714765036,0.0064353989324561,6e-05
2025-11-03,0.0117357491143457,0.002211788560579,0.0024206444126139,-0.0073714771096438,6e-05
2025-11-04,-0.0007391759148076,4.9510466622138815e-05,0.0038864727696872,0.0058320983638057,6e-05
2025-11-05,-0.0090154044060042,0.0028502914037448,0.002842959547194,-0.0025820972205047,6e-05
2025-11-06,-0.0155244632025757,0.0030060148323206,0.0061795344876718,-0.0136117102116349,6e-05
2025-11-07,0.0025746363586722,-0.0030258508003013,0.0102311541489296,0.0009621222712563,6e-05
2025-11-10,-0.007023507452843,0.000222369079506,-0.0035850838676967,0.0026655814404927,6e-05
2025-11-11,-0.0136825370959767,-0.0025630571840592,0.0028949620388702,-0.0037858442592537,6e-05
2025-11-12,-0.0059257288424252,-0.0046299821920772,-0.0013636814550329,0.0004667761718343,6e-05
2025-11-13,-0.0102754800361439,-0.0024819572132888,0.00071955467557,0.0046867080978058,6e-05
2025-11-14,0.0174114163507256,0.001820751607385,0.0085868902188433,-0.0001001738807677,6e-05
2025-11-17,0.0093563975694945,-0.0015500014502683,0.005695457008324,-0.0136339178614933,6e-05
2025-11-18,0.0004602735868338,0.0016750570449329,0.0012841364841751,0.0049171047960366,6e-05
2025-11-19,0.0153394413889002,-0.0013460567137003,-0.0023718080150128,-0.0019956595066537,6e-05
2025-11-20,0.0013136830764761,0.0035275398073748,0.0013037174312557,-0.0019778692646537,6e-05
2025-11-21,-0.0080728420132826,-0.0055115452562859,0.0048457309808864,0.0061332487749628,6e-05
2025-11-24,0.0157712407726965,-0.0033178968419599,-0.0005734063390531,-0.0070848092740999,6e-05
2025-11-25,0.0059291004368465,-0.0049595963339832,-0.0012182537535331,0.0146375581048237,6e-05
2025-11-26,-0.0098324615432645,0.0012101386642274,-0.0049305206499839,-0.0007691266888192,6e-05
2025-11-27,-0.001363386780836,-0.0034377933691655,-0.0019092024153353,-0.0057696702084464,6e-05
2025-11-28,-0.0082161825338475,0.006216039596211,-0.0024856568112223,-0.0041313836191897,6e-05
2025-12-01,-0.0132879973096433,-0.0066605573103229,-0.0022534449364041,-0.0005079484801083,6e-05
2025-12-02,0.0098017754753164,-0.0005791013896839,0.0030889487759869,0.0042562467509633,6e-05
2025-12-03,0.0196341664047013,-0.0088006792199175,0.0027647928512391,0.0002293427677037,6e-05
2025-12-04,-0.0134456757381914,-0.0004074192357377,0.0025806890529104,-0.0001930950043463,6e-05
2025-12-05,0.0061696923669057,-0.0001306821632881,-0.0029476060262082,-0.0010066720492813,6e-05
2025-12-08,-0.0059664256912182,0.0029418032852111,-0.0005790799213897,-0.0029089085042897,6e-05
2025-12-09,-0.0043312538376469,-0.0014994378323022,0.0018647914862966,0.0018672001636404,6e-05
2025-12-10,-0.0053839392423886,0.0054621875072362,0.0032494477142665,0.0011386855829585,6e-05
2025-12-11,-0.0080999076967981,-0.0063933117611365,-0.0012535862325744,0.0081445627214994,6e-05
2025-12-12,0.0010252162794482,-0.0002377035183164,1.7638429895767743e-06,0.0042897241010765,6e-05
2025-12-15,-0.0077695011641103,0.0021781110945621,-0.0018241143999756,0.0049186789004925,6e-05
2025-12-16,0.0032445682577983,-0.0047158718244484,-0.0053376788376141,0.0018025759282305,6e-05
2025-12-17,3.761890550863037e-05,-0.0007497501270996,0.0007395011669432,-0.0006273708473275,6e-05
2025-12-18,-0.001849480468664,-0.0045459291140252,-0.0011578228370486,-0.0086462738053077,6e-05
2025-12-19,-0.0085356366204159,-0.0034128719029057,-0.0012081779984798,0.0052346608495913,6e-05
2025-12-22,-0.0052277133056833,0.0020611877502196,-0.0013187358934794,-0.0003613138051698,6e-05
2025-12-23,0.0080939122582575,0.0029031434711437,-0.0022255710482413,0.0044229826743185,6e-05
2025-12-24,0.0055491718762438,-0.0141337562463134,-0.002419736937365,-0.004500648803428,6e-05
2025-12-25,-0.0092355524479855,0.0072858027189129,0.0034321308554901,0.0026581343353318,6e-05
2025-12-26,0.0015333230542922,-0.0008705284654943,-0.0020810917391061,0.0029105717709801,6e-05
2025-12-29,0.0080538712337178,0.0028283339630767,0.0021548563028784,-0.0113577680041458,6e-05
2025-12-30,-0.0161540528112137,0.0062193846734287,0.0025375503607382,0.011762058728744,6e-05
2025-12-31,0.0059736019237993,0.0010584400519221,-0.0068014064019911,0.0105067297951884,6e-05
2026-01-01,-0.0057236138305126,0.0011745853646646,-0.0020213072310996,0.0077518221951052,6e-05
2026-01-02,0.0053753880173384,0.0069446073547609,-0.0039386248863,-0.0031653263259055,6e-05
2026-01-05,-0.0066293324088826,0.0011256082384079,0.003525345240759,0.0075963943613203,6e-05
2026-01-06,-0.0160039389059806,0.0055353068024906,-0.0015211272701356,0.0028803600432965,6e-05
2026-01-07,-0.0144078819409484,0.0022460497335716,-0.0100449416444939,-0.0017120901369523,6e-05
2026-01-08,0.0006727645199524,0.0039712731079963,0.0017284342251771,0.0008030389131113,6e-05
2026-01-09,0.0025775025154933,0.0001380463394308,-0.0069689013435098,0.0068149400299681,6e-05
2026-01-12,-0.0078988496259396,-0.0019113393486431,0.0016135897414724,-0.0068658515778601,6e-05
2026-01-13,0.0059873321289963,0.0072759639993302,-9.186504883238754e-05,0.0030649570557377,6e-05
2026-01-14,-0.0147136805604206,0.0085014599148502,-0.0021276218561283,0.0010841419624971,6e-05
2026-01-15,-0.0003547181878258,0.0028439828865379,5.942671504019338e-05,0.003428922354563,6e-05
2026-01-16,-0.0106591457978621,0.0022834476431731,0.0036313151619596,-0.0059751373691606,6e-05
2026-01-19,-0.0056265249702194,-0.0033502386362684,0.0031452430912794,0.0005276648948386,6e-05
2026-01-20,0.0006665880418477,-0.001988498571739,0.0017748553623479,-0.0041355851458391,6e-05
2026-01-21,-0.0075037202875555,0.0029538887505085,0.0026184596788709,0.0001941585571454,6e-05
2026-01-22,-0.0032209998980684,-0.0019030474148833,0.0012796407603585,-0.00082883313447,6e-05
2026-01-23,0.0092966352829299,-0.0044419375180212,0.0001406073041498,-0.0042144795657467,6e-05
2026-01-26,-0.0049520268257083,-0.0036113973603561,-0.0007042405145287,-0.0036447992829775,6e-05
2026-01-27,0.0077612290085862,-0.0077319562779333,0.0029334939576654,-0.0100616899495301,6e-05
2026-01-28,-0.0099273616919185,-0.0110849115381975,-3.562407967143308e-06,0.0023332667640931,6e-05
2026-01-29,0.0050082376012375,0.0073592586882565,0.0013765213272648,0.0140540321400936,6e-05
2026-01-30,0.0132141175859211,0.0056480138562762,-0.0042693628956936,0.0068005254097986,6e-05
2026-02-02,-0.0220048005011456,0.0033379905791063,0.0019086996757166,0.0049370852349781,6e-05
2026-02-03,-0.0069320572992342,-0.0078494733497594,-0.0054543386590241,-0.0101287246153915,6e-05
2026-02-04,0.0054336491446248,-0.0045741172904838,0.0005878391797521,0.0007790860168523,6e-05
2026-02-05,-0.0015874084743869,0.0114307348083193,-0.0057831687918566,-0.0007861971126619,6e-05
2026-02-06,0.0035803128603417,-0.007549324476839,0.0030251624463336,0.0023524010537282,6e-05
2026-02-09,-0.0051958666804423,-0.005156691777272,0.0001392216130147,-0.0001306011441952,6e-05
2026-02-10,0.001019308087256,0.0005014610509064,0.006129473963894,0.0001400054954419,6e-05
2026-02-11,-0.0011610951185287,0.0027880216025024,7.787670922077832e-05,-0.0081341480872808,6e-05
2026-02-12,0.0107500385549382,-0.0012857288825559,0.0011448187508226,-0.0024596333991754,6e-05
2026-02-13,0.0025297875897109,0.0026601893355851,0.0066914647471967,0.0003833585167196,6e-05
2026-02-16,0.0032784239586768,0.00201859494851,0.0072009944445166,0.0017871795059241,6e-05
2026-02-17,-0.0034668926951022,0.006909763368684,0.0067345317728476,-0.0090606113092923,6e-05
2026-02-18,-0.0041484560166524,-0.0101621895687167,-2.18152414993682e-05,-0.0051800270585271,6e-05
2026-02-19,-0.0036530236903765,-0.0071981542066108,0.0016005063640488,-0.0011497843349475,6e-05
2026-02-20,0.0037900692814046,-0.0068656466245619,-0.0056695936764302,-0.0019329440798241,6e-05
2026-02-23,-0.0035488603273823,-0.0041015385553764,0.0017821478456042,-0.005905117885911,6e-05
2026-02-24,0.0028479737120677,0.0010723807763043,0.003824541464225,-0.0018235591252777,6e-05
2026-02-25,0.0189186071878089,-0.0040671035263026,0.002283124257118,-0.00153268651042,6e-05
2026-02-26,0.0080801223308852,-0.0005023087718265,-0.0004939973091166,0.0096302049751818,6e-05
2026-02-27,-0.0026942117895105,-0.0069266079388427,0.00297065096202,0.0015590981223351,6e-05
2026-03-02,0.0110509252994755,-0.0051065711251681,0.0028408539720297,0.000479060041933,6e-05
2026-03-03,-0.0034326783571939,-0.0069486767901026,0.0045195983457108,0.0010550541628549,6e-05
2026-03-04,-0.0181031208166006,0.0113416549692389,0.0023613566031296,0.0098799352914076,6e-05
2026-03-05,-0.0088327767982566,-0.0024800823422108,0.001170410571056,-0.009853892194108,6e-05
2026-03-06,-0.0165971272892327,0.0011122930598211,0.0044852419199896,0.0122288896516263,6e-05
2026-03-09,-0.0029236213563717,-0.0042762576613288,0.0104272285956785,0.0030090426556996,6e-05
2026-03-10,0.0004057654127059,-0.0083341429066753,0.0001067509728157,0.0065944512751113,6e-05
2026-03-11,0.0153279358104775,-0.0011568952793106,-0.0065581805157092,-0.0002465165340373,6e-05
2026-03-12,0.0031823463638774,0.0119504506361714,0.0051999888947837,-0.0040384326855169,6e-05
2026-03-13,-0.0017319047592797,0.0051917374937745,0.0067279638815906,0.0023317561834857,6e-05
2026-03-16,0.0077046502306514,-0.0054293475957123,0.0033588750901179,0.0013881943997465,6e-05
2026-03-17,-0.0196602177810709,0.0030804466131408,-0.0008729297985995,-0.0002252164137293,6e-05
2026-03-18,0.002360531022977,-0.0126926278810584,0.0012865383388167,0.0100602596482467,6e-05
2026-03-19,0.0071777867449827,4.975199434234316e-05,0.0049011747546739,-0.0098690729498847,6e-05
2026-03-20,-0.0130672762120185,-0.0042884340476483,0.0062661956833653,0.0050669221570538,6e-05
2026-03-23,0.0105337863888623,-6.471560186556243e-05,-0.0050813408343992,0.0008540586639273,6e-05
2026-03-24,0.0032864676674497,0.0002038962968259,-0.0011307397867179,-0.0024767686420137,6e-05
2026-03-25,-0.0034975912251072,0.0047001551213905,-0.0021497458299132,-0.0099190011199118,6e-05
2026-03-26,0.0059350367949565,-0.0021297663708643,0.0032732514423019,0.0091369239138928,6e-05
2026-03-27,0.0206762357202395,0.0056355865236394,0.0056817579411188,-0.0073228547018827,6e-05
2026-03-30,0.0018767962955264,-0.0031697620811854,-0.0021687559414024,0.0135982837324947,6e-05
2026-03-31,0.002473985276703,0.0039453972157871,-0.0007311960854751,0.0011889739763527,6e-05
2026-04-01,-0.0038942480958621,-0.0020452428417943,0.0001879623858151,-0.0017243204518594,6e-05
2026-04-02,-0.0074085993251831,0.0085203394710986,-0.0033130325885592,0.0127111413494711,6e-05
2026-04-03,0.0077130223488982,-0.0005870529986564,-0.0005242684389413,-0.0014916100687235,6e-05
2026-04-06,-0.0074647544331798,0.0013828309116315,0.0031747932948619,-0.0088233685610366,6e-05
2026-04-07,0.0008840961349745,-0.0002443949745326,0.0009523231192894,-0.0032619505727869,6e-05
2026-04-08,-0.004058917020886,0.0017832094843437,0.0032891502581018,0.0034157584591666,6e-05
2026-04-09,0.0045508184317175,0.0042621520992364,0.0002869231886744,0.0047374567981098,6e-05
2026-04-10,0.0032429589475825,-0.0053052231857779,-0.0007810066960105,0.0069906631674448,6e-05
2026-04-13,0.009577859498321,0.010555573820411,0.0050772190220751,0.0043652826670453,6e-05
2026-04-14,-0.0043501475896927,0.0023877444464288,-0.0015762649562493,0.0048544412451336,6e-05
2026-04-15,-0.0021888744176403,0.0074422801085182,-0.0060620094970829,0.0081476258402029,6e-05
2026-04-16,-0.0085688734420407,0.00206598433878,0.0032159033739696,0.0108598707461992,6e-05
2026-04-17,-0.003758639340685,0.0041411824817236,-0.0023982559500687,0.0037344741155563,6e-05
2026-04-20,0.0036357044374036,0.0007219439725264,-0.0006002796765017,-0.0031473357877077,6e-05
2026-04-21,0.0070528975498081,-0.0036071890789317,0.0010277178147937,-0.0103915333879421,6e-05
2026-04-22,-0.0080594879175986,0.0051504902364232,0.0023966250995415,0.0012413622352671,6e-05
2026-04-23,0.0080664532809509,0.0031266917492261,-0.0007495268871836,-0.0034324087182084,6e-05
2026-04-24,0.0124407407292445,0.0004340470937445,0.0044883487065503,0.0018580660056876,6e-05
2026-04-27,0.0039609141290133,-0.0003521373569166,-0.0020711294264605,0.0041973859209553,6e-05
2026-04-28,0.0171311623130225,-0.007436108533069,-0.0016132693741406,0.0026298001973807,6e-05
2026-04-29,-0.0067241027919321,0.0112651143987553,0.0027270793455487,-0.0029103391217884,6e-05
2026-04-30,-0.0109618923298027,0.0009728285226684,0.0091437712290743,0.0048034561277602,6e-05
2026-05-01,-0.0157684822401385,0.0066886491845301,-0.0011171932998783,0.0046280733526581,6e-05
2026-05-04,0.0137043988034026,-0.0122772001596478,0.0005808400520431,-0.006560819107164,6e-05
2026-05-05,0.0061292909071865,-0.0025194276630168,0.001229136786466,0.0034968852330324,6e-05
2026-05-06,-0.000260262038194,-0.0084785271102031,-0.0017756748356199,0.0031241131380044,6e-05
2026-05-07,0.0027597176368783,-0.0015212942638997,-0.0015883179118156,0.0090095556093232,6e-05
2026-05-08,-0.0098894014256853,-0.0068083621913449,0.007826243512954,-0.0024840883667785,6e-05
2026-05-11,0.0222517678165514,-0.0045457986211799,-0.0072236134900492,0.0003570447515086,6e-05
2026-05-12,0.001402990637777,-0.0059779973363961,-0.0011284421990343,-0.0071295110557974,6e-05
2026-05-13,0.001224553151444,-0.0033296427540293,0.0013375488235331,-0.0023979852572129,6e-05
2026-05-14,0.0067718996150882,-0.0042039836186935,-0.0053701537216697,-0.0075301520514177,6e-05
2026-05-15,0.0045690830856304,-0.0072736202346645,0.0051227934786826,0.003384413561819,6e-05
2026-05-18,0.0022549562185121,0.0048190855117212,-0.0027355645046521,-0.000719455927504,6e-05
2026-05-19,-0.0068742700990078,0.0040870082326719,0.0014985029085056,0.0058695904539792,6e-05
2026-05-20,0.0044832152142239,0.0025537167054265,0.0024541284414559,0.0070952354898103,6e-05
2026-05-21,0.0171782204682753,0.0025045076835549,-0.0047204927362021,0.0039098350385039,6e-05
2026-05-22,0.0123487804153947,0.006253414194975,-0.0015042080826375,0.0054598031918771,6e-05
2026-05-25,0.0145786796397545,-0.0071804336483705,-0.0040234784617433,-0.0041392767760299,6e-05
2026-05-26,-0.0043609410878806,-0.0019902259888468,0.0032220451434037,-0.0060647724123786,6e-05
2026-05-27,-0.0086664433823272,-0.0098210833318529,0.0058373099123283,0.0031503689635396,6e-05
2026-05-28,-0.0008920822808968,0.0065589455972457,0.0007459631286756,-0.0067430802084172,6e-05
2026-05-29,0.0007415242105982,-0.0030097272719123,-0.0017577479140761,-0.0006932629656145,6e-05
2026-06-01,0.0100877236662385,-0.0036010920873737,-0.0011281398764769,0.0076053410312142,6e-05
2026-06-02,-0.0149921816674333,-0.0004836560486746,-0.0009145372963838,0.0084855015616618,6e-05
2026-06-03,0.0140059528751455,-0.0057239398903705,0.0014244326888074,-0.0002660630759776,6e-05
2026-06-04,-0.0011820710872109,0.0003556883972864,-0.0026129245800718,0.0049260239385434,6e-05
2026-06-05,-0.0036019296295267,-0.0034202919373722,0.0002631966168476,0.0056404485659709,6e-05
2026-06-08,-0.0088689393773415,0.0033855057506486,2.747327404720935e-05,-0.0070752843366868,6e-05
2026-06-09,-0.0146537100467919,-0.0065510032715337,-0.002215744347961,-0.0030672580251483,6e-05
2026-06-10,0.0076485352556572,0.005030277428603,0.0055813728184526,-0.0008222265135148,6e-05
2026-06-11,0.0008998617046956,-0.0037646039520906,0.007437012556905,-0.005063892409956,6e-05
2026-06-12,-0.0113696480976694,-0.0019439504698746,0.0077472075687762,-0.0047292071916816,6e-05
2026-06-15,-0.0114157089485725,0.0095322261293841,0.0046228489237189,-0.0053217788596335,6e-05
2026-06-16,-0.0027820622936111,0.0002658056622566,-0.0056621466184463,0.0062903787886097,6e-05
2026-06-17,0.0152611937276045,0.0002782106456946,0.0059563881958781,0.0061346302368728,6e-05
2026-06-18,-0.0020963221622724,-0.0010106483675326,-0.00089792430758,0.0047126093385033,6e-05
2026-06-19,-0.0132882865780629,0.0046723625342779,0.0028024010817493,-0.0021625078976539,6e-05
2026-06-22,-0.0019716875767734,-0.0029244499874942,0.0038685717220217,0.0019776991204148,6e-05
2026-06-23,-0.002214512127729,0.0006977580521585,-0.0016092191472079,-0.0032160051024555,6e-05
2026-06-24,-0.0240319797864741,0.0046854921783771,0.0010554317001533,-8.66400694585391e-05,6e-05
2026-06-25,-0.0002486537986603,-0.0035597634876721,-0.0010328807320685,-0.002538946892654,6e-05
2026-06-26,-0.0018384107718781,-0.0051033078073743,-0.0023505422114977,-0.0014286826487491,6e-05
2026-06-29,0.0065058572833207,0.0009171500488871,0.0019152009490444,0.0014113978750666,6e-05
2026-06-30,0.0168806048545081,0.0037155632813399,0.006294977471027,-0.0021710274396207,6e-05
2026-07-01,0.0103790852659298,0.0003085921780862,-0.0082693931168849,0.0058340798604252,6e-05
2026-07-02,-0.0021799982149934,-0.0049122151402442,0.0009734830899675,0.012438626374347,6e-05
2026-07-03,-0.009718733178675,0.0051887266116158,-0.0022518601426649,0.0103931794893693,6e-05
2026-07-06,0.0234002382292487,0.003198123830885,-0.0024935908378681,0.0103313948464386,6e-05
2026-07-07,0.0007729659061303,-0.0015767672694864,0.00221478222692,-0.0095854037125519,6e-05
2026-07-08,0.0003653636272165,0.0022714492792455,-0.0004898943042407,0.0106348026937352,6e-05
2026-07-09,2.287421600997049e-05,0.0052935438882174,-0.0016511467881116,0.0063361915995485,6e-05
2026-07-10,0.0020227628469106,-0.0013759322446433,-0.0053436071844543,0.0027798761455364,6e-05
2026-07-13,-0.0010592437073154,-0.0071429033923983,-0.004775006650596,-0.0038438708533831,6e-05
2026-07-14,-0.0049229580619221,-0.0036180502708546,0.0022777453650013,0.0119090812155786,6e-05
2026-07-15,-0.0046817304711635,-0.0041769157914314,0.0089709728209661,-0.0062768862646384,6e-05
2026-07-16,-5.4779431943985495e-05,-0.0007045509160679,0.0050046681438119,0.0015418074009462,6e-05
2026-07-17,-0.0046508229402038,-0.0036035578910924,-0.0006680176562276,0.0128980323624388,6e-05
2026-07-20,-0.0061756120440944,0.0099895611593129,-0.0013209899840709,0.0019176835393702,6e-05
2026-07-21,0.001197872049227,-0.0029994106693505,-0.0006589994430424,-0.001836138655122,6e-05
2026-07-22,-0.0020547949567876,0.0029033760271905,0.0015567212521652,-0.0072931208263337,6e-05
2026-07-23,0.0137759368972441,0.0063147676523254,-0.0020715662768461,0.0021190681248463,6e-05
2026-07-24,-0.0236187282755371,0.0016442973277271,0.0037695901776103,-0.0011568562096599,6e-05
2026-07-27,0.0100635616673021,-0.0045865421310921,-0.0048290541149683,0.0056018333689697,6e-05
2026-07-28,0.0114547667324786,0.0038852282912173,0.0085089067609686,0.0090200293236747,6e-05
2026-07-29,-0.0184205120916733,-0.0033122163758075,-0.0002420752632896,-0.0009459196879963,6e-05
2026-07-30,-0.0028441883467231,0.0100713514430513,-0.0023806223347553,-0.0072348473121809,6e-05
2026-07-31,-0.0031029677939621,0.0012847286426073,0.0033215868345039,-0.0005739021195341,6e-05
2026-08-03,-0.0124276052524603,-0.0010664282972141,0.0039923766869797,-0.0003537408551277,6e-05
2026-08-04,-0.0067603501883178,0.0051851568491563,0.0053082216292135,-3.9414103176834575e-06,6e-05
2026-08-05,-0.0097551826091924,-0.0050985312387423,0.0010766087193836,0.0024725712629663,6e-05
2026-08-06,0.0160104339908126,0.0044799225067996,-0.0104958481977236,0.0032907360814422,6e-05
2026-08-07,0.0086611055383271,-0.0073444253235549,-0.0073656439772722,0.0143238393287507,6e-05
2026-08-10,0.0116839958549474,-0.0009702178360914,-0.000817211824873,-0.0004001379596816,6e-05
2026-08-11,0.0067350485763891,3.7148934422689904e-05,-0.0034068894357984,-0.0086735202590454,6e-05
2026-08-12,-0.009921465940955,0.0018939032499828,0.007390643813312,-0.0111124018213601,6e-05
2026-08-13,-0.0044806823965179,-0.0044245305654544,0.0027656688049496,0.0025614381107828,6e-05
2026-08-14,0.0046443710510512,-0.0056260151523236,-0.0027444543227944,-0.0051650454093086,6e-05
2026-08-17,-0.0107591502800275,3.865125488896935e-05,0.0026406234657334,0.0065227129975083,6e-05
2026-08-18,0.0066569858715514,-0.0093512820848129,-0.0008988817748922,0.0050633497752454,6e-05
2026-08-19,-0.0019229285834232,0.0049216556955888,-0.0006392326669917,0.005034435032317,6e-05
2026-08-20,-0.0031333872679463,0.0010820608775856,0.0065075011218408,0.0040298613801778,6e-05
2026-08-21,0.0066386397138314,0.0011107718086313,-0.0045196283263388,0.0016254900486729,6e-05
2026-08-24,0.0042383698033743,0.0037300053607612,-0.0052333475149823,-3.998248455004585e-05,6e-05
2026-08-25,-0.0030086954923717,-0.003370734361241,0.0034725518772739,0.0023266874319031,6e-05
2026-08-26,0.0106739682302782,-0.0008606265383597,-0.0017063573193663,-0.0092299617442911,6e-05
2026-08-27,-0.009489569948399,-0.0062949317115321,-0.0011483276773501,0.0024439235240089,6e-05
2026-08-28,0.0057834204624983,0.0036398044816686,0.0014748131462693,0.0026161918381747,6e-05
