date,direction,confidence,hit_rate,sample_size,p_value,reason,total_candidates,valid_count,coverage_rate
2025-08-21,invalid,0.0,0.0,0,1.0,历史数据不足30天（当前仅有0天）,6,0,0.0
2025-08-22,invalid,0.0,0.0,0,1.0,历史数据不足30天（当前仅有1天）,6,0,0.0
2025-08-25,invalid,0.0,0.0,0,1.0,历史数据不足30天（当前仅有2天）,6,0,0.0
2025-08-26,invalid,0.0,0.0,0,1.0,历史数据不足30天（当前仅有3天）,6,0,0.0
2025-08-27,invalid,0.0,0.0,0,1.0,历史数据不足30天（当前仅有4天）,6,0,0.0
2025-08-28,invalid,0.0,0.0,0,1.0,历史数据不足30天（当前仅有5天）,6,0,0.0
2025-08-29,invalid,0.0,0.0,0,1.0,历史数据不足30天（当前仅有6天）,6,0,0.0
2025-09-01,invalid,0.0,0.0,0,1.0,历史数据不足30天（当前仅有7天）,6,0,0.0
2025-09-02,invalid,0.0,0.0,0,1.0,历史数据不足30天（当前仅有8天）,6,0,0.0
2025-09-03,invalid,0.0,0.0,0,1.0,历史数据不足30天（当前仅有9天）,6,0,0.0
2025-09-04,invalid,0.0,0.0,0,1.0,历史数据不足30天（当前仅有10天）,6,0,0.0
2025-09-05,invalid,0.0,0.0,0,1.0,历史数据不足30天（当前仅有11天）,6,0,0.0
2025-09-08,invalid,0.0,0.0,0,1.0,历史数据不足30天（当前仅有12天）,6,0,0.0
2025-09-09,invalid,0.0,0.0,0,1.0,历史数据不足30天（当前仅有13天）,6,0,0.0
2025-09-10,invalid,0.0,0.0,0,1.0,历史数据不足30天（当前仅有14天）,6,0,0.0
2025-09-11,invalid,0.0,0.0,0,1.0,历史数据不足30天（当前仅有15天）,6,0,0.0
2025-09-12,invalid,0.0,0.0,0,1.0,历史数据不足30天（当前仅有16天）,6,0,0.0
2025-09-15,invalid,0.0,0.0,0,1.0,历史数据不足30天（当前仅有17天）,6,0,0.0
2025-09-16,invalid,0.0,0.0,0,1.0,历史数据不足30天（当前仅有18天）,6,0,0.0
2025-09-17,invalid,0.0,0.0,0,1.0,历史数据不足30天（当前仅有19天）,6,0,0.0
2025-09-18,invalid,0.0,0.0,0,1.0,历史数据不足30天（当前仅有20天）,6,0,0.0
2025-09-19,invalid,0.0,0.0,0,1.0,历史数据不足30天（当前仅有21天）,6,0,0.0
2025-09-22,invalid,0.0,0.0,0,1.0,历史数据不足30天（当前仅有22天）,6,0,0.0
2025-09-23,invalid,0.0,0.0,0,1.0,历史数据不足30天（当前仅有23天）,6,0,0.0
2025-09-24,invalid,0.0,0.0,0,1.0,历史数据不足30天（当前仅有24天）,6,0,0.0
2025-09-25,invalid,0.0,0.0,0,1.0,历史数据不足30天（当前仅有25天）,6,0,0.0
2025-09-26,invalid,0.0,0.0,0,1.0,历史数据不足30天（当前仅有26天）,6,0,0.0
2025-09-29,invalid,0.0,0.0,0,1.0,历史数据不足30天（当前仅有27天）,6,0,0.0
2025-09-30,invalid,0.0,0.0,0,1.0,历史数据不足30天（当前仅有28天）,6,0,0.0
2025-10-09,invalid,0.0,0.0,0,1.0,历史数据不足30天（当前仅有29天）,6,0,0.0
2025-10-10,positive,0.6,0.5287356321839081,174,0.24758442914421921,正向略优（52.87%）但不显著 (p=0.2476),6,0,0.0
2025-10-13,positive,0.6,0.5287356321839081,174,0.24758442914421921,正向略优（52.87%）但不显著 (p=0.2476),6,0,0.0
2025-10-14,positive,0.6,0.5459770114942529,174,0.12770579082092867,正向略优（54.60%）但不显著 (p=0.1277),6,0,0.0
2025-10-15,positive,0.6,0.5229885057471264,174,0.2978882287036778,正向略优（52.30%）但不显著 (p=0.2979),6,0,0.0
2025-10-16,invalid,0.0,0.5172413793103449,174,0.3523840115597576,命中率不足52%（正向51.72%，反向48.28%）,6,0,0.0
2025-10-17,positive,0.6,0.5229885057471264,174,0.2978882287036778,正向略优（52.30%）但不显著 (p=0.2979),6,0,0.0
2025-10-20,positive,0.6,0.5287356321839081,174,0.24758442914421921,正向略优（52.87%）但不显著 (p=0.2476),6,0,0.0
2025-10-21,positive,0.6,0.5517241379310345,174,0.09866920797179295,正向略优（55.17%）但不显著 (p=0.0987),6,0,0.0
2025-10-22,positive,0.6,0.5574712643678161,174,0.07477452000219138,正向略优（55.75%）但不显著 (p=0.0748),6,0,0.0
2025-10-23,positive,0.979818448976957,0.5804597701149425,174,0.02018155102304297,正向命中率58.05%显著>50% (p=0.0202),6,6,1.0
2025-10-24,positive,0.9907448406772067,0.5919540229885057,174,0.009255159322793345,正向命中率59.20%显著>50% (p=0.0093),6,6,1.0
2025-10-27,positive,0.9939309219408134,0.5977011494252874,174,0.006069078059186509,正向命中率59.77%显著>50% (p=0.0061),6,6,1.0
2025-10-28,positive,0.9907448406772067,0.5919540229885057,174,0.009255159322793345,正向命中率59.20%显著>50% (p=0.0093),6,6,1.0
2025-10-29,positive,0.9939309219408134,0.5977011494252874,174,0.006069078059186509,正向命中率59.77%显著>50% (p=0.0061),6,6,1.0
2025-10-30,positive,0.979818448976957,0.5804597701149425,174,0.02018155102304297,正向命中率58.05%显著>50% (p=0.0202),6,6,1.0
2025-10-31,positive,0.9711262723517854,0.5747126436781609,174,0.02887372764821464,正向命中率57.47%显著>50% (p=0.0289),6,6,1.0
2025-11-03,positive,0.6,0.5459770114942529,174,0.12770579082092867,正向略优（54.60%）但不显著 (p=0.1277),6,0,0.0
2025-11-04,invalid,0.0,0.5172413793103449,174,0.3523840115597576,命中率不足52%（正向51.72%，反向48.28%）,6,0,0.0
2025-11-05,positive,0.6,0.5344827586206896,174,0.20220165345470706,正向略优（53.45%）但不显著 (p=0.2022),6,0,0.0
2025-11-06,positive,0.6,0.5344827586206896,174,0.20220165345470706,正向略优（53.45%）但不显著 (p=0.2022),6,0,0.0
2025-11-07,positive,0.6,0.5344827586206896,174,0.20220165345470706,正向略优（53.45%）但不显著 (p=0.2022),6,0,0.0
2025-11-10,positive,0.6,0.5229885057471264,174,0.2978882287036778,正向略优（52.30%）但不显著 (p=0.2979),6,0,0.0
2025-11-11,invalid,0.0,0.5,174,0.5302003140239273,命中率不足52%（正向50.00%，反向50.00%）,6,0,0.0
2025-11-12,invalid,0.0,0.5,174,0.5302003140239273,命中率不足52%（正向50.00%，反向50.00%）,6,0,0.0
2025-11-13,positive,0.6,0.5344827586206896,174,0.20220165345470706,正向略优（53.45%）但不显著 (p=0.2022),6,0,0.0
2025-11-14,positive,0.6,0.5402298850574713,174,0.1621867329542774,正向略优（54.02%）但不显著 (p=0.1622),6,0,0.0
2025-11-17,positive,0.6,0.5287356321839081,174,0.24758442914421921,正向略优（52.87%）但不显著 (p=0.2476),6,0,0.0
2025-11-18,invalid,0.0,0.5172413793103449,174,0.3523840115597576,命中率不足52%（正向51.72%，反向48.28%）,6,0,0.0
2025-11-19,positive,0.6,0.5229885057471264,174,0.2978882287036778,正向略优（52.30%）但不显著 (p=0.2979),6,0,0.0
2025-11-20,invalid,0.0,0.5172413793103449,174,0.3523840115597576,命中率不足52%（正向51.72%，反向48.28%）,6,0,0.0
2025-11-21,positive,0.6,0.5402298850574713,174,0.1621867329542774,正向略优（54.02%）但不显著 (p=0.1622),6,0,0.0
2025-11-24,positive,0.6,0.5459770114942529,174,0.12770579082092867,正向略优（54.60%）但不显著 (p=0.1277),6,0,0.0
2025-11-25,positive,0.6,0.5574712643678161,174,0.07477452000219138,正向略优（55.75%）但不显著 (p=0.0748),6,0,0.0
2025-11-26,positive,0.6,0.5632183908045977,174,0.05556023483075932,正向略优（56.32%）但不显著 (p=0.0556),6,0,0.0
2025-11-27,positive,0.979818448976957,0.5804597701149425,174,0.02018155102304297,正向命中率58.05%显著>50% (p=0.0202),6,6,1.0
2025-11-28,positive,0.6,0.5632183908045977,174,0.05556023483075932,正向略优（56.32%）但不显著 (p=0.0556),6,0,0.0
2025-12-01,positive,0.6,0.5632183908045977,174,0.05556023483075932,正向略优（56.32%）但不显著 (p=0.0556),6,0,0.0
2025-12-02,positive,0.6,0.5459770114942529,174,0.12770579082092867,正向略优（54.60%）但不显著 (p=0.1277),6,0,0.0
2025-12-03,positive,0.6,0.5344827586206896,174,0.20220165345470706,正向略优（53.45%）但不显著 (p=0.2022),6,0,0.0
2025-12-04,positive,0.6,0.5344827586206896,174,0.20220165345470706,正向略优（53.45%）但不显著 (p=0.2022),6,0,0.0
2025-12-05,positive,0.6,0.5344827586206896,174,0.20220165345470706,正向略优（53.45%）但不显著 (p=0.2022),6,0,0.0
2025-12-08,positive,0.6,0.5402298850574713,174,0.1621867329542774,正向略优（54.02%）但不显著 (p=0.1622),6,0,0.0
2025-12-09,positive,0.6,0.5402298850574713,174,0.1621867329542774,正向略优（54.02%）但不显著 (p=0.1622),6,0,0.0
2025-12-10,positive,0.6,0.5402298850574713,174,0.1621867329542774,正向略优（54.02%）但不显著 (p=0.1622),6,0,0.0
2025-12-11,positive,0.6,0.5402298850574713,174,0.1621867329542774,正向略优（54.02%）但不显著 (p=0.1622),6,0,0.0
2025-12-12,positive,0.9595367035182231,0.5689655172413793,174,0.040463296481776954,正向命中率56.90%显著>50% (p=0.0405),6,6,1.0
2025-12-15,positive,0.9711262723517854,0.5747126436781609,174,0.02887372764821464,正向命中率57.47%显著>50% (p=0.0289),6,6,1.0
2025-12-16,positive,0.6,0.5632183908045977,174,0.05556023483075932,正向略优（56.32%）但不显著 (p=0.0556),6,0,0.0
2025-12-17,positive,0.979818448976957,0.5804597701149425,174,0.02018155102304297,正向命中率58.05%显著>50% (p=0.0202),6,6,1.0
2025-12-18,positive,0.9711262723517854,0.5747126436781609,174,0.02887372764821464,正向命中率57.47%显著>50% (p=0.0289),6,6,1.0
2025-12-19,positive,0.9711262723517854,0.5747126436781609,174,0.02887372764821464,正向命中率57.47%显著>50% (p=0.0289),6,6,1.0
2025-12-22,positive,0.9907448406772067,0.5919540229885057,174,0.009255159322793345,正向命中率59.20%显著>50% (p=0.0093),6,6,1.0
2025-12-23,positive,0.979818448976957,0.5804597701149425,174,0.02018155102304297,正向命中率58.05%显著>50% (p=0.0202),6,6,1.0
2025-12-24,positive,0.9711262723517854,0.5747126436781609,174,0.02887372764821464,正向命中率57.47%显著>50% (p=0.0289),6,6,1.0
2025-12-25,positive,0.6,0.5632183908045977,174,0.05556023483075932,正向略优（56.32%）但不显著 (p=0.0556),6,0,0.0
2025-12-26,positive,0.6,0.5574712643678161,174,0.07477452000219138,正向略优（55.75%）但不显著 (p=0.0748),6,0,0.0
2025-12-29,positive,0.6,0.5517241379310345,174,0.09866920797179295,正向略优（55.17%）但不显著 (p=0.0987),6,0,0.0
2025-12-30,positive,0.6,0.5459770114942529,174,0.12770579082092867,正向略优（54.60%）但不显著 (p=0.1277),6,0,0.0
2025-12-31,positive,0.6,0.5574712643678161,174,0.07477452000219138,正向略优（55.75%）但不显著 (p=0.0748),6,0,0.0
2026-01-05,positive,0.6,0.5517241379310345,174,0.09866920797179295,正向略优（55.17%）但不显著 (p=0.0987),6,0,0.0
2026-01-06,positive,0.6,0.5459770114942529,174,0.12770579082092867,正向略优（54.60%）但不显著 (p=0.1277),6,0,0.0
2026-01-07,positive,0.6,0.5402298850574713,174,0.1621867329542774,正向略优（54.02%）但不显著 (p=0.1622),6,0,0.0
2026-01-08,positive,0.6,0.5344827586206896,174,0.20220165345470706,正向略优（53.45%）但不显著 (p=0.2022),6,0,0.0
2026-01-09,positive,0.6,0.5229885057471264,174,0.2978882287036778,正向略优（52.30%）但不显著 (p=0.2979),6,0,0.0
2026-01-12,positive,0.6,0.5459770114942529,174,0.12770579082092867,正向略优（54.60%）但不显著 (p=0.1277),6,0,0.0
2026-01-13,positive,0.6,0.5287356321839081,174,0.24758442914421921,正向略优（52.87%）但不显著 (p=0.2476),6,0,0.0
2026-01-14,positive,0.6,0.5517241379310345,174,0.09866920797179295,正向略优（55.17%）但不显著 (p=0.0987),6,0,0.0
2026-01-15,positive,0.6,0.5344827586206896,174,0.20220165345470706,正向略优（53.45%）但不显著 (p=0.2022),6,0,0.0
2026-01-16,positive,0.6,0.5517241379310345,174,0.09866920797179295,正向略优（55.17%）但不显著 (p=0.0987),6,0,0.0
2026-01-19,positive,0.6,0.5344827586206896,174,0.20220165345470706,正向略优（53.45%）但不显著 (p=0.2022),6,0,0.0
2026-01-20,positive,0.6,0.5344827586206896,174,0.20220165345470706,正向略优（53.45%）但不显著 (p=0.2022),6,0,0.0
2026-01-21,positive,0.6,0.5459770114942529,174,0.12770579082092867,正向略优（54.60%）但不显著 (p=0.1277),6,0,0.0
2026-01-22,positive,0.9711262723517854,0.5747126436781609,174,0.02887372764821464,正向命中率57.47%显著>50% (p=0.0289),6,6,1.0
2026-01-23,positive,0.6,0.5574712643678161,174,0.07477452000219138,正向略优（55.75%）但不显著 (p=0.0748),6,0,0.0
2026-01-26,positive,0.6,0.5229885057471264,174,0.2978882287036778,正向略优（52.30%）但不显著 (p=0.2979),6,0,0.0
2026-01-27,positive,0.6,0.5459770114942529,174,0.12770579082092867,正向略优（54.60%）但不显著 (p=0.1277),6,0,0.0
2026-01-28,positive,0.6,0.5402298850574713,174,0.1621867329542774,正向略优（54.02%）但不显著 (p=0.1622),6,0,0.0
2026-01-29,positive,0.6,0.5402298850574713,174,0.1621867329542774,正向略优（54.02%）但不显著 (p=0.1622),6,0,0.0
2026-01-30,positive,0.6,0.5287356321839081,174,0.24758442914421921,正向略优（52.87%）但不显著 (p=0.2476),6,0,0.0
2026-02-02,positive,0.6,0.5459770114942529,174,0.12770579082092867,正向略优（54.60%）但不显著 (p=0.1277),6,0,0.0
2026-02-03,positive,0.6,0.5402298850574713,174,0.1621867329542774,正向略优（54.02%）但不显著 (p=0.1622),6,0,0.0
2026-02-04,positive,0.6,0.5229885057471264,174,0.2978882287036778,正向略优（52.30%）但不显著 (p=0.2979),6,0,0.0
2026-02-05,invalid,0.0,0.5,174,0.5302003140239273,命中率不足52%（正向50.00%，反向50.00%）,6,0,0.0
2026-02-06,invalid,0.0,0.5114942528735632,174,0.41008542870148984,命中率不足52%（正向51.15%，反向48.85%）,6,0,0.0
2026-02-09,positive,0.6,0.5287356321839081,174,0.24758442914421921,正向略优（52.87%）但不显著 (p=0.2476),6,0,0.0
2026-02-10,invalid,0.0,0.5172413793103449,174,0.3523840115597576,命中率不足52%（正向51.72%，反向48.28%）,6,0,0.0
2026-02-11,positive,0.6,0.5287356321839081,174,0.24758442914421921,正向略优（52.87%）但不显著 (p=0.2476),6,0,0.0
2026-02-12,positive,0.6,0.5229885057471264,174,0.2978882287036778,正向略优（52.30%）但不显著 (p=0.2979),6,0,0.0
2026-02-13,positive,0.6,0.5229885057471264,174,0.2978882287036778,正向略优（52.30%）但不显著 (p=0.2979),6,0,0.0
2026-02-24,invalid,0.0,0.5172413793103449,174,0.3523840115597576,命中率不足52%（正向51.72%，反向48.28%）,6,0,0.0
2026-03-11,positive,0.6,0.5287356321839081,174,0.24758442914421921,正向略优（52.87%）但不显著 (p=0.2476),6,0,0.0
2026-03-12,positive,0.6,0.5517241379310345,174,0.09866920797179295,正向略优（55.17%）但不显著 (p=0.0987),6,0,0.0
2026-03-13,positive,0.6,0.5517241379310345,174,0.09866920797179295,正向略优（55.17%）但不显著 (p=0.0987),6,0,0.0
2026-03-16,positive,0.6,0.5344827586206896,174,0.20220165345470706,正向略优（53.45%）但不显著 (p=0.2022),6,0,0.0
2026-03-17,positive,0.6,0.5459770114942529,174,0.12770579082092867,正向略优（54.60%）但不显著 (p=0.1277),6,0,0.0
2026-03-18,positive,0.6,0.5287356321839081,174,0.24758442914421921,正向略优（52.87%）但不显著 (p=0.2476),6,0,0.0
2026-03-19,positive,0.6,0.5402298850574713,174,0.1621867329542774,正向略优（54.02%）但不显著 (p=0.1622),6,0,0.0
2026-03-20,positive,0.6,0.5287356321839081,174,0.24758442914421921,正向略优（52.87%）但不显著 (p=0.2476),6,0,0.0
2026-03-23,positive,0.6,0.5229885057471264,174,0.2978882287036778,正向略优（52.30%）但不显著 (p=0.2979),6,0,0.0
2026-03-24,positive,0.6,0.5287356321839081,174,0.24758442914421921,正向略优（52.87%）但不显著 (p=0.2476),6,0,0.0
2026-03-25,invalid,0.0,0.5172413793103449,174,0.3523840115597576,命中率不足52%（正向51.72%，反向48.28%）,6,0,0.0
2026-03-26,invalid,0.0,0.5114942528735632,174,0.41008542870148984,命中率不足52%（正向51.15%，反向48.85%）,6,0,0.0
2026-03-27,positive,0.6,0.5344827586206896,174,0.20220165345470706,正向略优（53.45%）但不显著 (p=0.2022),6,0,0.0
2026-03-30,positive,0.6,0.5632183908045977,174,0.05556023483075932,正向略优（56.32%）但不显著 (p=0.0556),6,0,0.0
2026-03-31,positive,0.6,0.5574712643678161,174,0.07477452000219138,正向略优（55.75%）但不显著 (p=0.0748),6,0,0.0
2026-04-01,positive,0.9595367035182231,0.5689655172413793,174,0.040463296481776954,正向命中率56.90%显著>50% (p=0.0405),6,6,1.0
2026-04-02,positive,0.6,0.5402298850574713,174,0.1621867329542774,正向略优（54.02%）但不显著 (p=0.1622),6,0,0.0
2026-04-03,positive,0.6,0.5632183908045977,174,0.05556023483075932,正向略优（56.32%）但不显著 (p=0.0556),6,0,0.0
2026-04-07,positive,0.6,0.5632183908045977,174,0.05556023483075932,正向略优（56.32%）但不显著 (p=0.0556),6,0,0.0
2026-04-08,positive,0.9595367035182231,0.5689655172413793,174,0.040463296481776954,正向命中率56.90%显著>50% (p=0.0405),6,6,1.0
2026-04-09,positive,0.9595367035182231,0.5689655172413793,174,0.040463296481776954,正向命中率56.90%显著>50% (p=0.0405),6,6,1.0
2026-04-10,positive,0.9939309219408134,0.5977011494252874,174,0.006069078059186509,正向命中率59.77%显著>50% (p=0.0061),6,6,1.0
2026-04-13,positive,0.9939309219408134,0.5977011494252874,174,0.006069078059186509,正向命中率59.77%显著>50% (p=0.0061),6,6,1.0
2026-04-14,positive,0.9907448406772067,0.5919540229885057,174,0.009255159322793345,正向命中率59.20%显著>50% (p=0.0093),6,6,1.0
2026-04-15,positive,0.9985000275942467,0.6149425287356322,174,0.001499972405753268,正向命中率61.49%显著>50% (p=0.0015),6,6,1.0
2026-04-16,positive,0.9939309219408134,0.5977011494252874,174,0.006069078059186509,正向命中率59.77%显著>50% (p=0.0061),6,6,1.0
2026-04-17,positive,0.9961060351111605,0.603448275862069,174,0.0038939648888395564,正向命中率60.34%显著>50% (p=0.0039),6,6,1.0
2026-04-20,positive,0.9939309219408134,0.5977011494252874,174,0.006069078059186509,正向命中率59.77%显著>50% (p=0.0061),6,6,1.0
2026-04-21,positive,0.9861869744251025,0.5862068965517241,174,0.013813025574897508,正向命中率58.62%显著>50% (p=0.0138),6,6,1.0
2026-04-22,positive,0.9961060351111605,0.603448275862069,174,0.0038939648888395564,正向命中率60.34%显著>50% (p=0.0039),6,6,1.0
2026-04-23,positive,0.9861869744251025,0.5862068965517241,174,0.013813025574897508,正向命中率58.62%显著>50% (p=0.0138),6,6,1.0
2026-04-24,positive,0.9907448406772067,0.5919540229885057,174,0.009255159322793345,正向命中率59.20%显著>50% (p=0.0093),6,6,1.0
2026-04-27,positive,0.9975561105580585,0.6091954022988506,174,0.002443889441941568,正向命中率60.92%显著>50% (p=0.0024),6,6,1.0
2026-04-28,positive,0.9975561105580585,0.6091954022988506,174,0.002443889441941568,正向命中率60.92%显著>50% (p=0.0024),6,6,1.0
2026-04-29,positive,0.9939309219408134,0.5977011494252874,174,0.006069078059186509,正向命中率59.77%显著>50% (p=0.0061),6,6,1.0
2026-04-30,positive,0.9961060351111605,0.603448275862069,174,0.0038939648888395564,正向命中率60.34%显著>50% (p=0.0039),6,6,1.0
2026-05-06,positive,0.9939309219408134,0.5977011494252874,174,0.006069078059186509,正向命中率59.77%显著>50% (p=0.0061),6,6,1.0
2026-05-07,positive,0.9990999001032262,0.6206896551724138,174,0.0009000998967737849,正向命中率62.07%显著>50% (p=0.0009),6,6,1.0
2026-05-08,positive,0.9939309219408134,0.5977011494252874,174,0.006069078059186509,正向命中率59.77%显著>50% (p=0.0061),6,6,1.0
2026-05-11,positive,0.979818448976957,0.5804597701149425,174,0.02018155102304297,正向命中率58.05%显著>50% (p=0.0202),6,6,1.0
2026-05-12,positive,0.979818448976957,0.5804597701149425,174,0.02018155102304297,正向命中率58.05%显著>50% (p=0.0202),6,6,1.0
2026-05-13,positive,0.9595367035182231,0.5689655172413793,174,0.040463296481776954,正向命中率56.90%显著>50% (p=0.0405),6,6,1.0
2026-05-14,positive,0.6,0.5632183908045977,174,0.05556023483075932,正向略优（56.32%）但不显著 (p=0.0556),6,0,0.0
2026-05-15,positive,0.6,0.5459770114942529,174,0.12770579082092867,正向略优（54.60%）但不显著 (p=0.1277),6,0,0.0
2026-05-18,positive,0.6,0.5632183908045977,174,0.05556023483075932,正向略优（56.32%）但不显著 (p=0.0556),6,0,0.0
2026-05-19,positive,0.979818448976957,0.5804597701149425,174,0.02018155102304297,正向命中率58.05%显著>50% (p=0.0202),6,6,1.0
2026-05-20,positive,0.9595367035182231,0.5689655172413793,174,0.040463296481776954,正向命中率56.90%显著>50% (p=0.0405),6,6,1.0
2026-05-21,positive,0.6,0.5574712643678161,174,0.07477452000219138,正向略优（55.75%）但不显著 (p=0.0748),6,0,0.0
2026-05-22,positive,0.6,0.5632183908045977,174,0.05556023483075932,正向略优（56.32%）但不显著 (p=0.0556),6,0,0.0
2026-05-25,positive,0.6,0.5632183908045977,174,0.05556023483075932,正向略优（56.32%）但不显著 (p=0.0556),6,0,0.0
2026-05-26,positive,0.6,0.5459770114942529,174,0.12770579082092867,正向略优（54.60%）但不显著 (p=0.1277),6,0,0.0
2026-05-27,positive,0.6,0.5459770114942529,174,0.12770579082092867,正向略优（54.60%）但不显著 (p=0.1277),6,0,0.0
2026-05-28,positive,0.6,0.5574712643678161,174,0.07477452000219138,正向略优（55.75%）但不显著 (p=0.0748),6,0,0.0
2026-05-29,positive,0.6,0.5517241379310345,174,0.09866920797179295,正向略优（55.17%）但不显著 (p=0.0987),6,0,0.0
2026-06-01,positive,0.9711262723517854,0.5747126436781609,174,0.02887372764821464,正向命中率57.47%显著>50% (p=0.0289),6,6,1.0
2026-06-02,positive,0.9595367035182231,0.5689655172413793,174,0.040463296481776954,正向命中率56.90%显著>50% (p=0.0405),6,6,1.0
2026-06-03,positive,0.9595367035182231,0.5689655172413793,174,0.040463296481776954,正向命中率56.90%显著>50% (p=0.0405),6,6,1.0
2026-06-04,positive,0.9907448406772067,0.5919540229885057,174,0.009255159322793345,正向命中率59.20%显著>50% (p=0.0093),6,6,1.0
2026-06-05,positive,0.6,0.5632183908045977,174,0.05556023483075932,正向略优（56.32%）但不显著 (p=0.0556),6,0,0.0
2026-06-08,positive,0.6,0.5517241379310345,174,0.09866920797179295,正向略优（55.17%）但不显著 (p=0.0987),6,0,0.0
2026-06-09,positive,0.6,0.5402298850574713,174,0.1621867329542774,正向略优（54.02%）但不显著 (p=0.1622),6,0,0.0
2026-06-10,invalid,0.0,0.5172413793103449,174,0.3523840115597576,命中率不足52%（正向51.72%，反向48.28%）,6,0,0.0
2026-06-11,invalid,0.0,0.5057471264367817,174,0.4697996859760727,命中率不足52%（正向49.43%，反向50.57%）,6,0,0.0
2026-06-12,invalid,0.0,0.5057471264367817,174,0.4697996859760727,命中率不足52%（正向50.57%，反向49.43%）,6,0,0.0
2026-06-15,invalid,0.0,0.5114942528735632,174,0.41008542870148984,命中率不足52%（正向51.15%，反向48.85%）,6,0,0.0
2026-06-16,positive,0.6,0.5287356321839081,174,0.24758442914421921,正向略优（52.87%）但不显著 (p=0.2476),6,0,0.0
2026-06-17,positive,0.6,0.5344827586206896,174,0.20220165345470706,正向略优（53.45%）但不显著 (p=0.2022),6,0,0.0
2026-06-18,positive,0.6,0.5517241379310345,174,0.09866920797179295,正向略优（55.17%）但不显著 (p=0.0987),6,0,0.0
2026-06-22,positive,0.6,0.5574712643678161,174,0.07477452000219138,正向略优（55.75%）但不显著 (p=0.0748),6,0,0.0
2026-06-23,positive,0.6,0.5632183908045977,174,0.05556023483075932,正向略优（56.32%）但不显著 (p=0.0556),6,0,0.0
2026-06-24,positive,0.9711262723517854,0.5747126436781609,174,0.02887372764821464,正向命中率57.47%显著>50% (p=0.0289),6,6,1.0
2026-06-25,positive,0.9861869744251025,0.5862068965517241,174,0.013813025574897508,正向命中率58.62%显著>50% (p=0.0138),6,6,1.0
2026-06-26,positive,0.9861869744251025,0.5862068965517241,174,0.013813025574897508,正向命中率58.62%显著>50% (p=0.0138),6,6,1.0
2026-06-29,positive,0.6,0.5517241379310345,174,0.09866920797179295,正向略优（55.17%）但不显著 (p=0.0987),6,0,0.0
2026-06-30,positive,0.6,0.5574712643678161,174,0.07477452000219138,正向略优（55.75%）但不显著 (p=0.0748),6,0,0.0
2026-07-01,positive,0.6,0.5574712643678161,174,0.07477452000219138,正向略优（55.75%）但不显著 (p=0.0748),6,0,0.0
2026-07-02,positive,0.6,0.5459770114942529,174,0.12770579082092867,正向略优（54.60%）但不显著 (p=0.1277),6,0,0.0
2026-07-03,positive,0.6,0.5402298850574713,174,0.1621867329542774,正向略优（54.02%）但不显著 (p=0.1622),6,0,0.0
2026-07-06,positive,0.6,0.5632183908045977,174,0.05556023483075932,正向略优（56.32%）但不显著 (p=0.0556),6,0,0.0
2026-07-07,positive,0.9595367035182231,0.5689655172413793,174,0.040463296481776954,正向命中率56.90%显著>50% (p=0.0405),6,6,1.0
2026-07-08,positive,0.9595367035182231,0.5689655172413793,174,0.040463296481776954,正向命中率56.90%显著>50% (p=0.0405),6,6,1.0
2026-07-09,positive,0.6,0.5517241379310345,174,0.09866920797179295,正向略优（55.17%）但不显著 (p=0.0987),6,0,0.0
2026-07-10,positive,0.6,0.5344827586206896,174,0.20220165345470706,正向略优（53.45%）但不显著 (p=0.2022),6,0,0.0
2026-07-13,invalid,0.0,0.5114942528735632,174,0.41008542870148984,命中率不足52%（正向51.15%，反向48.85%）,6,0,0.0
2026-07-14,invalid,0.0,0.5172413793103449,174,0.3523840115597576,命中率不足52%（正向51.72%，反向48.28%）,6,0,0.0
2026-07-15,positive,0.6,0.5229885057471264,174,0.2978882287036778,正向略优（52.30%）但不显著 (p=0.2979),6,0,0.0
2026-07-16,positive,0.6,0.5229885057471264,174,0.2978882287036778,正向略优（52.30%）但不显著 (p=0.2979),6,0,0.0
2026-07-17,positive,0.6,0.5402298850574713,174,0.1621867329542774,正向略优（54.02%）但不显著 (p=0.1622),6,0,0.0
2026-07-20,positive,0.6,0.5632183908045977,174,0.05556023483075932,正向略优（56.32%）但不显著 (p=0.0556),6,0,0.0
2026-07-21,positive,0.9861869744251025,0.5862068965517241,174,0.013813025574897508,正向命中率58.62%显著>50% (p=0.0138),6,6,1.0
2026-07-22,positive,0.9939309219408134,0.5977011494252874,174,0.006069078059186509,正向命中率59.77%显著>50% (p=0.0061),6,6,1.0
2026-07-23,positive,0.9985000275942467,0.6149425287356322,174,0.001499972405753268,正向命中率61.49%显著>50% (p=0.0015),6,6,1.0
2026-07-24,positive,0.9990999001032262,0.6206896551724138,174,0.0009000998967737849,正向命中率62.07%显著>50% (p=0.0009),6,6,1.0
2026-07-27,positive,0.9994720432337968,0.6264367816091954,174,0.0005279567662031885,正向命中率62.64%显著>50% (p=0.0005),6,6,1.0
2026-07-28,positive,0.9994720432337968,0.6264367816091954,174,0.0005279567662031885,正向命中率62.64%显著>50% (p=0.0005),6,6,1.0
2026-07-29,positive,0.9907448406772067,0.5919540229885057,174,0.009255159322793345,正向命中率59.20%显著>50% (p=0.0093),6,6,1.0
2026-07-30,positive,0.9711262723517854,0.5747126436781609,174,0.02887372764821464,正向命中率57.47%显著>50% (p=0.0289),6,6,1.0
2026-07-31,positive,0.9907448406772067,0.5919540229885057,174,0.009255159322793345,正向命中率59.20%显著>50% (p=0.0093),6,6,1.0
2026-08-03,positive,0.9595367035182231,0.5689655172413793,174,0.040463296481776954,正向命中率56.90%显著>50% (p=0.0405),6,6,1.0
2026-08-04,positive,0.6,0.5574712643678161,174,0.07477452000219138,正向略优（55.75%）但不显著 (p=0.0748),6,0,0.0
2026-08-05,positive,0.6,0.5459770114942529,174,0.12770579082092867,正向略优（54.60%）但不显著 (p=0.1277),6,0,0.0
2026-08-06,positive,0.9595367035182231,0.5689655172413793,174,0.040463296481776954,正向命中率56.90%显著>50% (p=0.0405),6,6,1.0
2026-08-07,positive,0.9595367035182231,0.5689655172413793,174,0.040463296481776954,正向命中率56.90%显著>50% (p=0.0405),6,6,1.0
2026-08-10,positive,0.6,0.5632183908045977,174,0.05556023483075932,正向略优（56.32%）但不显著 (p=0.0556),6,0,0.0
2026-08-11,positive,0.9595367035182231,0.5689655172413793,174,0.040463296481776954,正向命中率56.90%显著>50% (p=0.0405),6,6,1.0
2026-08-12,positive,0.9861869744251025,0.5862068965517241,174,0.013813025574897508,正向命中率58.62%显著>50% (p=0.0138),6,6,1.0
2026-08-13,positive,0.9595367035182231,0.5689655172413793,174,0.040463296481776954,正向命中率56.90%显著>50% (p=0.0405),6,6,1.0
2026-08-14,positive,0.9711262723517854,0.5747126436781609,174,0.02887372764821464,正向命中率57.47%显著>50% (p=0.0289),6,6,1.0
2026-08-17,positive,0.6,0.5574712643678161,174,0.07477452000219138,正向略优（55.75%）但不显著 (p=0.0748),6,0,0.0
2026-08-18,positive,0.6,0.5517241379310345,174,0.09866920797179295,正向略优（55.17%）但不显著 (p=0.0987),6,0,0.0
2026-08-19,positive,0.6,0.5574712643678161,174,0.07477452000219138,正向略优（55.75%）但不显著 (p=0.0748),6,0,0.0
2026-08-20,positive,0.9595367035182231,0.5689655172413793,174,0.040463296481776954,正向命中率56.90%显著>50% (p=0.0405),6,6,1.0
2026-08-21,positive,0.9861869744251025,0.5862068965517241,174,0.013813025574897508,正向命中率58.62%显著>50% (p=0.0138),6,6,1.0
2026-08-24,positive,0.9861869744251025,0.5862068965517241,174,0.013813025574897508,正向命中率58.62%显著>50% (p=0.0138),6,6,1.0
2026-08-25,positive,0.9861869744251025,0.5862068965517241,174,0.013813025574897508,正向命中率58.62%显著>50% (p=0.0138),6,6,1.0
2026-08-26,positive,0.6,0.5632183908045977,174,0.05556023483075932,正向略优（56.32%）但不显著 (p=0.0556),6,0,0.0
2026-08-27,positive,0.6,0.5632183908045977,174,0.05556023483075932,正向略优（56.32%）但不显著 (p=0.0556),6,0,0.0
2026-08-28,positive,0.6,0.5632183908045977,174,0.05556023483075932,正向略优（56.32%）但不显著 (p=0.0556),6,0,0.0
