code,name,sector,cohort_key,feature_source,PC01,PC02,PC03,PC04,PC05,PC06,PC07,PC08,PC09,PC10
000001,平安银行,bluechip,student_C,local_semantic,9.9823773126423028,-3.8486140303201362,-6.146502072307201,-1.1240400294027735,5.0598907448704304,3.2573549575663963,-1.4556696209196949,-5.8202596893444856,0.23193504195780551,-5.4976638648615026
000002,万科A,bluechip,student_C,local_semantic,9.3916653093752984,-0.82276734761715897,-4.0364166082551387,-2.0211431191517115,4.3193948641672923,4.6124584182089512,-0.92356716555241347,-7.4419826038075287,-4.1599291590802565,0.33663210730918219
000021,深科技,tech,student_A,local_semantic,1.9528946461295715,13.244701793406621,0.8611495990259973,-0.4280781226648202,-0.34271614890204316,-1.9376638227178051,-1.8015427705787035,-5.1086525560080522,-0.29879899470380283,-0.79515788139210775
000037,深南电A,growth,student_B,local_semantic,-6.2176773033319535,0.33348928619466423,-0.44709377347279056,7.6189889807432687,-1.1379900773628933,8.9823105772070662,-2.4897560916920569,-4.4048379127268742,-1.2613098063866193,-0.18173463056696354
000060,中金岭南,global,student_B,local_semantic,1.8692157124166557,-4.9122740117567094,12.993034699553075,3.3685951773678839,1.651939167557265,-2.2557137295148357,1.2006902271163706,-4.4810277019102234,-1.5788618753643693,0.79544508128710811
000063,中兴通讯,tech,student_A,local_semantic,2.3313911109109142,11.352508305712902,1.7101757574620213,-0.33336821504217257,-0.71586920864926606,-1.7907561988466674,-1.307581527499253,-1.7969787511928423,-1.8439120217435374,-0.76440693209116595
000089,深圳机场,bluechip,student_A,local_semantic,3.7137701521924233,-5.0278379179872887,-2.3148093626178095,-5.1991085392825154,-10.266009902781351,-1.2207810356693189,-8.566033591740899,-5.1887295512617442,-0.90423448235645931,-1.2548309206609798
000157,中联重科,bluechip,student_A,local_semantic,3.0560142662088383,-3.5129231638681189,-2.0685530040688498,-6.3326299893590372,-9.33422479992897,0.93166586741552282,-5.0075594491087125,-2.0971896956030442,-2.5485316483053015,2.404937311351576
000166,申万宏源,bluechip,student_C,local_semantic,9.4741603583927976,-1.3438090302970971,-4.6031923031217783,-1.662674386295236,4.0101743469104099,4.7827084795219301,-1.4728362517097131,-3.3592875276604648,-3.973626812112208,-1.8522266642804615
000301,东方盛虹,bluechip,student_B,local_semantic,5.5831168747591491,-2.6455423010891996,7.508216429154448,1.4938245816503497,3.0403815286869547,-0.57299750184627307,-7.929072006022853,0.13461070931833269,-4.3417591784360177,-1.2286376985055922
000338,潍柴动力,bluechip,student_A,local_semantic,3.3902528774810947,-3.040366243490336,-1.1417559932076307,-6.1083929361502349,-10.221069988053443,0.082369079974126347,-5.7172550595453435,-3.5478758466602081,-2.6387107858324903,0.85526167229747885
000408,藏格矿业,growth,student_B,local_semantic,-0.57124228626313978,-2.6221682979656094,10.754578637846411,1.6717627867322056,1.4030855402339384,1.8729460505711795,0.8598425864988628,2.8714060358642781,-4.9626479130308896,-4.3992689755343264
000423,东阿阿胶,defensive,student_C,local_semantic,-9.3133283484789011,-3.2004233366935706,-4.7430099954968687,-2.2784018275081803,5.7794801156319524,-9.930215445767093,-2.7565360321790191,-4.7930106506440682,-2.1960827744042035,0.51773913601722921
000425,徐工机械,bluechip,student_A,local_semantic,3.1419969377760517,-4.5144959220827285,-0.83883996947913186,-6.0616031035035336,-11.600680995984675,-0.6496046477248929,-6.6637115650868859,-6.1174362078975264,-2.3851685099649043,0.063609040920276888
000528,柳工,bluechip,student_A,local_semantic,3.4049569820560239,-4.7805926593216403,-2.2511094670455232,-5.6632688220769607,-9.3346530596222923,-0.99643813097611988,-4.8734474774433645,-2.6158479664576109,1.3905785558180117,-1.7176163895883032
000538,云南白药,defensive,student_C,local_semantic,-10.141880652061243,-4.6530717017853673,-3.8839383487846355,-3.0819215945216523,6.1814636123228635,-9.6401946631486748,-0.36970211039963602,-2.9376011968205313,-3.0369558856995402,0.79074130845530921
000539,粤电力A,defensive,student_B,local_semantic,-6.9766776568291835,-4.0889646263006902,-6.8732293422931967,11.04075789758873,-0.52619950578860308,-1.9802253871667501,-2.7485814728554345,-4.7560119408392048,-1.1148250471588228,0.29332688813130303
000553,安道麦A,bluechip,student_B,local_semantic,5.4453151507530864,-4.0310001073481763,5.7390564820885759,1.2043273907893068,3.3278462178119081,-1.706858592057845,-10.818455408308367,-0.31670209813605249,-1.4392365041287236,-3.3321037318275835
000568,泸州老窖,growth,student_C,local_semantic,-10.095630239704745,-1.7448855369105192,2.5712548355223466,-7.6634953716177119,5.0064210872422938,1.2931828488232324,0.95548669532079566,-1.8505712027830845,0.9088923972893721,0.67739829151563646
000591,太阳能,growth,student_B,local_semantic,-7.5555759889968881,0.13146270351659362,-1.0097933424602326,6.7006770396222253,-2.4487953064206773,9.6218677536769484,-2.1298787434131232,-4.2470057483441401,-1.7139667396826128,-2.6058822120691718
000596,古井贡酒,growth,student_C,local_semantic,-10.008901388574287,-0.61175204937747596,1.5367853518107051,-8.1400437146041043,5.4428226661348313,1.9127041092395101,0.45362244959701903,-1.067883401972388,-1.133676415756639,-3.1191670775819507
000625,长安汽车,growth,student_A,local_semantic,-1.9297419931566153,-1.4457172257514297,2.7026763681108807,-6.1640596988332064,-11.557447620396193,2.5726842553170672,1.8574247038411489,-1.1364417700569769,-1.5268725467419668,-2.2208676158193503
000630,铜陵有色,global,student_B,local_semantic,2.6127934333333531,-4.4834836442993433,12.530364778845952,3.3745454297735162,2.8053581191724968,-1.3576037770008682,0.532552514485651,-2.553709475664264,-0.60795695767193192,1.5043604033609561
000661,长春高新,growth,student_C,local_semantic,-9.3406930113169651,-0.83753128417021494,1.0218334494276915,-8.1398876314108293,4.5081756102621657,2.6251254036800797,0.41123399520915438,-2.6335069884401494,-3.2062484326589802,-3.1454953282274487
000680,山推股份,bluechip,student_A,local_semantic,3.8189468982401706,-2.9859510016146187,-0.72767589788067311,-5.9970534426185456,-9.7325222070062338,-0.91851301945988362,-6.5754734131056241,-1.2028071329141707,-6.1555482143640399,1.4172375618701472
000688,国城矿业,global,student_B,local_semantic,2.3887760328118084,-4.2430255234568826,13.100234194367506,3.6376984322404677,2.6549498423099385,-2.1505252103273031,3.4452276066572143,-0.92030535981709061,-0.93861706752107155,1.0872105412757831
000690,宝新能源,defensive,student_B,local_semantic,-7.0307018265133729,-2.3179307647562393,-6.3779728546306211,12.151932152663187,-0.99855011629406565,-3.0535018019845812,-4.0732941175124324,-2.7035522691889446,-3.3970869351453188,0.16721567665816511
000725,京东方A,tech,student_A,local_semantic,1.9779775724339252,11.928079342231676,0.119574989621545,-0.33194322822388733,-0.22763505284340152,-3.302446416156803,-1.1334944188618084,-4.6507872044378082,-1.0936361310983249,-1.0256103968850654
000768,中航西飞,growth,student_A,local_semantic,-2.7393751634441665,-1.6699309634977872,-0.08498092937946651,-6.9855257130377826,-10.578950077949456,2.5474434124443266,2.7548519289173004,-0.062385352543309708,-4.8237932108161603,-1.2793491393769594
000776,广发证券,bluechip,student_C,local_semantic,9.6680822875600967,-1.9999505595719436,-5.8094345883534402,-1.9568825905327532,4.9575437075477797,5.6430537490036619,-0.57230346106387386,-1.1528476581983929,-3.5697415296951984,7.5674414708792277
000783,长江证券,bluechip,student_C,local_semantic,10.091842608616082,-1.5700704170021971,-6.0752959966907962,-2.0521591024209958,4.8077190119577953,5.3863222781982847,-1.5801484756941733,-2.2494835906510602,-7.1481152686634326,4.2152303945686711
000792,盐湖股份,growth,student_B,local_semantic,-0.50189716257002703,-1.9179071855455003,9.8915776406381148,1.2417364485295241,1.666486047111597,2.2454130653440076,-1.5928155073379082,3.9090281628681418,-7.7712162101044342,-4.0952628183630342
000799,酒鬼酒,growth,student_C,local_semantic,-9.2317005913559562,-0.76042855729527004,1.2649705976992835,-8.4372114782231638,5.9030311233712442,2.0758678366102239,0.55154411539365145,-0.53999408140303751,-1.1012131195526635,0.99971489270661429
000831,中国稀土,global,student_B,local_semantic,2.3964744175645563,-3.7026444852245781,12.651511098734929,2.7157274456696241,1.6749524287367346,-0.72092669652593622,2.4301936568986191,0.5211683837316311,-1.5428625273161043,2.9085846352220344
000858,五粮液,bluechip,student_C,local_semantic,-3.9937047520419631,-2.2004503243935658,-2.5994495121806613,-7.9749969804139305,7.1289994552986835,-0.87325889395381795,-7.7681529020333668,-3.4659101897122904,5.1535516121526097,1.6138499953508172
000862,银星能源,growth,student_B,local_semantic,-6.7099496784896528,-0.32528872332722036,0.71263936557221608,6.2549588368938798,-2.12706670877827,8.7111814190301491,-1.5870828799629562,-3.1286386882770261,-0.8912990455090517,-1.9937568968772732
000878,云南铜业,global,student_B,local_semantic,2.6141859386412967,-5.3539708920542921,12.248902448103451,3.1697126935108564,2.3726607032701681,-2.1837172857496396,2.1764415206253025,-4.7888605971830405,-1.1407000400975202,0.26641397044630788
000895,双汇发展,defensive,student_C,local_semantic,-10.495492741953136,-2.5636596592292769,-5.4128767945038057,-1.6714511527822795,5.8379692633175182,-10.072435523767831,-0.49433537007164408,-2.1396465531223501,-1.1175941011302284,0.79959230484757682
000932,华菱钢铁,bluechip,student_B,local_semantic,4.685733745769177,-4.3769810395269166,7.2251301794963307,0.67859053934649838,3.1131179090029946,-1.3100514485474066,-10.361645246312506,2.3278843462140184,0.2188165928445352,-6.0671908144725828
000960,锡业股份,global,student_B,local_semantic,2.7988291196771531,-5.2854731298430329,13.18181033558113,2.3940351397132851,2.2758906994965424,-0.85691252447391197,1.4484237773715196,-2.0700398065274888,-3.5923908749469784,0.46225143682167208
000963,华东医药,growth,student_C,local_semantic,-10.224083160719992,-2.2273193739204955,0.36050314063203243,-8.7455445020877463,6.089763174305066,1.1725242321171574,-1.2056987295553985,-1.1709397623397226,2.0081814850784956,-4.4155510131192361
000966,杉杉股份,growth,student_B,local_semantic,-5.711735472914218,1.094372829057475,-0.45177171444141873,6.7165879551004393,-1.340121714775923,9.621327057915126,-1.3716302560859226,-0.07547779945155586,-4.3084934276330884,-1.2497875743595104
000975,银泰黄金,global,student_B,local_semantic,2.0676788998719502,-6.2931104085913132,13.114744461752059,3.9931861667853354,2.7344827224505006,-3.1576932820322883,-0.75867485632328169,-3.6760687519134541,3.8204069760518706,-0.084830606814725582
001258,立新能源,growth,student_B,local_semantic,-6.0004574928012371,1.0619659070714205,-0.55955586465951701,6.2588894758747688,-1.5831860765372407,9.3879369353936681,-0.51892610067344291,-0.21671658798487542,-1.5095442805067547,-1.9742713357328825
001289,龙源电力,growth,student_B,local_semantic,-6.2768944677332001,-0.79299107517507195,-1.9702229520715742,7.5448425345642356,-0.48001266245246194,6.723349659400693,-2.219854081694665,-1.3914993088027348,3.2022555647459026,-2.3776248696930891
001309,德明利,tech,student_A,local_semantic,3.0870192582034939,12.854941118339859,1.0176778638744928,-0.3593525978755614,0.46794548423874172,-2.1252276536447692,0.16692214283515472,-1.3659991523563799,-0.10373015509648983,-1.5326784949354735
001979,招商蛇口,bluechip,student_C,local_semantic,10.226177403864078,-2.9973139861302975,-5.3992085059584536,-1.9742530751123528,4.0817346405529591,3.3274738279625167,0.1002791083833269,-5.3360575190002706,-3.3222956880467822,2.3015312344800543
002007,华兰生物,growth,student_C,local_semantic,-10.797973158733676,-0.64891012837756334,1.3752311924071987,-8.5410029980382198,4.4150234558804158,2.7044730231895184,-0.82808390252234987,-4.7381613489389176,-3.8658568858591891,0.12197827985009371
002030,达安基因,growth,student_C,local_semantic,-10.513525851347218,0.44071413768816531,1.7347703063786333,-7.7529338770629721,4.6305093083182243,2.6049874514505005,0.38718946921655661,-1.6503305275289533,-2.4525635801232966,-1.5214226643375852
002049,紫光国微,tech,student_A,local_semantic,1.9804890806949678,14.079913579692164,1.5584090754966591,-0.43625988926195214,0.20832544985283624,-1.5245230707691493,-0.0436174101431758,-2.0461192712690344,0.24091264587618,0.60122796277818669
002064,华峰化学,growth,student_B,local_semantic,0.52719664754929418,-1.8041337151312995,11.132585395187929,1.3473304123147931,1.6342960119751802,2.1771191789754298,-0.9713885578103123,2.3943676085815291,-6.8107582466540331,-6.175968766222705
002074,国轩高科,growth,student_B,local_semantic,-5.8968701719389909,2.2859060160360536,-0.95253962504581013,6.7944827014576212,-1.6046992309840191,9.476140614883052,0.50209400710435703,-0.1755518933082878,-2.0277960699536814,1.716568808077231
002080,中材科技,growth,student_B,local_semantic,-5.5455427965607864,1.743662030490718,-0.33888992168910514,6.956805393861778,-2.6123217447126819,9.55483450451786,-0.66511718569486633,-1.9359079067709117,-1.0318180362497891,-0.096075690008733061
002097,山河智能,growth,student_A,local_semantic,-2.270835213833458,-1.435570217357754,1.580623559715628,-5.1871167961228135,-11.545131557962902,3.0337924876541162,4.037476642727821,-1.2088993853183596,-6.1068122694976896,-0.93888399857438787
002114,罗平锌电,global,student_B,local_semantic,3.4652063946991278,-3.9698069914872516,12.12729432628837,3.1596728705624564,2.3465851302467629,-0.014849071477112841,1.5282001456022938,-4.0549287857077037,-0.28739762392261897,0.93238928289438605
002142,宁波银行,bluechip,student_C,local_semantic,10.361507610264276,-2.5128114801547827,-5.1900335919671239,-1.1481442890788272,4.5509223049465657,2.7093005519323019,-0.14396506952316679,-5.8234342008052771,3.2052484453093064,-4.9214710900214218
002155,湖南黄金,global,student_B,local_semantic,2.5269279259375685,-5.6006040545196125,13.368380373471357,3.6206941568319637,2.9662164246136946,-2.63462273184635,0.61876537550922439,-3.5919533702249113,4.0612135646569119,-1.4831097918452265
002156,通富微电,tech,student_A,local_semantic,2.6984449365686789,14.395807885491713,1.0488078506114513,0.7078018820856028,-0.61895350636011148,-2.3047968491972362,-0.7326610588671153,-1.5496048767541943,-0.73937270689036549,-0.88950763817554268
002185,华天科技,tech,student_A,local_semantic,2.3393841254842833,13.388885691517629,0.80539555314192901,-0.67709385350185647,-1.1113045077606092,-1.6961776304875791,-1.6977622749858174,-3.0709655910451201,0.47672939176147833,-1.1492726250344873
002230,科大讯飞,tech,student_A,local_semantic,2.1632620153513207,12.969840514119298,0.75620454267679538,-0.065689010791297964,-0.23610535578844577,-2.7599175168088808,-0.0039740730185853779,-2.8370768983299044,-1.2615428921740905,-1.1524607837674008
002236,大华股份,tech,student_A,local_semantic,1.1827689345131085,0.84447485780709897,0.11450122993130926,-5.277905885800612,-10.178801854708862,-1.0902717781959763,-0.030812530174771147,-1.2531390185614963,-4.1850977529750111,-0.021133904462047964
002240,盛新锂能,global,student_B,local_semantic,1.0937666466771039,-3.2802243419555475,13.587211495722432,3.8860275292503248,0.88462659223385121,-0.82513561996332307,0.5493504696179895,-2.2855956844651262,-0.32854490431966904,1.6088558671576985
002241,歌尔股份,tech,student_A,local_semantic,2.0970114259415356,13.279063341281136,2.2068863185574594,-0.27299248275804144,-0.82609052646053227,-1.7083749587449728,-0.24054482304484864,1.023126194982326,-2.7290004065329367,-1.5075021786109333
002294,信立泰,growth,student_C,local_semantic,-9.4161447646709977,0.32196072718140589,1.3063147827853374,-8.511271209128342,5.0826452634810391,2.8442355818750045,1.2343242505587335,-0.63827336347906172,-0.76001806549676321,-1.2059510876568194
002304,洋河股份,bluechip,student_C,local_semantic,-3.5108263062528606,-1.4779005116693722,-2.6839107159337727,-7.7136807212843443,6.3804116951507384,-1.8240282495055355,-7.870317607622983,-1.3224515825384118,-1.0184184003759222,2.6476748772422889
002352,顺丰控股,growth,student_A,local_semantic,-2.3601181971572918,-1.3294835951766297,1.5769632369657411,-5.0943371297000644,-10.871307220501695,2.3698414014488951,0.55904710976214722,-2.4995777868318911,-2.8467970001131717,-2.4790389062211298
002371,北方华创,tech,student_A,local_semantic,2.2382107712583057,12.505594649502502,0.90812946130542382,1.2074627110279326,-0.26299177127587559,-3.0935243766450387,0.0096738491463163601,-2.9596107464538535,-1.1639651127367816,-1.7373168319933472
002407,多氟多,growth,student_B,local_semantic,-6.3328680064955982,0.85404145254450836,-0.13846542513224747,6.1595479484503404,-2.0185744870685913,9.4787187396771166,-1.6018586926236411,-0.77860359875928231,0.70236803016042204,2.0431739943477361
002415,海康威视,tech,student_A,local_semantic,2.5656216764340876,12.368772142724406,0.83348894520037409,-1.5396998816827185,-1.1417461455280806,-1.4324496733333487,-1.0861359217208368,-1.7762955487598879,-0.93936089466512962,-0.27591746267661521
002422,科伦药业,growth,student_C,local_semantic,-9.8922570381385242,-0.24698923316964233,1.6520085944672966,-7.6349056785615357,4.153060031340706,2.164393173525812,0.35952495920654298,-2.0988186286990982,-3.0515118993553774,-1.2793451986711459
002460,赣锋锂业,tech,student_A,local_semantic,2.5247113349241532,13.43002905113333,2.1706261890252954,-0.50129871450055985,-0.42832783281058984,-2.1113473833687095,0.46985019833256386,-4.212413798340461,-1.3964294696946737,-1.1810062493614086
002466,天齐锂业,tech,student_A,local_semantic,2.9596198675134975,12.765630613098571,2.1976441178876431,-0.14454988374911956,-0.85320558849203088,-1.5668548510429465,0.37234780695501424,-2.5850798376182609,-0.10438407071336445,-1.0493641256778117
002475,立讯精密,tech,student_A,local_semantic,3.0720538778381337,12.555809246334082,0.82024786245678372,-1.0804346021894449,-0.61454951984301986,-2.1327121388252275,-0.706137432868993,-2.3723046830653702,-1.1008479004384946,-0.39799690974608887
002493,荣盛石化,bluechip,student_B,local_semantic,6.0696302241805196,-3.4675921595044028,9.1869249990116941,1.6604802161067194,2.0892866779068422,0.58646325980007064,-8.0635951750096648,1.7969682295593259,-6.1350797561311721,-3.7498264780451338
002497,雅化集团,global,student_B,local_semantic,2.6082565866666316,-4.4497707039382242,14.039736158465551,4.2062081571211669,2.5372728866780996,-1.6454199313297824,4.7182056319145493,-3.0453491861959137,-0.00038746938650313645,4.3944429324272578
002532,天山铝业,global,student_B,local_semantic,1.7246017666471369,-3.8887985102245395,14.325933274790735,3.4398966597095626,2.2776488674755244,-1.7987022543822291,1.4534336163300234,-3.7568108491732572,0.98870039993814496,0.60655252989363584
002557,洽洽食品,defensive,student_C,local_semantic,-9.4646027737371838,-3.9222190503859671,-5.4869010860627601,-2.9252646100619888,6.820819062931271,-8.5313523698641429,-0.77532253565247733,-3.1422343011929108,-2.0000918546523732,1.79907973575902
002594,比亚迪,tech,student_A,local_semantic,2.3869083021073028,14.292497329513525,2.020024882806557,0.98702704364485083,-0.76320887025109485,-2.6768470716844539,-0.97008660176170813,-1.3633197723188606,-0.069379842190736229,-0.18082945106446102
002648,卫星化学,growth,student_B,local_semantic,0.57829159049873335,-1.8589830859506749,11.290161621305982,0.86425186519654729,1.7976346997048558,1.0289655376100089,1.4980253954274565,3.0143623985942907,-5.4371232792944868,-3.1683863055206798
002709,天赐材料,growth,student_B,local_semantic,-6.2058963953972253,1.9583919094034772,0.12417895439200394,6.9904938556075527,-1.5118260601975584,8.8416974338465923,0.95151937318287882,-1.1722638179023868,0.69076994441023531,-0.490305296143976
002736,国信证券,bluechip,student_C,local_semantic,10.047527546967705,-1.2408278330308931,-5.1619461169308885,-2.154654434460805,4.8885783477994122,6.0219729594911993,0.9754625285352283,-1.3182886985317765,-4.1548886146814503,4.9604395613885872
002738,中矿资源,global,student_B,local_semantic,3.3367010631827227,-5.1083133066241135,14.046096386759626,3.4600383976641176,2.3972961364136447,-1.8706265893984795,2.3872872782707448,-0.41011879610721647,-0.74727153911093147,4.9467358161664077
002756,永兴材料,global,student_B,local_semantic,2.5635346836010928,-3.6956716408587305,15.007534457170735,3.8560604001427974,2.3792711742261132,-0.89737950331715666,2.299474547922074,-2.358494648124529,-0.49480942910238168,2.5165410268067996
002812,恩捷股份,growth,student_B,local_semantic,-7.3044653049761621,2.1276453430259634,-0.6224873120443124,6.5816891600241894,-1.9918189710896745,8.662875535251251,-1.4607754313112555,-0.59396895320973653,-2.5477998033351659,0.67932587457232441
002821,凯莱英,growth,student_C,local_semantic,-9.8008037617382175,-0.37778583214106831,1.1396723074072885,-8.7338894524595094,5.4492647945283874,3.4905659218892224,1.8394032820044361,-0.93788301651487238,-1.200786170778583,0.29531463643258132
002926,华西证券,bluechip,student_C,local_semantic,9.9839688240654034,-1.0902007101417073,-4.5878889906419031,-1.9624557637698041,4.7701076879778297,5.7364664979830087,0.045773768278425053,-2.5494112027681544,-6.579113720427455,3.3217582795994813
300014,亿纬锂能,tech,student_A,local_semantic,2.2469852165417059,13.007387053305425,1.7355127209903647,-1.0883312605878923,-1.3405036360064242,-1.7539806675544549,0.2771305330338637,-1.6769708413783886,0.031520121769867057,-0.66788588957535788
300015,爱尔眼科,growth,student_C,local_semantic,-9.5650785563129563,0.053429355602589212,-0.78542277646633885,-7.4853112041902587,3.4615416743584655,1.8271168909845859,1.3672044565741774,-2.0184280258863421,-1.5812093549806991,-2.2023873448904814
300017,网宿科技,tech,student_A,local_semantic,-0.16498955560471218,0.85385362802991149,-0.68961511217747529,-5.1422967224416816,-11.127892574326291,0.037983580376181825,0.31004542262397627,-1.9264139023508469,-1.4842757439386047,-2.1130089246394927
300037,新宙邦,growth,student_B,local_semantic,-6.9917203924797304,1.0887291151108207,-0.2373717017427282,6.0856075924053643,-2.2522665509754352,10.68144430480848,-0.25747983874948516,-1.5450310981476358,-1.0905949589488284,1.3801047114575056
300059,东方财富,tech,student_A,local_semantic,1.7955103838016415,13.56745156956697,1.0879444890663716,-0.66441295225070318,0.47209944031143003,-2.2731909937541359,-1.4660661353239401,-3.4514530460970327,1.7534446350860409,-1.4776370905922542
300073,当升科技,growth,student_B,local_semantic,-7.5527483271069089,3.1500365221908528,-1.0547755812661266,5.9277619932802494,-2.1294717093796924,7.9546559038018341,-1.6576258506541452,-2.5755304461607662,2.6217697047378659,-3.0140633612539682
300122,智飞生物,growth,student_C,local_semantic,-11.176592724195244,-0.38079105611889985,0.57165483285067398,-8.652356451699255,5.0355127561972655,2.4682820630838731,1.5598830003486235,0.0016664244997977029,-3.5899710555355515,0.67672527651054681
300142,沃森生物,growth,student_C,local_semantic,-11.026513113488239,0.084040810894282836,0.2174534216315448,-9.3130382104157707,5.0743527850501433,2.9919860809932866,1.1687581665430398,-1.2101892008359045,-0.57081065527583696,-0.19661578462279944
300196,长海股份,tech,student_A,local_semantic,2.4251374823093235,12.561726171436611,0.40100525656887265,-0.035592856293699418,0.24284894850088748,-3.1876860153227584,-1.1436979723651461,-0.89010061664746143,-3.5728214486808207,-1.8117549315735866
300223,北京君正,tech,student_A,local_semantic,2.3272074653197028,13.136327405420701,0.68277617515108857,0.72884563690735238,-1.3979939766978158,-1.7916274353836439,0.031742176101763442,-1.3162844024832954,-1.3070472254835395,-1.8425057814467452
300244,迪安诊断,growth,student_C,local_semantic,-9.3645869250019356,-1.7175940309504072,0.7286791664772414,-8.0722731744032838,4.521112276483982,2.4828889396824469,0.71028992451321393,-1.5136449958456897,-2.0593103032560411,0.83917840423630774
300274,阳光电源,tech,student_A,local_semantic,2.641542931519484,14.182461259085972,1.5088280950539059,1.0153527962471067,-0.15249968901943506,-1.6904112236175954,-1.0343392896509971,0.20113777536356273,-0.40288199122122731,0.02531786596421115
300347,泰格医药,growth,student_C,local_semantic,-11.113239335009604,-0.22838982182692791,0.7289426835690741,-9.5743723317140521,5.4708007059166128,2.3000804038017506,0.80181791785030376,1.4631361659584567,-0.9813825611889827,0.82733314646279799
300363,博腾股份,growth,student_C,local_semantic,-10.724964775265075,1.3396419942868574,1.2308420223604457,-7.2911955281332004,4.967982543356908,3.3007695739508001,0.59314679201861253,0.74879095884675118,-2.3081790147178602,-0.77486246279751869
300450,先导智能,growth,student_B,local_semantic,-6.9604081427533906,2.2367100112639156,-0.2836208079576461,6.9497221481703981,-2.0298059048311647,9.5191897411033466,-0.32390165738070426,-0.5022740943378976,-1.0230719568734052,-0.35259010426182036
300474,景嘉微,tech,student_A,local_semantic,2.2106286787394378,14.855734585015121,0.84598039111212475,0.66271378205616949,0.22363027353717335,-2.447351080734149,-1.2312850688758292,-1.6084763503454127,0.19218392518838517,2.7943304102264195
300475,香农芯创,tech,student_A,local_semantic,1.9797459639522603,13.604249364863685,1.1222057655231339,-0.12543458355889348,-0.22614391276378021,-2.7579690972596969,-1.102379660117335,-1.8530538481697769,2.7046415800679111,-3.9278926268605598
300568,星源材质,growth,student_B,local_semantic,-6.9498320081247886,1.3398106466410937,-1.2814652053702589,6.4288154531470934,-2.4557759675785964,9.1033052066904183,1.5451216366280964,-0.52853013449753872,1.7491700729434978,1.545499445884793
300676,华大基因,growth,student_C,local_semantic,-9.7033943934532907,0.32125813960700855,-0.27866704223888861,-7.8892742408296765,5.5566721322556107,2.8255453752602984,0.89809028157322357,0.80310764102595744,-1.0909375549529141,-0.0500486549015694
300750,宁德时代,tech,student_A,local_semantic,1.376884339164675,14.389114619982337,1.621973794363633,-0.041278359380108737,-0.79296968165943671,-2.4980130306123609,0.4099133525374733,-1.5460825287533682,1.7372868088295266,3.7203056416562408
300759,康龙化成,growth,student_C,local_semantic,-10.110320689438602,0.50297735497147711,1.1288456358736469,-9.0024953818670337,6.1123156273359553,3.0746049382822243,1.9360649410551778,0.095092545951720425,-0.11687665220299906,1.8713713372809206
300760,迈瑞医疗,bluechip,student_C,local_semantic,-4.420154523458149,-1.6521463851010432,-2.7700695521968099,-9.3758155282283919,6.285210170109389,-2.0581001458834338,-7.6720370694352376,1.3001993628309867,3.3355352549675006,1.450236503993755
300769,德方纳米,growth,student_B,local_semantic,-7.2760787746944526,1.7625960790021009,-0.28639466102042921,6.54187186234281,-1.5586671932884619,10.060638574866738,0.08315784762140413,-1.4880523799978351,1.5351723078424369,0.51774003512702449
300782,卓胜微,tech,student_A,local_semantic,2.2338886074223883,14.816814692042948,0.66945576860984635,-0.63879447839698922,0.0095647826469422055,-2.9594128693559987,-0.61147060282482868,-1.314447659873949,1.1827669612436627,1.4556774276179083
300812,易天股份,tech,student_A,local_semantic,1.7953339843958798,13.00648963300765,0.97640118615175986,0.16663391213619416,-0.37214704969395029,-2.0797338612511749,-1.0884258545161278,0.17747883977784579,-2.4739193681841654,-1.5278750347965446
300957,贝泰妮,growth,student_C,local_semantic,-10.779429268905485,-0.24066756221594704,-0.070709421909050191,-8.1580829621788222,5.7469360796543487,1.9872226149113099,0.35410859428199115,1.4555266372145765,-0.97837509001248824,0.78246014870817482
301308,江波龙,tech,student_A,local_semantic,1.6809935177718285,12.105946774080508,0.43574173802630067,-0.078315589858359624,0.34629395011446312,-2.7144761414417391,0.62423189019487135,-0.049518989018409287,1.2647401371710325,-2.1664881933436333
600000,浦发银行,bluechip,student_C,local_semantic,10.038963753786048,-4.174674361267984,-6.2577782261812711,-1.5338293194880772,4.5648034717087098,2.0759313345355541,-2.0273451596245402,-5.5822265535490798,1.9687966649930748,-4.868274591209925
600004,白云机场,bluechip,student_A,local_semantic,3.963892285205556,-5.3779036693335307,-2.7226139435445371,-5.566272868527772,-9.6850906586879439,-1.4965709411453096,-7.5862754329229389,-1.5967952440774815,0.74280335280203813,1.1119180356716205
600009,上海机场,bluechip,student_A,local_semantic,3.5057600784981,-5.4039308808876108,-2.7105058138854048,-4.8529008350349958,-9.7448972845451056,-2.5127024525029169,-5.6000971845030767,-3.0254598503874663,1.3471308272055951,0.03361820713002367
600011,华能国际,growth,student_B,local_semantic,-6.3241642773792464,0.034506852742847594,-0.15024733290704168,5.157033209927822,-2.63564667409223,8.6387573316104156,-0.37985997223260198,0.03402338414184905,-0.8757678743360866,-0.98357063529978772
600015,华夏银行,bluechip,student_C,local_semantic,10.305445530806985,-4.0825110387945012,-7.1176265423708571,-1.8817534472895894,3.5992909474849246,3.2378531594660309,0.18862206160026967,-1.4046866640856446,1.1912490239172064,-6.1500199230056802
600016,民生银行,bluechip,student_C,local_semantic,9.3379953297255334,-3.922977626378227,-7.3645968896748517,-0.72756507641288026,4.5729649246758424,1.5108257189175167,-0.12681365043651099,-0.79281027633945578,1.5017290629641618,-3.4277178230761036
600018,上港集团,defensive,student_A,local_semantic,-1.7804951333166037,-5.5062647119094432,-5.408719547401537,0.45218583908268578,-10.208411574584966,-9.4544809477616347,3.2261432272881967,-1.1640233708471839,-2.1833860648343832,-1.0863198691247928
600019,宝钢股份,bluechip,student_B,local_semantic,5.2251855970408059,-4.6553449954453958,6.4850580121912067,1.6940561546787813,3.0475463685985376,-2.3788159794495982,-9.4652251757400858,4.7078823313819118,-0.061709018931940418,-3.4468442964111246
600023,浙能电力,defensive,student_B,local_semantic,-6.5346434926237134,-3.170914477374442,-7.0954552806905049,11.94974451341626,-0.56198940420371324,-2.4520132252056728,-1.485344697947371,-1.9076705179614382,-1.4751456976259232,0.91624999187890244
600025,华能水电,defensive,student_B,local_semantic,-5.4788407185468877,-2.5235685880670387,-7.1880016412294481,11.694533992948855,-1.5093907859653766,-3.4966738384706124,-2.4453701100765244,-0.46699925619092747,-0.92226465990719597,1.0701237553512721
600026,中远海能,global,student_A,local_semantic,1.1958061758899938,-4.9621256621842829,4.8142630221469007,-3.7512404588286294,-10.274265358782348,-0.42594585117670103,4.8178639422346698,-4.0026471434286934,1.9495601036858556,5.273058034681152
600027,华电国际,defensive,student_B,local_semantic,-5.8120842219685986,-2.1357269046227088,-6.7553401913269013,11.745385256393845,-1.969160786066827,-3.3038900921164469,-2.2470697621754026,-1.3800445912461909,-0.89402613587086233,1.7321122153141828
600029,南方航空,growth,student_A,local_semantic,-3.3934426869062153,-2.6564288309942476,0.72334319864810315,-4.2866078557167429,-11.767526874489025,1.2814547612958593,2.9924517718075321,-1.6713595843145788,-4.0051108365267236,-3.7367768610325007
600030,中信证券,bluechip,student_C,local_semantic,10.671688318353329,-1.8233994662607138,-5.2366354614040471,-2.1234340401829637,4.0412924004214927,5.6732555660978772,0.97404288492052726,0.49759097735952107,-4.147964254067082,4.423326123041786
600031,三一重工,bluechip,student_A,local_semantic,2.8473710316020027,-4.1763437105845931,0.30740003246217684,-6.0528394756902113,-10.802672624291599,0.080422832333594152,-5.1794616056979415,-1.2485252295134508,-0.42507322670782954,0.6103789117714119
600036,招商银行,bluechip,student_C,local_semantic,11.770596165307795,-3.5459909037904334,-7.3797153406209901,-1.7375917650199835,5.1709462733715457,2.956093223013462,0.039715988426825083,-3.6084683665047139,2.3203013043089591,-3.8558137941654524
600048,保利发展,bluechip,student_C,local_semantic,8.1103508722965003,-2.141131590512213,-5.7317678045337566,-1.675149145586148,5.2212939767640112,4.6196740229339603,0.85818959678624029,-2.8675826789755847,-0.85780128458137228,1.0025712315943593
600085,同仁堂,defensive,student_C,local_semantic,-9.6375079165211854,-4.0336994600140681,-6.1700243123249425,-2.8923319849340827,6.5215349248920287,-10.335144982235686,0.0062753201983212215,-2.5246443924894675,0.93870418987323001,2.7113947129375355
600096,云天化,growth,student_B,local_semantic,0.02488604722760196,-2.0697525333307736,9.5864369949735035,1.2672851962801521,1.7530286587337507,1.8030190681029541,0.068689414305176222,5.2923722586799347,-4.7526323412125349,-5.4243281257290965
600098,广州发展,defensive,student_B,local_semantic,-6.4062245890054026,-3.523828627420559,-7.4181978804054403,12.512398190989803,-0.93623992393403488,-2.9912265682004788,-1.9661905937945705,-1.4831678240119217,0.71818651333742656,1.7873551057133168
600104,上汽集团,bluechip,student_A,local_semantic,3.741607751573655,-5.1784839018558531,-2.451364205969099,-6.0163654548752437,-9.6787940875926637,-1.4628832448138693,-4.4246940911138619,-0.73980064866171635,2.3784869020134169,-0.93362534443056511
600109,国金证券,bluechip,student_A,local_semantic,4.885628150900442,-4.1537169009157493,-1.7343771631514167,-6.0460004608341498,-8.8860697511159614,1.021942318449921,-2.6855748961396784,0.74733739802666976,-1.6300415553396324,2.7318561075435999
600111,北方稀土,global,student_B,local_semantic,1.7933736103778464,-2.888615399842454,13.03817306869303,4.1086463297338565,2.0228626654873532,-2.0258021192401414,3.5024102544340061,1.3397986807646611,0.53318336027863911,3.1718829430220721
600115,中国东航,growth,student_A,local_semantic,-1.5690516229640254,-2.9370508207410957,-0.0093693313228915831,-5.3210057056789966,-12.495181593555731,2.8544740037165468,3.8039401277021616,3.0240235389825214,-0.19600205394825326,-2.249382714846675
600132,重庆啤酒,growth,student_C,local_semantic,-9.9405285488070145,-1.6365095713879572,0.15843728104589727,-8.0077413175359169,5.0612763918238963,0.82213886497825095,0.60594260654114318,1.6548514835871495,5.8005455210843815,-3.8729275652204862
600141,兴发集团,growth,student_B,local_semantic,0.22819230067175192,-2.7316356803307311,10.596200951511651,1.553038217575029,1.168156059481575,2.100865733873055,1.8933582504748068,5.3193669392083436,-4.4720112382121169,-5.0720190286766584
600150,中国船舶,growth,student_A,local_semantic,-1.9939596380209006,-1.569019089714496,1.3817491430209103,-5.2543216597752131,-11.462305489978204,2.4806259309533591,4.0005862004042481,4.107233369383902,0.50930164652578747,-0.66409464618263736
600167,联美量子,defensive,student_B,local_semantic,-6.6950558556976123,-2.7165739089476686,-7.8205859707084411,11.419628559347625,-1.0315584781976317,-3.5879296450478817,-2.5563985196266983,0.9899143696792676,2.6932607983343173,2.7004376931357679
600188,兖矿能源,bluechip,student_B,local_semantic,6.4624409978230428,-4.6496538993806915,5.9460597021498689,2.1301172665035804,3.5124288338155583,-1.9009706256205243,-7.7339089483093311,5.4199969675466324,1.13124797867478,-2.4596544049223037
600196,复星医药,growth,student_C,local_semantic,-9.7090778786806418,-0.93509168251091701,1.6552563932845175,-9.2825622943273647,5.2747928841536904,1.6168818670399434,1.1445739897805218,0.032047267520543821,0.47677685945800208,-1.5621699581349726
600219,南山铝业,global,student_B,local_semantic,3.4167578385355357,-6.7185296787279194,11.992876919589243,4.451100018304202,2.8862759067040322,-4.1432753201666976,0.66575134588031426,-1.5036597097992839,6.0424509892158751,-1.2130509995631664
600236,桂冠电力,defensive,student_B,local_semantic,-6.4734168986593037,-2.640561817119881,-7.4352089570925282,12.856380775569157,-1.4644734455009139,-3.6741659999936482,0.011368386572641942,-0.817371916371745,0.6805839355090666,1.5663992212769327
600276,恒瑞医药,bluechip,student_C,local_semantic,-5.0551443561776139,-3.4190149397708982,-2.9410285822389728,-8.8582532888369414,6.3917260342726827,-1.8399391676425123,-5.3087030524474947,1.8108225054622147,5.5108114416373244,4.8496464172839531
600278,东方创业,global,student_A,local_semantic,0.50154218969441344,-6.0257998190089612,3.4501671431385015,-3.0920801606059514,-10.01928438701176,-2.0640288739209343,3.1368211483944419,-7.0634169813660934,8.1744814922341256,0.60207262418313023
600309,万华化学,bluechip,student_B,local_semantic,5.5779090193516332,-3.7449137371637953,8.9195418546325858,-0.081038476801016196,2.2749374757550815,-0.96790165171805942,-6.6480080075591115,3.2717654846484447,-4.5795428369501687,-3.0717995209622879
600317,营口港,defensive,student_A,local_semantic,-2.707044563158707,-5.7615452899902939,-5.6717323403060327,0.72075168344027318,-10.337324831048345,-9.7329614222905327,2.7149060075172455,-0.70129762201313617,-2.4953557134892841,-1.485185700558449
600332,白云山,defensive,student_C,local_semantic,-8.7782926823720615,-2.7874913797705312,-5.8140100108831136,-2.1540633024746363,5.271218354799033,-11.397546832740506,-1.1910364704104703,0.70609791123760324,-1.3978313611557285,2.7021212164729875
600338,西藏珠峰,global,student_B,local_semantic,2.9855944674855213,-4.0140884626231852,13.489492593361895,3.567886387882937,1.5818669052015732,-0.66871089652246285,2.4810143336561601,-0.69634028194203956,1.3539015163192949,1.3985149762747775
600346,恒力石化,bluechip,student_B,local_semantic,6.0696513673559673,-3.2868019596673497,7.7353840476844571,1.1161078284517232,2.8242043827082441,-0.70222052088218001,-7.8546662229280759,6.5841427882002472,-4.9712685248721131,-2.8721224065285287
600362,江西铜业,global,student_B,local_semantic,1.91857939912525,-5.0618324802066716,13.923077442221192,3.2650730545698758,2.5099388052444125,-1.7109047882105461,1.589918447019911,-2.2580980386855516,0.030509901986100735,-0.21220434445288017
600380,健康元,defensive,student_C,local_semantic,-9.9746318981992168,-3.293127987667047,-5.005509301262439,-3.331444222564178,6.160799606650424,-10.551947849498418,-0.84963894532557749,-0.13865204319061453,-2.0576329201712404,2.144732285581437
600383,金地集团,bluechip,student_C,local_semantic,9.5271189767416153,-2.290854167756915,-3.7378655225249817,-1.4602488860355545,4.0060642209867776,4.1290459429368518,0.17974798340598672,-1.5219824915314999,-2.0116451277923444,2.3739747442042072
600392,盛和资源,global,student_B,local_semantic,2.170929995670912,-5.1649125831742317,14.01630886749302,3.6994463773476638,1.3585852050046443,-2.1641860143549994,0.91687756924136254,0.38848322617658965,0.7664817607666512,1.4736442463154713
600426,华鲁恒升,bluechip,student_B,local_semantic,6.2102319716614964,-4.8764941527317163,6.0291120795640403,1.5909799642497735,3.8031861598821699,-1.8511767084998809,-8.6110946399019923,4.4791973028071759,1.5730471559248191,-4.5244961485566062
600428,中远海特,global,student_A,local_semantic,1.4850269527633511,-3.8451705583570264,4.8459047843366783,-4.0632665298910071,-10.627138936514026,-0.14024837835809317,5.4881527786374988,-4.1479138342634165,2.9833904314714128,3.7952934346498615
600436,片仔癀,bluechip,student_C,local_semantic,-3.4733858365250452,-2.1220579806314848,-2.748267281164825,-8.4095961629633926,6.9355395388755499,-1.0312755998835803,-7.2463466876913518,0.25945264407799506,4.8582392873011866,4.5045533497746328
600438,通威股份,growth,student_B,local_semantic,-6.8655714480446877,1.0423379576490943,-0.46857709613384091,6.608578119736638,-2.1239974370157273,9.1029005627336002,-0.80272960914224345,2.7566777304393923,0.92020540524561545,-0.081349855687433859
600452,涪陵电力,defensive,student_B,local_semantic,-6.9363031145346081,-3.3983407318404328,-5.7973382277999015,13.022148676683004,-1.0873679226905872,-3.3535797864207533,-2.4441215868449135,-1.6701084587275969,0.027153560704530538,2.041917935707116
600489,中金黄金,global,student_B,local_semantic,3.5412083721416252,-7.1939095527449446,12.499699476641743,4.4027331212583709,2.3435248833921545,-4.1125028089383999,0.11795852057352404,1.4764978986321071,4.5486825206849204,2.2877960801569222
600497,驰宏锌锗,global,student_B,local_semantic,1.8511362986146145,-5.0872015199030489,13.866679094595987,3.1445534542356119,1.1596257228283147,-1.7363060581816048,0.8077615388977617,-3.5044483250103338,3.0160332028603793,4.1007773805596859
600519,贵州茅台,bluechip,student_C,local_semantic,-4.7620345911996615,-3.5165479282428431,-2.3929274691077489,-9.3048553192939227,6.8297849235071686,-2.7456018785710494,-6.7553499769993204,0.87486826981016574,6.1169858106155761,2.0041997590601888
600521,华海药业,growth,student_C,local_semantic,-10.1890725655932,-2.0706285725716174,1.1720416884531983,-8.2310871346406973,4.6215243670743726,2.5507263913703846,0.82161798148977883,-0.98960931907780636,-0.53045011437929146,-0.74429402006560663
600547,山东黄金,global,student_B,local_semantic,1.9112446326467127,-7.1150189408425053,12.558604536708476,3.946029452999281,2.1773889654465739,-3.7248085405032003,-0.11235553932295853,-1.3280060991459841,4.1374433130511763,0.47327722284480434
600549,厦门钨业,global,student_B,local_semantic,2.7850900614810437,-4.2664532574257716,14.085600621051832,4.2333164292235974,3.0447282883787237,-2.9656955203961615,2.1321701761222953,-2.1069366253090216,1.3703582141540311,2.3235764735872944
600570,恒生电子,tech,student_A,local_semantic,0.99432667810394293,12.047980663972726,0.041354566507363022,0.13840700371615555,-0.14545084254963397,-3.8741708965747947,-0.79625360913133192,0.0073877211507534027,2.8023475963734841,0.84504006512449636
600578,京能电力,defensive,student_B,local_semantic,-5.8911343134337368,-2.481469833521869,-8.4979235026434026,11.978049140296529,-0.93965325229844721,-3.3501783665683562,-1.9954052370497342,-1.4780752281979777,0.25070839425607305,1.7668885405344663
600584,长电科技,tech,student_A,local_semantic,2.0761359148557639,13.195881065616938,0.46696111807700547,0.57979129639478977,-0.92568358927675432,-3.5208774699298604,-0.86999273313516268,-0.33111058644560409,1.7860785403959707,-1.0175258193617946
600585,海螺水泥,bluechip,student_B,local_semantic,5.951117129234774,-4.5481023198558264,5.8157358546262534,1.0861326940281142,3.2480720639918448,-2.2998979184456987,-10.03209977872995,4.9776561318186499,0.86349282664902449,-1.5043189110655981
600588,用友网络,tech,student_A,local_semantic,0.59383357846900175,0.11937805186943218,0.39642055960337208,-4.139782380273612,-10.561950408823879,-2.3199356433482659,2.258299819100805,2.836811071012475,-0.96318648425732378,3.1653312491970373
600600,青岛啤酒,defensive,student_C,local_semantic,-9.5927658403359608,-3.2906218090252439,-5.1903591711448982,-3.2525093841386625,5.2701827874392855,-10.980064262988599,-0.87766212067009919,1.4461315805961958,-0.48501993518417952,0.77109953258635555
600606,绿地控股,bluechip,student_C,local_semantic,8.3191150515584624,-2.0548512642406798,-4.9494758811046315,-0.61155885168813673,3.7163897147095932,3.1649423533880752,-0.7167396314376745,-0.60728937818791684,-1.461183210114154,-0.17744427053211742
600642,申能股份,defensive,student_B,local_semantic,-5.8647859675098388,-2.2973245177696788,-5.940194239084974,12.440349379254515,-0.76165071401623119,-4.1114554517706097,-2.1894307378834719,-0.88800620609322634,-4.7564327804181827,2.8265132424049724
600649,城投控股,bluechip,student_C,local_semantic,9.4238780520264704,-3.0162748662886067,-5.515978594689356,-0.38325938779982111,4.3095192271022391,1.5030634613593137,-3.0556372081400451,-1.287216508539655,3.0126455341196352,-0.71301858234956828
600660,福耀玻璃,bluechip,student_A,local_semantic,3.6508015903672075,-5.0022434941487788,-2.0542429634603971,-4.7957001242057853,-9.7909232545577574,-2.0725962918204068,-4.9165142221003117,1.3312649655774371,2.4216966215573832,1.6453632984135975
600674,川投能源,defensive,student_B,local_semantic,-6.9375659352142982,-2.1962247771134047,-6.8376391665950171,13.900107111550998,-1.2110652365200623,-3.7372958077809106,-3.2270555877898577,1.79160061452902,-1.2522709369559726,2.4734265625585228
600685,中船防务,growth,student_A,local_semantic,-1.9976831586614561,-1.9027927128121602,0.89653421437900427,-4.9523234007740635,-12.409625703222089,2.6062817825253681,4.2111151297020868,3.2028308702184374,1.3963285145142621,0.67977458089944764
600702,舍得酒业,growth,student_C,local_semantic,-9.921963534568885,-0.69675871875471207,0.34267893168084029,-7.5729278414005883,4.8981853195096097,0.53219862257883732,1.9083627569050781,2.1121455644360014,-0.5194598335350854,2.2365300399010435
600703,三安光电,tech,student_A,local_semantic,2.1931508246580131,11.768177428413271,0.98418072702388448,0.8892146977599531,-0.62664217256507326,-2.3854847191052087,-2.7296697988131555,-0.58027242526852829,0.11411731763736845,-0.162665306261011
600745,闻泰科技,tech,student_A,local_semantic,1.9721693951930626,13.192159859111188,1.2588684082454764,-0.33188559088671121,-0.7314216506532496,-1.8492137302602751,-1.5749057750672417,-2.227545099148978,2.5380359985832861,0.53960266606832397
600760,中航沈飞,growth,student_A,local_semantic,-3.169362109698715,-1.6703370616030075,0.46124238900982806,-6.4783551961661701,-11.053813303756593,2.910899095903579,3.0376821296675072,1.9103075638732272,-1.1603130902921905,0.83505299677974243
600761,安徽合力,bluechip,student_A,local_semantic,4.4535933900093152,-5.0702460451155948,-3.0388641966041257,-5.0612464332857492,-9.264172190039428,-0.34735274534670946,-5.959907238636192,-0.63421187558614123,5.2968713182863354,0.14918019596574209
600780,通宝能源,defensive,student_B,local_semantic,-6.8243809153207735,-2.6916601972685767,-7.3512754578800692,12.653856631107374,-1.5312966825127048,-2.3588193086751343,-2.7274155965808089,0.74685981355765962,-1.3572637475903506,2.4153270033324823
600795,国电电力,defensive,student_B,local_semantic,-5.6232150637139089,-2.4852345114917451,-8.1186999891545302,12.636073462650057,-1.1278890288180849,-4.0107779399502501,-2.8790603815381517,-0.60864844936493545,0.16180113927342277,1.2703455154882421
600798,宁波海运,global,student_A,local_semantic,0.23402264471499581,-5.1636823228299775,3.9444016662321268,-3.999221270065425,-11.077782784582332,-1.5435396292720491,5.2108891331117633,-8.9549516622374359,4.8081928583947811,1.9787579482693665
600809,山西汾酒,growth,student_C,local_semantic,-9.2855889400085125,-1.0107211860332121,1.1507057157577283,-8.1780358949173397,4.6832540647038901,1.4211133158467293,3.101049450637904,1.3183192180943168,-0.42166568625289214,0.6595082484126864
600835,上海机电,defensive,student_A,local_semantic,-1.8196309866744238,-5.7339573691908843,-5.6084361934945974,-0.18659236207285307,-9.6846337608168866,-8.4262205768960694,1.1259719368448513,-1.8376045954149645,0.014391268910182053,-0.42340754440341899
600837,海通证券,bluechip,student_C,local_semantic,10.410725090303492,-2.5455513371078449,-6.4886061926706553,-1.5687043727049765,4.5300869365659509,3.9762610977323369,-0.53952885600672817,-0.076890202584713435,-3.1488415346645113,6.4043516364280304
600863,内蒙华电,defensive,student_B,local_semantic,-5.9844598425606357,-3.3614238212384979,-7.6720440221703088,12.951291429287958,-1.3793110625539753,-3.8900512169536254,-3.3951778207160226,1.2032989039071502,-0.94143474843366737,3.5124123347850937
600875,东方电气,growth,student_B,local_semantic,-6.2822096453665424,0.70793357472194451,-1.8039648270297421,7.1885272527416628,-1.8026799705368355,8.8038214247273814,0.061342240949431096,-0.80517924652817141,2.4584707719117933,-0.11119147448768396
600886,国投电力,defensive,student_B,local_semantic,-6.0407353874710878,-3.0804447262662951,-7.0403545519380044,12.181159671816948,-0.55459055526296486,-2.7063496797076128,-1.7831078286170658,2.1466698960507005,0.10052596412579085,3.6146216523900332
600887,伊利股份,defensive,student_C,local_semantic,-10.035171481763577,-4.1704431678769147,-6.1664080070825147,-2.3107267903128914,5.6071787026140703,-10.163467491339743,-1.0054629648958096,2.9574008088805428,-3.1562330113489421,2.1693701481236816
600893,航发动力,growth,student_A,local_semantic,-2.1401342908918624,-2.7671487630644038,1.3842559853603538,-5.3143746069249023,-10.388925892668137,2.2773020859263706,1.4673067478185406,2.0239681585470999,-2.1220971537372537,-4.155422248484566
600900,长江电力,defensive,student_B,local_semantic,-5.7992592864034904,-2.9656167311410422,-7.2072422267106706,12.348997052176454,-0.51201126772026961,-3.6439979688664303,-1.4768278281082119,-1.9945883677930869,-0.16437772355357427,-1.0801784060868167
600905,三峡能源,growth,student_B,local_semantic,-6.6841257019734606,-1.133436544927567,-2.2173646004118108,8.1415120165840946,-2.0673218787106138,7.4976348768166359,-3.051355978522718,0.036385060251178131,7.1742979164286744,-5.8529530562197669
600918,中泰证券,bluechip,student_C,local_semantic,10.372653730389418,-2.1919840932867993,-6.0751793606396323,-2.3315273848833269,4.8918768517175657,6.0017616302307539,1.683164295272646,0.67413239404176706,-0.95820088870523989,5.4804986227970458
600919,江苏银行,bluechip,student_C,local_semantic,10.866990664557292,-3.5026712795278514,-6.07514440762926,-1.3890908248408351,5.6991452604782493,3.1001620232372664,1.6454863394233561,-2.6591782881832096,5.0020659500843037,-3.1276665370464314
600926,杭州银行,bluechip,student_C,local_semantic,10.713842475879996,-4.7463948304411891,-7.3281707547180464,-1.408723151591182,5.6231948903868574,3.8202008820288142,-0.55825878358666059,-0.94820820158737684,2.6510938280506737,-3.0003777322513665
600958,东方证券,bluechip,student_C,local_semantic,9.7889317921484729,-2.7279471217674267,-5.2651894323409643,-1.9669855744243601,4.580478327202135,4.7398756931818005,0.18030897751294525,-0.2713894036145742,-1.4116705661625104,3.427161974448353
600961,株冶集团,global,student_B,local_semantic,2.3403913334428941,-6.2081905144061942,13.136986067958148,3.8303729486107443,2.0887603413480935,-1.4330502628961221,2.11853607425209,-1.8186972959049612,0.52935793671140574,1.2844140196546068
600971,恒源煤电,defensive,student_B,local_semantic,-0.67137107791317097,-5.0050829222699234,2.9040438702932576,7.9405024907082655,3.5599624166249297,-10.671087500681097,-1.9435833846397939,3.5966362641586826,-4.1776035221299743,-2.3487139951687759
600988,赤峰黄金,global,student_B,local_semantic,2.6322175631346623,-5.1009131700023991,13.81868390125511,4.1956108699819428,2.977483852420904,-1.9956940726481054,2.2573024854525583,-0.71561215111324572,3.2261518432995802,0.88813582170506988
600998,九州通,defensive,student_C,local_semantic,-9.610238865057088,-3.7935721518036383,-6.7998493477198156,-1.5867218603511843,6.2972193980905242,-10.652088771373188,2.3104992909569306,1.2276177920745237,-0.19160075560052117,0.1010439846586792
600999,招商证券,bluechip,student_C,local_semantic,11.465162122055277,-2.8871315115151166,-6.2611083256746465,-2.1982632132033224,4.5106501928470717,4.4017138497197079,0.13826005863959129,-1.5030003813974409,-1.4887107987269079,3.9732711104119076
601006,大秦铁路,defensive,student_A,local_semantic,-0.54245594282552512,-4.8129888999087731,-5.2364885083343617,0.016093595355816004,-10.30246837171552,-9.8129303810637651,2.4438188250149295,0.67092443729101892,-2.8414683569210455,-3.4129300495331916
601009,南京银行,bluechip,student_C,local_semantic,10.692929809436354,-4.5085745919129359,-6.775330829924652,-0.74376407172000125,5.114765443029933,2.5625279471755937,1.0977996050095593,-1.9204525518472055,2.2419086201732199,-4.3221212942889338
601012,隆基绿能,growth,student_B,local_semantic,-6.4459196280416249,0.18726725706775416,-0.5195016939830992,6.8549491171139776,-2.4140993677770286,8.3124534155748027,2.3481925602491263,1.8954173223592576,1.1364481853739976,-0.78579877422017053
601016,节能风电,growth,student_B,local_semantic,-5.2717351652606457,-1.1550800667077978,-2.356526750442399,6.7593243142166184,-2.1818161718544191,7.584260342749122,-1.3303211358057763,0.48426796043366049,6.4633936822177187,-5.7014244054303331
601018,宁波港,defensive,student_A,local_semantic,-0.81952038221878354,-5.5896197187052357,-4.6445332462860849,0.61780140625661828,-10.493756274987,-9.9082397479289934,5.6209397252946669,-1.8988392973177488,0.24242243210464223,-3.7394015527333822
601066,中信建投,bluechip,student_C,local_semantic,10.256840321800739,-2.8733471067953333,-4.5026027089801071,-0.71951096336532538,3.4599991173606397,4.1313603469827154,2.8198342857016345,2.735134956140671,-0.6249930823235621,1.9059334409197628
601069,西部黄金,global,student_B,local_semantic,2.9210359148485097,-5.6666651543317528,13.855204102153653,3.7958816777397786,1.7719597670653342,-1.9296491635383322,2.293400855437687,0.25895314815518888,1.4589123025962509,-0.023721348956980179
601088,中国神华,defensive,student_B,local_semantic,0.6116816402107339,-6.008199482266277,2.8460449674063968,7.1095163637854295,1.539287163413914,-9.8254722049372312,3.3672781766633015,9.791554393991083,-2.2784022180005539,-1.8613691744754901
601100,恒立液压,growth,student_A,local_semantic,-1.9337647298034004,-2.5384675480599093,0.70837956660976165,-6.0573679609189712,-11.719637342797618,2.1534979833334096,5.3040824242407876,2.946960287089186,-3.5301103410019286,-0.90346729709982854
601108,财通证券,bluechip,student_C,local_semantic,9.8183190300002146,-2.8882454695519488,-6.1639795544696945,-1.2787813859935535,4.5568439374585035,4.6938513497963026,1.2807175950859646,1.8628187187252956,-2.1773636416504822,4.1581003653128956
601111,中国国航,growth,student_A,local_semantic,-0.5623093344871225,-2.7900919394946309,-0.61482976536527745,-4.4110259101526674,-11.418621382478236,2.3071651553271821,5.8278315187434053,5.0802256766169265,-2.3633692169892329,-0.9131933238011456
601138,工业富联,tech,student_A,local_semantic,3.2371429160217691,12.282681113994304,0.26674595571562171,-0.43635714968924477,-1.4474534375887131,-2.9513671554269503,1.5206452938919439,2.8276837803941355,2.2101002883654552,-1.9667902655168206
601166,兴业银行,bluechip,student_C,local_semantic,11.551681643106987,-3.2182335756310989,-7.1296409386972748,-1.210160828708676,4.5776421341467772,2.8163359545488165,0.6949882775418349,0.85278849921338096,1.934675548274122,-2.9117814129008468
601168,西部矿业,global,student_B,local_semantic,2.7462725705225561,-5.7008812781112752,14.200770302900045,3.7701027852541857,2.2577527601408622,-2.6319679548544705,5.863240523230278,1.3494892989495404,2.4094841784178471,0.81510616962436588
601169,北京银行,defensive,student_C,local_semantic,5.4639878522590335,-3.9193641639529302,-9.5468704536187978,4.7482911945488819,4.139552774861964,-5.5042755306055628,8.1729318435939753,-1.4696191963423042,-0.55780173460689797,-4.7980888507496475
601186,中国铁建,bluechip,student_A,local_semantic,5.2800527203840462,-4.8499496619342866,-4.1823147969499628,-4.2826642694879746,-9.5626729564938255,-1.1342925348727304,-3.3351154751780427,4.5298780573142627,1.1148655689706346,2.8906657117310823
601211,国泰君安,bluechip,student_C,local_semantic,9.3163146582689649,-2.4911347504222539,-6.0561716796696823,-0.64050303203397052,4.9360192435191141,3.7662260339939406,2.925202443926195,0.94094631820567742,-0.99125050584240304,2.6085431227742455
601225,陕西煤业,bluechip,student_B,local_semantic,5.2467170767009259,-4.4557059686491929,6.8510190102350021,1.5871388046340051,3.2750411331423734,-2.6213404710096704,-6.8206165373712757,7.5326793086807431,-0.26268522161772201,-2.8659413042849389
601229,上海银行,defensive,student_C,local_semantic,5.0692233854902522,-3.6648912229591692,-9.4315752022240691,4.3884152224392601,3.7272218418854193,-5.5952690076702254,8.7016003765503331,-1.7452637245871674,-0.52507704999660076,-5.4109023359625352
601238,广汽集团,bluechip,student_A,local_semantic,4.335550140086518,-5.1605287376320668,-2.5149601307328129,-5.3393721140083681,-9.459465222189273,-1.1496471632209102,-2.9869237551051837,0.2919323725818011,3.7063720333673644,-0.4217314348135226
601288,农业银行,defensive,student_C,local_semantic,5.1634592994211186,-3.2448484173127836,-9.7518314371762393,4.5035298288235559,4.0773117010219497,-5.4869074240488906,8.1134170843859774,0.44139796191941366,-0.44312404716268006,-5.5234482724728178
601298,青岛港,defensive,student_A,local_semantic,-0.87141039817405708,-4.540773803617757,-5.4405641867846608,-0.04986002777189652,-10.059143049952638,-11.266628504261986,4.0886554336906693,1.7321415319580713,-1.6618985302659377,-1.0586610536602918
601318,中国平安,bluechip,student_C,local_semantic,10.539499532037073,-3.6503364290927394,-6.951042880230526,-0.96856070673836536,3.8330707161615152,2.3467260834232944,1.0662128449821688,2.6033313582292772,5.4422730108698545,-0.13248808490584543
601319,中国人保,defensive,student_C,local_semantic,4.6917908411599587,-4.4101424087281762,-9.3822276300786154,4.500570220905292,3.2219628874517703,-5.8869816090474538,7.4667657780993331,2.9863748862301351,-0.74934668420874884,-0.44997756127625882
601336,新华保险,bluechip,student_C,local_semantic,8.2389740317940188,-1.3295445387565377,-4.172554067602543,-1.6359942506600595,4.2819352565444273,4.1864109418399611,3.2810915349705372,0.6774493933607717,0.23869527583686243,-0.10884997312153129
601377,兴业证券,bluechip,student_C,local_semantic,10.475841689743708,-1.9798449275254422,-5.9807468013274407,-2.1104431716564993,4.5956496766891117,5.4482308851706263,1.3654160302983782,1.5697015277380255,-1.5613094904898597,7.6914064560659279
601398,工商银行,defensive,student_C,local_semantic,5.5034480364107248,-3.5208186496673806,-10.224073994631755,4.4962471444401793,3.9096563056546461,-6.0369930956825097,9.0714784649644891,-1.2769477907814655,-0.59006929212360393,-5.4508863307879691
601456,国联证券,growth,student_C,local_semantic,4.6663882150025486,-0.23797610306542427,-2.9555633493101734,-1.2853639771420531,3.3244466331570082,7.150382449840917,8.4166835790901651,2.7279215711043365,-3.3321882476043818,0.77116144573217205
601600,中国铝业,global,student_B,local_semantic,4.0574495329822744,-5.7502433786494311,12.263856035909626,3.1451127917770192,0.97719269015783894,-1.9689498239131873,3.3723572283288501,2.5328512941043195,1.1127431368270189,1.8598421771288425
601601,中国太保,bluechip,student_C,local_semantic,10.546781505210074,-3.7838574513256491,-7.517454875070344,-1.5341731174688111,3.6972292291764397,2.9834258867838281,1.9759595733039215,3.5519669218960725,3.6175284872882547,0.23580224839213601
601628,中国人寿,bluechip,student_C,local_semantic,10.041477243732214,-4.0986715593018861,-7.4230516348625439,-0.58248116606613221,4.1063540171414239,2.0519080315322391,0.89117393484458596,3.1579371549643231,2.9671481897347465,-0.36056744348561631
601633,长城汽车,growth,student_A,local_semantic,-2.0670430948900753,-1.9930525297442199,1.4891317140153837,-6.1825036619211415,-11.264610621248391,2.8275763661059119,3.6338326113295349,3.9306716112280435,-1.5095088893188358,-3.7516310688344721
601668,中国建筑,bluechip,student_A,local_semantic,3.7364252512812177,-5.439238648307664,-3.6377957205431972,-4.1274715908589243,-10.411633101606132,-1.0760190566649315,-3.1377834630488923,7.000987756321261,2.7160783530596868,0.75058446230898646
601669,中国电建,bluechip,student_A,local_semantic,4.4783679066731104,-5.524330379581107,-3.4566602931865305,-4.7466203138277843,-9.4839044344754058,-0.62088339776123458,-3.455810914643604,3.6300993291921628,4.6961636110391147,0.011796627350586793
601688,华泰证券,bluechip,student_C,local_semantic,9.8701438463823514,-2.1427664483176834,-5.7911884334052335,-2.1066891534910543,4.9060767127411662,5.1423300024310512,1.4570494681334756,3.2730648822610924,-2.7319786432689601,3.9813152476410765
601699,潞安环能,bluechip,student_B,local_semantic,6.6573966809599145,-4.8960126758148625,5.0607528268254693,1.2459363359246465,4.3229895082242962,-1.1552168775860259,-8.6589911892918892,6.1552061553534081,0.99327885007172823,-2.1325483451975962
601766,中国中车,bluechip,student_A,local_semantic,4.6602337903693485,-5.090573582821369,-3.0364425914061619,-5.8021234029850106,-9.6145554950949528,-0.50354787228496134,-3.656202157034917,4.2606504985955347,1.9940395895161767,1.3913215870633868
601788,光大证券,bluechip,student_C,local_semantic,11.033079700056614,-2.3941085355659468,-5.5910427258423603,-2.0993840432638642,5.2923748377376771,5.3162542830801289,1.4982391227096086,2.9047175306136994,-2.2249795004031818,7.2321810597403786
601800,中国交建,bluechip,student_A,local_semantic,4.9415042644900833,-4.4196737770644852,-2.9365060672235686,-5.2000939836189097,-9.61303211607677,-0.83089049294537343,-4.1003000731897208,4.403118883582227,3.5409882221339015,2.2000916239461108
601816,京沪高铁,defensive,student_A,local_semantic,-1.3678188665906914,-5.1485160202738625,-6.1379939254330349,-0.15549157165415234,-10.322322382401291,-10.133020625637798,3.9857247806620326,2.3222317934366536,-2.9455824412393938,-1.4252331319424862
601818,光大银行,bluechip,student_C,local_semantic,10.743522714416901,-3.8313573227745472,-7.7466678250708227,-0.78526265199992951,5.2601787993331257,2.6989173721587414,2.6952099710792008,1.2167738937210142,0.96379167970620794,-1.268312951539456
601838,成都银行,bluechip,student_C,local_semantic,11.27097395652339,-3.1617321381687384,-7.1900588044538587,-2.1562421558556801,4.8954790883989592,3.0408073853001989,0.71178195897203589,0.5202591853799724,4.7983112931969973,-5.5792151288878653
601865,福莱特,growth,student_B,local_semantic,-6.0445490501212236,1.6985120115513457,-1.1889151292347133,6.3964709181027173,-1.9354789096656777,8.762546151306406,0.99342907932271107,3.6425772186885808,2.127491590874143,-2.3887651921895383
601868,中国能建,bluechip,student_A,local_semantic,4.7450251131324128,-4.5853660335835116,-3.1078484074489259,-4.4114502441093819,-9.2074244611764158,-0.88013734373340513,-3.9267790382560461,4.7704660774760264,2.8800190550420055,2.6491905862475118
601872,招商轮船,global,student_A,local_semantic,1.7668591175221324,-5.3296605537961197,4.2559420934250216,-3.2772220063134068,-9.6433804293252727,-1.9011842937036971,5.3550944377559064,-3.620131414708303,2.1913739490662842,6.0207724324794096
601881,中国银河,bluechip,student_C,local_semantic,10.239027344998467,-2.2733224403764281,-5.4804273480051808,-0.81964361253050133,3.6281022108654044,3.9671912789622521,4.0842822632901408,4.7918751147534397,-0.52477991127626744,4.8801582671515478
601899,紫金矿业,global,student_B,local_semantic,2.8183255565414846,-4.8818381839393128,13.572659376589746,3.4948126271152722,2.5045701352102014,-1.6188365009270509,3.5253124133311622,2.0079814158476328,2.3747420147847054,2.5180808171541882
601916,浙商银行,bluechip,student_C,local_semantic,11.110787765944259,-4.2035712970410843,-7.8415405168530432,-0.62477341173878354,6.0736696491276891,3.4507146965755897,2.2405663457763687,-2.1386839206962884,2.1175889221138977,-5.3362260256998022
601919,中远海控,global,student_A,local_semantic,2.1186609360911426,-4.8542049827511384,4.6385295215361877,-3.6051184205463498,-9.3533549805279144,-1.415913450691112,7.3612377096444064,-3.7102348066456523,4.8756538167858583,3.9015958366655612
601939,建设银行,defensive,student_C,local_semantic,4.7386405840221064,-3.5985651574231925,-9.7553060141265746,4.4420521532988406,4.9647188634268513,-5.2188010668106024,8.7026213881350092,-0.62358233108199479,-1.2218622626691673,-7.4002360965835123
601985,中国核电,defensive,student_B,local_semantic,-4.8951040793543505,-3.0647255748423947,-8.9446724169658296,11.434796598128099,-1.8747152802093869,-3.0855476034569795,-0.87600094324427791,3.6444765097861849,2.513604156848317,3.245694618486187
601988,中国银行,defensive,student_C,local_semantic,5.8684567391960591,-4.6962578608732999,-9.7839243912515865,4.9692131304897771,4.2413778277228547,-5.4871749300866046,10.527550216247306,1.9296753393931683,-0.029290113099517012,-3.1700767827299821
601989,中国重工,growth,student_A,local_semantic,-0.86161431356259954,-3.3843164575449336,0.3172739019031669,-5.8153189180427418,-11.86514836478371,2.3430134768287383,5.0578317714897292,6.4078676604143077,1.5309511068347088,-1.1301340197041487
601991,大唐发电,defensive,student_B,local_semantic,-4.3819167412562461,-2.4899380232667538,-8.5923206355142323,11.529410356445378,-0.37423325709483857,-3.6660887842253782,-1.575849903484327,-0.71346069931965417,2.1864324695535347,0.55505703748358526
601995,中金公司,bluechip,student_C,local_semantic,9.8187964079464649,-1.6000208565889575,-4.6262743490635936,-1.0993187475650976,4.0159722208878268,4.3264169331886597,1.9346226380028637,2.5739063067121544,1.5136283798979089,3.3521858291864062
601998,中信银行,defensive,student_C,local_semantic,5.3607234959199577,-4.3465426283506954,-10.260780677175202,5.5903606049253352,4.4168245555969792,-5.9108206455308405,9.3802297849169847,0.61823044159173368,-1.2524843393610268,-4.3869369258048607
603127,昭衍新药,growth,student_C,local_semantic,-10.924223191157656,0.46233012080919761,0.15035520072065112,-8.295897543991396,4.6658149285718817,2.0839026688506275,2.3396211796376707,2.6306079495322141,0.47672622335480053,-0.46344815403116046
603198,迎驾贡酒,growth,student_C,local_semantic,-9.0174912050235552,-1.4894660964197211,-1.3092542510825433,-7.4351232731836765,6.1363194333238535,-0.23217777372345502,3.4475376441992114,1.5448777845694948,6.2940572570479052,-3.7555566719758549
603259,药明康德,growth,student_C,local_semantic,-10.298163891109045,-0.8058846785779229,1.0655191060993019,-7.801191248999503,5.0638854408773399,1.0384424679841273,3.2446519788427173,4.6418401792146406,2.2829295826524452,3.8212403939727602
603288,海天味业,defensive,student_C,local_semantic,-9.5460248590962351,-3.1768419323910164,-5.4038319568660809,-2.7998965623408743,6.5518919379253422,-8.9088651502460294,0.8355706309665728,1.3980956041111361,0.92328081055019684,1.2590830642269903
603369,今世缘,growth,student_C,local_semantic,-9.3138192848446124,-2.5754434246427627,-0.31359309143031661,-7.6168369733547099,5.1330194697064915,0.49106902946388331,0.87153409335420784,1.1288116222576474,6.4745498034220699,-4.4344650504399423
603501,韦尔股份,tech,student_A,local_semantic,3.7721352320125825,13.385686971201713,0.25995833399707291,0.58688182447057236,0.83297357886418644,-2.5223132222623947,0.25507651565974199,3.9612001642283081,-0.22374509882424684,-0.27668433123761632
603517,绝味食品,growth,student_C,local_semantic,-9.9213404677356447,-2.6328739509138859,-1.077509846285059,-7.6835965434509168,6.0649503786260404,1.0959975747666733,0.7393894484828013,0.22825910988395015,6.0637641171007521,-0.81176792742218762
603605,珀莱雅,growth,student_C,local_semantic,-10.064578989937385,0.39568183138444701,0.93720438245927873,-8.0783393857540897,5.283421423724981,3.0151369616114345,2.3470965772913628,2.381163348994737,1.6010266660175225,-0.71720611807728929
603659,璞泰来,growth,student_B,local_semantic,-6.9119572971364462,0.85636388645771921,0.090809344737689646,6.9535600382636309,-1.8189421551500804,9.4030463331311029,1.7955885512317238,5.1687386618929292,2.5275280270592568,0.010293327468951063
603799,华友钴业,tech,student_A,local_semantic,2.3879518917583642,12.378380065955854,1.8709374688208347,0.82049998887640541,0.51310353979173384,-2.0751313443243644,0.53321207504966361,1.1168527221397118,1.3988589158175677,0.99172272552779606
603882,金域医学,growth,student_C,local_semantic,-9.1928598854795425,0.52681031650826315,0.62084056494680695,-7.0523231144433698,5.4229675648141171,1.0691150081777314,1.7323444571337954,3.0666459134395847,-1.0063824543055668,0.40147199525424682
603899,晨光股份,defensive,student_C,local_semantic,-9.0169696136433082,-3.2053472051995526,-5.8552131246688495,-1.7562288605223895,7.2983459917222575,-10.697314016247059,-1.9170097890933804,3.6467118675567187,-3.3795040846170434,2.7158782399326475
603986,兆易创新,tech,student_A,local_semantic,3.468540171498999,13.061970226259106,0.17458651858199661,-0.31230529830949272,0.12868045138605333,-2.8313459973036488,1.042087270861346,2.2168680481017704,2.932498803439807,0.33981257205979998
603993,洛阳钼业,global,student_B,local_semantic,2.5858247063156772,-4.7385273587168353,13.532379816282145,4.0730245686624205,2.5202592434051883,-1.7256443826430967,3.8508770937455972,-0.06786358293515421,2.4262902691369388,1.2871330886428558
605117,德业股份,growth,student_B,local_semantic,-6.175680644940611,0.92083333442859816,0.12609706411842986,5.3554550489433659,-2.198461342474415,9.0362854039671401,1.1248304880216964,2.0482357208290285,0.99890350442337694,1.5715038634014706
605499,东鹏饮料,growth,student_C,local_semantic,-8.807190401808576,0.096208711455944118,0.67830875642678801,-8.3196700550909863,5.9557771787135358,1.8967364848162096,2.0992895458929457,0.69477103490353276,3.1492985287093749,-0.4884656662774417
688002,睿创微纳,tech,student_A,local_semantic,2.2975490648019594,14.495011730110434,0.99682776145620433,-0.071511156073125026,-1.0701195838832755,-2.7144812192651662,0.22984315712365402,2.451115449152983,1.2454988437777703,2.1426378157909669
688005,容百科技,growth,student_B,local_semantic,-5.4423313316000534,3.6768050168132871,-1.0654133306522984,6.6313714498391336,-2.4677099888902494,8.8001821534587172,-0.60903287879069168,0.47872831092761864,4.2166829057962953,-1.6659648048019837
688008,澜起科技,tech,student_A,local_semantic,2.7519772915473348,13.661118391256608,0.097393340737748191,0.26193756360249143,-0.73207014558487316,-2.9141344449207409,-0.36240915079872588,-0.1524035674293997,2.5966061245080074,-0.61857317851022009
688012,中微公司,tech,student_A,local_semantic,3.0228947457409405,12.661307374638367,-0.36354691271466583,0.52894120006743206,-1.4018586108092976,-1.835042268241716,2.3637786949229103,4.6483655699430564,0.29844245675525927,2.3598078498287545
688032,禾迈股份,growth,student_B,local_semantic,-5.760431577028668,2.4471772401998182,-1.144140533623061,7.4409073664112153,-1.6280586441438727,7.7737620705609842,-0.42401065785996062,5.177151169671407,-0.032792367980420178,1.8232892108265737
688063,派能科技,growth,student_B,local_semantic,-6.9384006017705762,3.0685390557101275,-0.12694842035853293,6.6931005370255567,-2.0678045293836402,9.4509915680162955,0.079369736699109933,1.7596456314601281,2.3555658923813327,0.023638159404056974
688099,晶晨股份,tech,student_A,local_semantic,3.261182429418874,12.608770799398853,0.12302919259316092,0.36358499294093283,0.28185333003702051,-2.6205515234748531,-0.7353054850533256,2.5584375662000234,-0.89096905470955723,1.5423300659882115
688110,东芯股份,tech,student_A,local_semantic,3.2489123980655892,12.036999978410194,0.72543973501600423,0.24007585211012469,0.63150332512758078,-2.3536924084137247,0.73911821941221589,2.3488370783684323,-0.20580402020325833,-0.28055853237516104
688111,金山办公,tech,student_A,local_semantic,2.3429991904182703,13.129128656556817,1.2799696009093309,-0.16871686171080591,-0.63847705482745132,-1.6854507068830118,1.785929284259874,2.726853199437997,2.232131604807273,2.4674291145068463
688123,聚辰股份,tech,student_A,local_semantic,2.4926795601712972,12.806897597562083,0.057392339150072635,0.5194573315407629,-0.60070724774529938,-2.5484124222031763,0.94192326400637338,4.0140390505985826,-2.6809456634018645,1.6706696796470493
688126,沪硅产业,tech,student_A,local_semantic,2.3808496587623038,12.381503932027821,1.0637840158000085,0.22756811751932743,-0.65157608367271025,-2.2397342747399289,1.8324907075533341,2.302169257114727,0.0075326376333819112,0.35507738576754611
688223,晶科能源,growth,student_B,local_semantic,-5.9908214693923529,1.7276718079187037,-1.0994568458268414,7.6507129890719199,-1.5714628675705358,8.4109073312675502,-0.15926681171184101,1.3472459997009345,0.41575755692034944,0.44755873604729668
688256,寒武纪,tech,student_A,local_semantic,2.4961252073416178,12.987189366635469,-0.046354568021608478,-0.47192173611887089,-0.95490606655769916,-3.0201374215970227,1.1378606708264054,1.6889680249222283,2.5661948282595106,1.6449268811362361
688396,华润微,tech,student_A,local_semantic,2.1629334143365115,13.602553215726397,0.39221434749719808,-0.27242437975959838,0.29357788026323534,-1.7865046595121321,1.1054904868334556,2.824005108871666,0.76048607283635439,0.21565562322416953
688508,芯朋微,tech,student_A,local_semantic,1.6385609433774273,13.680707279704224,0.32585036656615729,0.2574934470840764,-0.78783675921962049,-2.5649056584251886,0.28068705009497397,1.3828160097612217,2.2627295812837844,1.6892621839775368
688521,芯原股份,tech,student_A,local_semantic,3.2758787963701868,13.026613910117895,0.68047614243613419,-0.48800283260573207,0.17080614800851579,-2.9185474508740459,0.11947237773464126,1.970697571911332,-1.2794843422075526,1.4614050115876691
688525,佰维存储,tech,student_A,local_semantic,1.0541531524683636,12.523674276425684,0.46432499772816743,0.60082534782601216,-0.25292199965818457,-4.0371135368194704,-0.19635106052471318,0.97155305783357693,1.4339743549242194,-1.0007529692297519
688599,天合光能,growth,student_B,local_semantic,-6.6887893065964663,-0.95539439089989586,-1.4403485128818447,6.4099428302037929,-2.4991254030026187,9.6589176271336719,-0.11562427352823212,2.4332887102749909,0.5954737787701091,0.036125653176189654
688608,恒玄科技,tech,student_A,local_semantic,1.2905264066078632,13.310860381582245,0.6528696004518677,-0.45246404006479779,-0.975818833684575,-2.6448303960273845,0.24032704402911856,1.8389336563889267,4.9469389505021057,0.28935827363367811
688766,普冉股份,tech,student_A,local_semantic,2.3948232099201139,12.623182030324529,0.31745044926231269,0.12145821856551034,-0.065919803861823778,-3.3396222615042404,0.87144403119264391,3.7842153002225247,0.26893290019123961,1.7573699394792226
688772,珠海冠宇,growth,student_B,local_semantic,-6.365321959522209,1.5014563398634069,-1.3824596475990572,6.8559920308498628,-1.3446696792159893,9.2889882998081283,1.1060861871281014,1.8662342844791591,4.3260132020473385,3.5474866203099609
688981,中芯国际,tech,student_A,local_semantic,3.095756659695486,10.736726432012281,0.33095730515895688,-0.73831644642062211,-0.3580533909779498,-1.6951829097257083,2.3968371493814438,3.1427313397950796,1.599390470347263,3.0132873328064091
