feature,loading,absolute_loading
dim_301,0.16361470914549331,0.16361470914549331
dim_133,0.16341107862000917,0.16341107862000917
dim_690,-0.16128888439344938,0.16128888439344938
dim_170,0.15996759603661814,0.15996759603661814
dim_662,-0.15961139777796074,0.15961139777796074
dim_144,-0.15819316247818227,0.15819316247818227
dim_215,0.15681679960645512,0.15681679960645512
dim_480,-0.15377704969833178,0.15377704969833178
dim_415,0.15355490125047122,0.15355490125047122
dim_745,0.15355385076467148,0.15355385076467148
dim_379,-0.15201541496674245,0.15201541496674245
dim_558,0.15029841383935511,0.15029841383935511
dim_607,-0.14906790472090717,0.14906790472090717
dim_006,0.14636054933536652,0.14636054933536652
dim_465,0.1441329244733412,0.1441329244733412
dim_671,-0.14271371544082626,0.14271371544082626
dim_093,-0.13730412392795249,0.13730412392795249
dim_746,0.13505162391819153,0.13505162391819153
dim_305,-0.13407290686814205,0.13407290686814205
dim_764,-0.13276908023347256,0.13276908023347256
dim_196,-0.1242636331050387,0.1242636331050387
dim_532,-0.12025839308438122,0.12025839308438122
dim_722,0.10937869320869438,0.10937869320869438
dim_566,-0.10408883348834748,0.10408883348834748
dim_735,-0.10162724287765672,0.10162724287765672
dim_652,0.094071869502899738,0.094071869502899738
dim_254,0.091539405585934444,0.091539405585934444
dim_629,0.088167644257504632,0.088167644257504632
dim_713,0.088071016155174681,0.088071016155174681
dim_136,-0.086405628676731502,0.086405628676731502
dim_055,0.086044085926983663,0.086044085926983663
dim_398,-0.085773825094683384,0.085773825094683384
dim_717,-0.085470287880313106,0.085470287880313106
dim_481,-0.085030688757195383,0.085030688757195383
dim_682,0.084108348504275718,0.084108348504275718
dim_444,0.084034060802384333,0.084034060802384333
dim_011,-0.083533457540507117,0.083533457540507117
dim_427,0.083140139166407362,0.083140139166407362
dim_207,0.082644914728687582,0.082644914728687582
dim_350,-0.081361539210092662,0.081361539210092662
dim_408,-0.079076632967602326,0.079076632967602326
dim_096,0.078712942753375856,0.078712942753375856
dim_685,0.078688386368724605,0.078688386368724605
dim_621,0.078588636397832881,0.078588636397832881
dim_708,-0.078386389035581205,0.078386389035581205
dim_160,0.078268692549582783,0.078268692549582783
dim_110,-0.078130872305408938,0.078130872305408938
dim_704,0.076251955878932978,0.076251955878932978
dim_462,-0.075431503246502454,0.075431503246502454
dim_050,-0.074053579627156876,0.074053579627156876
dim_265,-0.071969986641164135,0.071969986641164135
dim_369,0.071760232782056996,0.071760232782056996
dim_172,0.070866011080202643,0.070866011080202643
dim_743,-0.070644099419904405,0.070644099419904405
dim_644,0.068818332187488451,0.068818332187488451
dim_134,0.067674377312349002,0.067674377312349002
dim_389,0.067067435666850014,0.067067435666850014
dim_737,-0.066532030115064367,0.066532030115064367
dim_057,-0.06561765446090756,0.06561765446090756
dim_518,-0.0652160238505336,0.0652160238505336
dim_119,-0.065034782790916693,0.065034782790916693
dim_524,-0.064892184979645481,0.064892184979645481
dim_082,0.064575030197515176,0.064575030197515176
dim_377,0.064356815695035791,0.064356815695035791
dim_234,0.063569920711273306,0.063569920711273306
dim_557,-0.059940090686207093,0.059940090686207093
dim_445,-0.058819799630264409,0.058819799630264409
dim_326,0.058551932523393628,0.058551932523393628
dim_014,-0.05810466519537108,0.05810466519537108
dim_687,-0.058008770240606952,0.058008770240606952
dim_237,-0.057887091143860141,0.057887091143860141
dim_497,-0.057037224793670384,0.057037224793670384
dim_669,-0.056816305204930369,0.056816305204930369
dim_087,0.056148000936516923,0.056148000936516923
dim_677,-0.056065262191780055,0.056065262191780055
dim_447,-0.054962695573214558,0.054962695573214558
dim_582,-0.054340958423684915,0.054340958423684915
dim_286,-0.052909735642065879,0.052909735642065879
dim_268,0.052457371863630954,0.052457371863630954
dim_275,0.050918571494238882,0.050918571494238882
dim_111,0.05013855109243779,0.05013855109243779
dim_576,-0.049887711098798949,0.049887711098798949
dim_457,0.048529672184012988,0.048529672184012988
dim_287,0.048114319541816566,0.048114319541816566
dim_727,-0.047383307938203501,0.047383307938203501
dim_355,0.045968766335570128,0.045968766335570128
dim_099,-0.043557248641053682,0.043557248641053682
dim_591,-0.043267518399838584,0.043267518399838584
dim_552,-0.04300750085898495,0.04300750085898495
dim_565,0.042903069333174143,0.042903069333174143
dim_534,-0.042898358880785796,0.042898358880785796
dim_247,-0.042830881126822901,0.042830881126822901
dim_091,-0.042442133186594268,0.042442133186594268
dim_052,-0.041920766769965388,0.041920766769965388
dim_249,0.041205944315145827,0.041205944315145827
dim_058,0.039519755388150148,0.039519755388150148
dim_437,-0.039062820668052313,0.039062820668052313
dim_046,0.038800360204389851,0.038800360204389851
dim_188,0.038619136680379591,0.038619136680379591
dim_638,0.038424174950231572,0.038424174950231572
dim_765,0.037948369648419973,0.037948369648419973
dim_536,-0.037661918523503542,0.037661918523503542
dim_276,0.037508858215805532,0.037508858215805532
dim_639,-0.037145044268965442,0.037145044268965442
dim_047,-0.037023373712046073,0.037023373712046073
dim_257,0.036913966361384824,0.036913966361384824
dim_767,0.036909277417929744,0.036909277417929744
dim_178,-0.036285112119120277,0.036285112119120277
dim_619,0.036191312500380567,0.036191312500380567
dim_714,-0.035864787178363076,0.035864787178363076
dim_689,0.035822753839594518,0.035822753839594518
dim_587,0.035323677995042956,0.035323677995042956
dim_401,-0.035317840517413539,0.035317840517413539
dim_148,-0.035268572350290781,0.035268572350290781
dim_313,-0.035056231336397355,0.035056231336397355
dim_632,0.035053941578056518,0.035053941578056518
dim_412,-0.034594980660496502,0.034594980660496502
dim_281,0.034547168737514254,0.034547168737514254
dim_364,0.034461640075828984,0.034461640075828984
dim_018,0.033664772651047309,0.033664772651047309
dim_328,-0.033355777684644705,0.033355777684644705
dim_311,0.033343788736542548,0.033343788736542548
dim_292,-0.033163520931746897,0.033163520931746897
dim_616,-0.032276078079201458,0.032276078079201458
dim_031,-0.03215837959528197,0.03215837959528197
dim_192,-0.032132913726302226,0.032132913726302226
dim_171,-0.031681827526002404,0.031681827526002404
dim_660,-0.031650963574912323,0.031650963574912323
dim_083,0.031036287749571213,0.031036287749571213
dim_368,-0.030854192439124597,0.030854192439124597
dim_067,-0.030767218180944366,0.030767218180944366
dim_609,0.030485697189198423,0.030485697189198423
dim_308,-0.03043456992324578,0.03043456992324578
dim_282,0.030431047898719081,0.030431047898719081
dim_623,0.030355755658593223,0.030355755658593223
dim_757,-0.030338720223917419,0.030338720223917419
dim_180,0.030208884527143556,0.030208884527143556
dim_527,0.030103561219195336,0.030103561219195336
dim_044,-0.029883453430912695,0.029883453430912695
dim_435,0.029873371518813242,0.029873371518813242
dim_370,-0.029857418668674699,0.029857418668674699
dim_255,0.029739077787523844,0.029739077787523844
dim_062,0.029658606375220688,0.029658606375220688
dim_505,-0.029533799984314556,0.029533799984314556
dim_115,0.029303150040997473,0.029303150040997473
dim_519,-0.029258484336756787,0.029258484336756787
dim_431,0.029164847793265374,0.029164847793265374
dim_065,-0.028988839557461166,0.028988839557461166
dim_037,0.028592584960022857,0.028592584960022857
dim_531,0.028309868795408821,0.028309868795408821
dim_063,-0.028220321114553363,0.028220321114553363
dim_206,0.028179439089058244,0.028179439089058244
dim_456,0.02814487492412519,0.02814487492412519
dim_487,-0.028065731731089054,0.028065731731089054
dim_694,0.028003825681691342,0.028003825681691342
dim_307,-0.027918499563768864,0.027918499563768864
dim_397,-0.027886718548888492,0.027886718548888492
dim_204,-0.027797534478112989,0.027797534478112989
dim_477,0.027773162364704472,0.027773162364704472
dim_422,-0.027558151712057957,0.027558151712057957
dim_651,0.027484344789093462,0.027484344789093462
dim_340,-0.027480188856131512,0.027480188856131512
dim_482,-0.027241853717411946,0.027241853717411946
dim_217,0.02722361787243326,0.02722361787243326
dim_584,-0.027158697774081367,0.027158697774081367
dim_190,-0.02695810766302267,0.02695810766302267
dim_642,-0.026899765476829613,0.026899765476829613
dim_501,0.026819172523931983,0.026819172523931983
dim_736,-0.026752673429079558,0.026752673429079558
dim_299,0.026544278982981517,0.026544278982981517
dim_523,0.026309826490472595,0.026309826490472595
dim_073,-0.026234438968492289,0.026234438968492289
dim_100,0.026069544574647403,0.026069544574647403
dim_414,-0.025862691530163549,0.025862691530163549
dim_270,-0.025712075288400749,0.025712075288400749
dim_123,0.025701528802772145,0.025701528802772145
dim_608,0.0254814871567891,0.0254814871567891
dim_267,-0.025460176135689003,0.025460176135689003
dim_663,-0.025053431207249319,0.025053431207249319
dim_210,-0.024876501410313782,0.024876501410313782
dim_403,0.024807604403557552,0.024807604403557552
dim_417,-0.024774437827611066,0.024774437827611066
dim_164,-0.024723645272540961,0.024723645272540961
dim_040,-0.024578959006760388,0.024578959006760388
dim_312,0.024233534247153753,0.024233534247153753
dim_674,0.024108183480419244,0.024108183480419244
dim_686,0.023955246345711827,0.023955246345711827
dim_731,-0.023791704209713584,0.023791704209713584
dim_334,-0.023772635078604023,0.023772635078604023
dim_015,-0.023750040553071602,0.023750040553071602
dim_396,-0.023595020874972217,0.023595020874972217
dim_424,-0.023437412020151222,0.023437412020151222
dim_554,-0.023386461845500112,0.023386461845500112
dim_594,0.023302103921041643,0.023302103921041643
dim_641,0.02330205523956301,0.02330205523956301
dim_504,0.023068224511438733,0.023068224511438733
dim_288,-0.023040716880666837,0.023040716880666837
dim_146,0.022914857851162457,0.022914857851162457
dim_366,0.022741395278028126,0.022741395278028126
dim_695,0.02263395683229915,0.02263395683229915
dim_483,-0.022598111536113408,0.022598111536113408
dim_314,-0.022595233939114577,0.022595233939114577
dim_495,-0.022484103961427731,0.022484103961427731
dim_697,-0.0223269376540139,0.0223269376540139
dim_365,-0.022306332843709569,0.022306332843709569
dim_428,-0.022276694086532458,0.022276694086532458
dim_384,-0.022246617401162128,0.022246617401162128
dim_242,-0.022109916936027312,0.022109916936027312
dim_726,0.022086728341245924,0.022086728341245924
dim_650,-0.022006349189264425,0.022006349189264425
dim_572,-0.021764434800656561,0.021764434800656561
dim_259,0.021734103658444907,0.021734103658444907
dim_010,0.02159074438858799,0.02159074438858799
dim_760,-0.021524188150025162,0.021524188150025162
dim_130,0.02148171504959585,0.02148171504959585
dim_598,-0.021475689333648372,0.021475689333648372
dim_490,0.021302710474128649,0.021302710474128649
dim_391,0.021223547576302487,0.021223547576302487
dim_195,-0.021118870060677898,0.021118870060677898
dim_049,-0.021112012412995037,0.021112012412995037
dim_113,-0.02096524255273385,0.02096524255273385
dim_658,-0.020934196382730044,0.020934196382730044
dim_506,-0.020899303025073347,0.020899303025073347
dim_296,0.020794130899714727,0.020794130899714727
dim_283,-0.020509890867551957,0.020509890867551957
dim_583,0.020466914074235724,0.020466914074235724
dim_664,-0.020148223686203667,0.020148223686203667
dim_024,0.020112497995726827,0.020112497995726827
dim_692,0.020084579739679472,0.020084579739679472
dim_484,0.019802902316830191,0.019802902316830191
dim_744,0.019714497920208882,0.019714497920208882
dim_747,0.019596359208330531,0.019596359208330531
dim_701,-0.019573975803409419,0.019573975803409419
dim_120,0.019546222279745298,0.019546222279745298
dim_279,-0.019518154939487678,0.019518154939487678
dim_595,-0.019467090814718122,0.019467090814718122
dim_551,-0.019420952023622887,0.019420952023622887
dim_002,0.019411177009662273,0.019411177009662273
dim_613,-0.019394111787489125,0.019394111787489125
dim_507,0.019365640202678214,0.019365640202678214
dim_004,0.019258270273482064,0.019258270273482064
dim_310,0.019245571293884118,0.019245571293884118
dim_553,-0.019164878665060864,0.019164878665060864
dim_509,0.019125558545660368,0.019125558545660368
dim_750,-0.019032528822075557,0.019032528822075557
dim_710,0.019028036054932172,0.019028036054932172
dim_748,0.019005008307933578,0.019005008307933578
dim_709,0.018841156097457241,0.018841156097457241
dim_104,-0.018779850922468231,0.018779850922468231
dim_156,-0.018747761988676011,0.018747761988676011
dim_035,0.018712060600549599,0.018712060600549599
dim_634,0.018636618149465971,0.018636618149465971
dim_409,-0.018576236696950823,0.018576236696950823
dim_285,0.018568184430133174,0.018568184430133174
dim_000,0.018561007334270158,0.018561007334270158
dim_596,0.018362551818731646,0.018362551818731646
dim_241,-0.018349101308124522,0.018349101308124522
dim_085,0.018262034613847407,0.018262034613847407
dim_555,0.018221605576832951,0.018221605576832951
dim_421,0.018214566903399343,0.018214566903399343
dim_213,0.018093402047387727,0.018093402047387727
dim_696,0.018066809629792784,0.018066809629792784
dim_163,-0.018066042080910037,0.018066042080910037
dim_224,-0.018051808208209091,0.018051808208209091
dim_618,0.017999452122994999,0.017999452122994999
dim_439,0.017776046266017757,0.017776046266017757
dim_158,-0.017687827522967041,0.017687827522967041
dim_059,0.017647983832656925,0.017647983832656925
dim_680,-0.01760797798719416,0.01760797798719416
dim_360,0.017558659173349957,0.017558659173349957
dim_209,0.017554574841825894,0.017554574841825894
dim_498,-0.017548496035961456,0.017548496035961456
dim_012,0.017402229003464966,0.017402229003464966
dim_039,0.017102273649473018,0.017102273649473018
dim_434,-0.017095984723572169,0.017095984723572169
dim_763,0.017081478498158536,0.017081478498158536
dim_556,-0.017047412647669812,0.017047412647669812
dim_317,-0.016982323116989141,0.016982323116989141
dim_516,0.016910112579829415,0.016910112579829415
dim_347,-0.016893332056070246,0.016893332056070246
dim_250,-0.016828401541162205,0.016828401541162205
dim_185,0.016825443857097933,0.016825443857097933
dim_208,-0.016817566176367576,0.016817566176367576
dim_588,-0.016730404660314255,0.016730404660314255
dim_029,-0.016704176080545929,0.016704176080545929
dim_086,0.016678370533908742,0.016678370533908742
dim_315,0.016448307748523797,0.016448307748523797
dim_676,0.016401277979325123,0.016401277979325123
dim_228,0.016365397079953676,0.016365397079953676
dim_761,0.016362069539827287,0.016362069539827287
dim_718,-0.016347592776456001,0.016347592776456001
dim_453,-0.016302170185574942,0.016302170185574942
dim_454,-0.016249396273022944,0.016249396273022944
dim_142,0.016217516181152976,0.016217516181152976
dim_668,0.01619852389379341,0.01619852389379341
dim_273,-0.016173834062506647,0.016173834062506647
dim_137,-0.016159155387939494,0.016159155387939494
dim_693,-0.016118834161850986,0.016118834161850986
dim_219,0.01608816528613102,0.01608816528613102
dim_349,-0.016044906459304013,0.016044906459304013
dim_126,0.016035197798793935,0.016035197798793935
dim_633,0.016005956778019251,0.016005956778019251
dim_344,0.015962891230949367,0.015962891230949367
dim_084,-0.015783011645447265,0.015783011645447265
dim_294,0.015725962378107645,0.015725962378107645
dim_239,0.015614187315177861,0.015614187315177861
dim_430,-0.015546718332115699,0.015546718332115699
dim_151,0.015527311476056675,0.015527311476056675
dim_458,0.015507595631925298,0.015507595631925298
dim_117,-0.015456288328290036,0.015456288328290036
dim_054,-0.01544680706657185,0.01544680706657185
dim_581,-0.015364123537643373,0.015364123537643373
dim_721,-0.015334380820688576,0.015334380820688576
dim_492,0.01528810987196997,0.01528810987196997
dim_346,0.01524451506876584,0.01524451506876584
dim_493,-0.015213911868766876,0.015213911868766876
dim_048,-0.015191910202770612,0.015191910202770612
dim_191,-0.01518039257400886,0.01518039257400886
dim_028,0.015137286813844913,0.015137286813844913
dim_348,-0.015130650286878876,0.015130650286878876
dim_600,0.015058062748491186,0.015058062748491186
dim_017,0.015043899654316234,0.015043899654316234
dim_603,-0.015038168085992251,0.015038168085992251
dim_461,0.01503038615883447,0.01503038615883447
dim_725,0.015000843015454561,0.015000843015454561
dim_468,0.014976813974146214,0.014976813974146214
dim_474,0.014824643026661873,0.014824643026661873
dim_732,0.014702505399817059,0.014702505399817059
dim_053,0.014617599231500579,0.014617599231500579
dim_345,-0.014617106340254175,0.014617106340254175
dim_371,-0.014607141994045702,0.014607141994045702
dim_712,-0.014601674181462278,0.014601674181462278
dim_303,0.014575251307849911,0.014575251307849911
dim_231,0.014461708435628025,0.014461708435628025
dim_756,-0.014398891339702131,0.014398891339702131
dim_711,0.01434889241562174,0.01434889241562174
dim_352,-0.014327658026907606,0.014327658026907606
dim_184,0.014305611261836245,0.014305611261836245
dim_466,0.014206982288899415,0.014206982288899415
dim_543,0.014153252073344603,0.014153252073344603
dim_448,-0.014131025639384421,0.014131025639384421
dim_357,-0.014113437129622175,0.014113437129622175
dim_390,-0.014096266057620857,0.014096266057620857
dim_544,0.014058774872446122,0.014058774872446122
dim_667,0.014000002998968634,0.014000002998968634
dim_143,-0.013949362835550485,0.013949362835550485
dim_766,-0.013936541424693262,0.013936541424693262
dim_152,0.013928734599106606,0.013928734599106606
dim_464,-0.013926679425793143,0.013926679425793143
dim_135,0.013823361027620733,0.013823361027620733
dim_343,-0.013797929504852886,0.013797929504852886
dim_064,-0.013761615190123373,0.013761615190123373
dim_426,0.013715199453761392,0.013715199453761392
dim_688,0.013700167503355325,0.013700167503355325
dim_161,0.013636387226174758,0.013636387226174758
dim_252,-0.013592936705827887,0.013592936705827887
dim_388,-0.013567700387309188,0.013567700387309188
dim_289,0.013548569592809735,0.013548569592809735
dim_720,0.013473734064091344,0.013473734064091344
dim_309,-0.013433352844845849,0.013433352844845849
dim_201,-0.013294437943596353,0.013294437943596353
dim_446,0.013245334552521854,0.013245334552521854
dim_513,0.013099858539024777,0.013099858539024777
dim_060,0.013081811295566096,0.013081811295566096
dim_140,0.013080830411173623,0.013080830411173623
dim_174,-0.013058084669551462,0.013058084669551462
dim_574,0.012996255979787739,0.012996255979787739
dim_173,0.012969064633412276,0.012969064633412276
dim_025,0.012825123037795766,0.012825123037795766
dim_139,-0.012816735884286265,0.012816735884286265
dim_162,0.012781296464864254,0.012781296464864254
dim_167,0.012730826841270094,0.012730826841270094
dim_550,0.012722921079701587,0.012722921079701587
dim_232,0.012718084138269903,0.012718084138269903
dim_269,0.012705743999656524,0.012705743999656524
dim_540,0.01268741614672525,0.01268741614672525
dim_654,-0.012679289643137972,0.012679289643137972
dim_443,0.012652210339838595,0.012652210339838595
dim_752,0.012575335053660042,0.012575335053660042
dim_033,-0.012565967302417113,0.012565967302417113
dim_407,-0.012482866541301487,0.012482866541301487
dim_661,0.0124753094641019,0.0124753094641019
dim_728,0.012423700103478796,0.012423700103478796
dim_635,0.012423173436199563,0.012423173436199563
dim_026,-0.01238642165877989,0.01238642165877989
dim_325,-0.012376221481163135,0.012376221481163135
dim_036,0.0123365543547888,0.0123365543547888
dim_442,0.012319091356351097,0.012319091356351097
dim_670,-0.012306918780394353,0.012306918780394353
dim_193,0.01220363647456978,0.01220363647456978
dim_470,0.012197672245557675,0.012197672245557675
dim_333,0.012186723354844345,0.012186723354844345
dim_392,-0.012178656839133339,0.012178656839133339
dim_751,-0.0121680847350747,0.0121680847350747
dim_705,-0.012160865557320799,0.012160865557320799
dim_511,-0.012002626235034486,0.012002626235034486
dim_580,0.011986152553679233,0.011986152553679233
dim_354,0.011811937508680466,0.011811937508680466
dim_742,-0.011790341473464834,0.011790341473464834
dim_358,0.011655428622793815,0.011655428622793815
dim_045,-0.011647406367684585,0.011647406367684585
dim_425,-0.011645789787834098,0.011645789787834098
dim_258,-0.011642210108132293,0.011642210108132293
dim_590,-0.011617292559980862,0.011617292559980862
dim_175,0.011558585369196754,0.011558585369196754
dim_539,0.011526380419812521,0.011526380419812521
dim_266,-0.011523333032842623,0.011523333032842623
dim_759,-0.011457508734011282,0.011457508734011282
dim_702,0.011446053224965549,0.011446053224965549
dim_381,0.011430311755533393,0.011430311755533393
dim_459,-0.011381058763235958,0.011381058763235958
dim_393,0.01134721620213525,0.01134721620213525
dim_181,0.011339886633089463,0.011339886633089463
dim_214,-0.01123787530850901,0.01123787530850901
dim_585,-0.011194559971528828,0.011194559971528828
dim_362,-0.011177912758184274,0.011177912758184274
dim_564,-0.011153046027831575,0.011153046027831575
dim_001,0.011134757411368601,0.011134757411368601
dim_203,0.011033849563936805,0.011033849563936805
dim_330,-0.010956800589395877,0.010956800589395877
dim_394,-0.010951521117568008,0.010951521117568008
dim_438,0.010902206969597166,0.010902206969597166
dim_472,0.010898854411015665,0.010898854411015665
dim_341,-0.010891855218246449,0.010891855218246449
dim_218,-0.010844509004939868,0.010844509004939868
dim_739,0.010825307367746406,0.010825307367746406
dim_159,0.010823578128237171,0.010823578128237171
dim_411,-0.010793636990719136,0.010793636990719136
dim_212,0.010769192492421429,0.010769192492421429
dim_548,-0.010727719143788911,0.010727719143788911
dim_336,-0.010726371379709618,0.010726371379709618
dim_429,0.010680848535182003,0.010680848535182003
dim_643,0.010670339200092013,0.010670339200092013
dim_503,0.010665340269449184,0.010665340269449184
dim_168,0.010645502867631839,0.010645502867631839
dim_244,-0.01060940563346255,0.01060940563346255
dim_463,-0.010580714734110949,0.010580714734110949
dim_295,-0.010565238286344262,0.010565238286344262
dim_541,0.010501548493600464,0.010501548493600464
dim_486,-0.010486473233484327,0.010486473233484327
dim_405,-0.010479713475794931,0.010479713475794931
dim_038,-0.01041328611326201,0.01041328611326201
dim_666,0.010403924175401093,0.010403924175401093
dim_070,-0.010351463251159092,0.010351463251159092
dim_649,0.010344607486908772,0.010344607486908772
dim_577,-0.010318907832231577,0.010318907832231577
dim_510,0.010279527725384083,0.010279527725384083
dim_604,0.010257862021455261,0.010257862021455261
dim_124,-0.010236401272836738,0.010236401272836738
dim_625,0.010167877515693305,0.010167877515693305
dim_043,0.010131237206096252,0.010131237206096252
dim_419,0.010085617493496561,0.010085617493496561
dim_199,0.010054105520466235,0.010054105520466235
dim_452,0.0099889033035247838,0.0099889033035247838
dim_684,0.0099577058897761736,0.0099577058897761736
dim_673,-0.0099035520595752314,0.0099035520595752314
dim_009,-0.0098418856497513828,0.0098418856497513828
dim_102,-0.0098403376371608876,0.0098403376371608876
dim_681,-0.00982850380876653,0.00982850380876653
dim_125,-0.0097995412994905575,0.0097995412994905575
dim_741,-0.0097927074071505211,0.0097927074071505211
dim_672,0.0097900108840922682,0.0097900108840922682
dim_627,0.0097586096716023932,0.0097586096716023932
dim_150,0.00975532420205843,0.00975532420205843
dim_399,-0.009728164939594856,0.009728164939594856
dim_436,-0.0096786237629957143,0.0096786237629957143
dim_121,-0.0095130863776354407,0.0095130863776354407
dim_367,-0.0094825170514625107,0.0094825170514625107
dim_606,-0.0094686061422463684,0.0094686061422463684
dim_648,0.0094638978013807749,0.0094638978013807749
dim_005,-0.0093585854603820406,0.0093585854603820406
dim_327,-0.0093479928699194831,0.0093479928699194831
dim_319,0.0093470731745355293,0.0093470731745355293
dim_022,-0.0092711838310512561,0.0092711838310512561
dim_476,0.0092024091697274057,0.0092024091697274057
dim_385,0.0091966966555606534,0.0091966966555606534
dim_749,0.0091930482198275074,0.0091930482198275074
dim_291,-0.0091653035634434131,0.0091653035634434131
dim_520,0.0090688373425723001,0.0090688373425723001
dim_698,-0.0090657589181021396,0.0090657589181021396
dim_432,0.0090551518986849155,0.0090551518986849155
dim_112,0.0090143785624213976,0.0090143785624213976
dim_533,0.0089953665717216851,0.0089953665717216851
dim_597,0.0089845023232527754,0.0089845023232527754
dim_573,-0.0089479421086554097,0.0089479421086554097
dim_363,-0.0089080321350544014,0.0089080321350544014
dim_614,-0.008905401603828321,0.008905401603828321
dim_233,-0.0088986427257252768,0.0088986427257252768
dim_499,-0.0088710541134512742,0.0088710541134512742
dim_194,-0.0088189121859342818,0.0088189121859342818
dim_222,-0.0088024200976414297,0.0088024200976414297
dim_179,0.0087547390984793524,0.0087547390984793524
dim_332,-0.0087490853722170196,0.0087490853722170196
dim_149,0.0087209645073314142,0.0087209645073314142
dim_021,-0.0086855732098652001,0.0086855732098652001
dim_700,0.0086638245173157446,0.0086638245173157446
dim_030,0.0086287733500547744,0.0086287733500547744
dim_545,-0.0086186637751128007,0.0086186637751128007
dim_108,-0.0085191770285157776,0.0085191770285157776
dim_758,-0.0085078951434162976,0.0085078951434162976
dim_177,0.0085019664682552554,0.0085019664682552554
dim_304,-0.0084747788141552108,0.0084747788141552108
dim_166,-0.0081911920794385789,0.0081911920794385789
dim_095,-0.0081745651160194041,0.0081745651160194041
dim_157,0.0081028220893026043,0.0081028220893026043
dim_387,0.0081005227017162933,0.0081005227017162933
dim_526,-0.0079695867808210231,0.0079695867808210231
dim_729,0.0079680349260699227,0.0079680349260699227
dim_165,-0.0079353634119388484,0.0079353634119388484
dim_467,0.0078774630966406394,0.0078774630966406394
dim_342,0.00787597223269248,0.00787597223269248
dim_041,0.0078227756926779243,0.0078227756926779243
dim_338,-0.0078211941129576676,0.0078211941129576676
dim_122,-0.0077981626035753242,0.0077981626035753242
dim_655,0.0077741863820281216,0.0077741863820281216
dim_300,-0.0076915270186433213,0.0076915270186433213
dim_042,-0.0076757050267412226,0.0076757050267412226
dim_221,-0.0076526716962827153,0.0076526716962827153
dim_092,-0.0076465994353389953,0.0076465994353389953
dim_734,0.0076443241419602639,0.0076443241419602639
dim_205,0.0076358086785548347,0.0076358086785548347
dim_318,-0.007600996939414564,0.007600996939414564
dim_176,-0.0075846406364872779,0.0075846406364872779
dim_622,-0.0075370606423153033,0.0075370606423153033
dim_197,-0.0075210647242073695,0.0075210647242073695
dim_496,-0.0074015543196705317,0.0074015543196705317
dim_263,-0.0073985185356821781,0.0073985185356821781
dim_386,-0.0073933205205555042,0.0073933205205555042
dim_280,-0.0073196709121744639,0.0073196709121744639
dim_089,0.0072980626681755298,0.0072980626681755298
dim_272,0.0072808793664688879,0.0072808793664688879
dim_353,0.0072300152127870235,0.0072300152127870235
dim_567,0.0071963342217773018,0.0071963342217773018
dim_132,0.0071379690009853889,0.0071379690009853889
dim_051,0.0071351486201668987,0.0071351486201668987
dim_088,-0.0071140820486945552,0.0071140820486945552
dim_071,0.0070904003663106686,0.0070904003663106686
dim_220,0.0070871028365883581,0.0070871028365883581
dim_376,-0.0070859676353964927,0.0070859676353964927
dim_579,0.0070156636959457083,0.0070156636959457083
dim_230,0.0069970858791577025,0.0069970858791577025
dim_420,0.006984905429512616,0.006984905429512616
dim_238,0.0069722504547843032,0.0069722504547843032
dim_440,-0.0068973687371531736,0.0068973687371531736
dim_636,0.006862069210975051,0.006862069210975051
dim_630,-0.0068475685681883358,0.0068475685681883358
dim_339,0.0068138756008721078,0.0068138756008721078
dim_103,-0.0067204634580442634,0.0067204634580442634
dim_469,0.0066861910838753435,0.0066861910838753435
dim_479,0.0066782182913616463,0.0066782182913616463
dim_400,-0.0066672200752645912,0.0066672200752645912
dim_610,0.006667126738007516,0.006667126738007516
dim_374,-0.0066480426853100039,0.0066480426853100039
dim_460,0.00659270296996639,0.00659270296996639
dim_069,-0.0065625971918359029,0.0065625971918359029
dim_719,0.0065374230573316634,0.0065374230573316634
dim_740,0.0065244625300922079,0.0065244625300922079
dim_433,-0.0065144156768766641,0.0065144156768766641
dim_441,0.0065000490247089275,0.0065000490247089275
dim_211,0.0063768777028426092,0.0063768777028426092
dim_155,0.0063419439837124059,0.0063419439837124059
dim_647,0.0062575942586068582,0.0062575942586068582
dim_290,0.0062406738875743356,0.0062406738875743356
dim_114,0.0061993376508011361,0.0061993376508011361
dim_372,-0.0061750601627627334,0.0061750601627627334
dim_525,-0.006139602933427561,0.006139602933427561
dim_235,0.0061251189207562279,0.0061251189207562279
dim_571,-0.006121712755273059,0.006121712755273059
dim_383,0.0061165887379160625,0.0061165887379160625
dim_098,0.0060450294122210858,0.0060450294122210858
dim_080,0.0060272027947598783,0.0060272027947598783
dim_706,0.0060121334182810489,0.0060121334182810489
dim_223,0.0059636563389254904,0.0059636563389254904
dim_715,-0.0059413932617468322,0.0059413932617468322
dim_243,0.0058832748117889572,0.0058832748117889572
dim_599,-0.0058513078351967208,0.0058513078351967208
dim_602,-0.00580501313221628,0.00580501313221628
dim_451,-0.0058028306194668876,0.0058028306194668876
dim_699,0.0057778740069170361,0.0057778740069170361
dim_404,-0.005736801059409556,0.005736801059409556
dim_127,-0.0057219206355980049,0.0057219206355980049
dim_380,-0.0056725769528654527,0.0056725769528654527
dim_131,0.005659199332229743,0.005659199332229743
dim_253,0.0056456764462781408,0.0056456764462781408
dim_683,-0.0056415264685335392,0.0056415264685335392
dim_351,-0.0056310317564307452,0.0056310317564307452
dim_659,0.0056284759279001846,0.0056284759279001846
dim_169,0.0056282193707920102,0.0056282193707920102
dim_512,-0.0055875922980880557,0.0055875922980880557
dim_488,-0.0055494660350321979,0.0055494660350321979
dim_679,0.0055258928433198958,0.0055258928433198958
dim_537,0.0053572644865809722,0.0053572644865809722
dim_023,0.0053420354051712136,0.0053420354051712136
dim_626,-0.0053416202263781099,0.0053416202263781099
dim_077,0.0053413650791344983,0.0053413650791344983
dim_586,0.0053331448835276674,0.0053331448835276674
dim_665,0.005283049606397295,0.005283049606397295
dim_186,0.0052468124228121334,0.0052468124228121334
dim_562,0.0052143638008860984,0.0052143638008860984
dim_251,-0.0051312360530416023,0.0051312360530416023
dim_568,-0.0051173046517478506,0.0051173046517478506
dim_491,0.0050705310390365011,0.0050705310390365011
dim_226,-0.0050602952446316737,0.0050602952446316737
dim_359,-0.0050514242062123949,0.0050514242062123949
dim_118,-0.004901506440593637,0.004901506440593637
dim_138,0.0048689441540930569,0.0048689441540930569
dim_657,0.0048653613213843422,0.0048653613213843422
dim_236,0.0047264585298623261,0.0047264585298623261
dim_646,0.004723540734446809,0.004723540734446809
dim_382,0.0046915751323019835,0.0046915751323019835
dim_762,-0.0046356915236245872,0.0046356915236245872
dim_373,-0.0045048335822077097,0.0045048335822077097
dim_189,0.0045003026999475178,0.0045003026999475178
dim_079,0.0043560330193467113,0.0043560330193467113
dim_007,0.0043552686766049481,0.0043552686766049481
dim_240,0.0043428903547481513,0.0043428903547481513
dim_229,0.0043261586707156992,0.0043261586707156992
dim_578,-0.0043051931011231738,0.0043051931011231738
dim_549,-0.0042793678907150374,0.0042793678907150374
dim_264,-0.0042723648112390654,0.0042723648112390654
dim_615,0.0042682704858973738,0.0042682704858973738
dim_485,0.0042528376287020416,0.0042528376287020416
dim_755,-0.0042275495936944787,0.0042275495936944787
dim_154,-0.00419604318784139,0.00419604318784139
dim_678,0.0041178717218015755,0.0041178717218015755
dim_589,0.0041113810608149424,0.0041113810608149424
dim_724,-0.00410438631007336,0.00410438631007336
dim_072,-0.0040895075034427936,0.0040895075034427936
dim_323,0.0040736133930167045,0.0040736133930167045
dim_076,0.0040247119186157688,0.0040247119186157688
dim_109,0.0040063686617806838,0.0040063686617806838
dim_620,-0.0040038443042379858,0.0040038443042379858
dim_611,-0.0039464097760550983,0.0039464097760550983
dim_560,-0.0039182343051064024,0.0039182343051064024
dim_475,0.0039078606473760989,0.0039078606473760989
dim_753,-0.0039036115236762495,0.0039036115236762495
dim_733,0.0038815635345700915,0.0038815635345700915
dim_416,0.0037300580539356212,0.0037300580539356212
dim_723,-0.0036889248525026975,0.0036889248525026975
dim_395,0.0036873903676188009,0.0036873903676188009
dim_331,0.0036112153857398256,0.0036112153857398256
dim_546,0.0035046990675647203,0.0035046990675647203
dim_020,0.0035000065774825765,0.0035000065774825765
dim_271,-0.0034596784105091804,0.0034596784105091804
dim_003,-0.0034299476056566802,0.0034299476056566802
dim_182,0.0034181024452870604,0.0034181024452870604
dim_423,-0.0034097358628861663,0.0034097358628861663
dim_521,0.0034044176849084419,0.0034044176849084419
dim_508,0.0033944248032858164,0.0033944248032858164
dim_329,-0.0033697883465767645,0.0033697883465767645
dim_066,-0.0032265767265241465,0.0032265767265241465
dim_019,-0.0032202548164413165,0.0032202548164413165
dim_097,0.0031931368215967759,0.0031931368215967759
dim_563,-0.0031857755077788733,0.0031857755077788733
dim_494,-0.0029448028859063793,0.0029448028859063793
dim_302,0.0029411435550992845,0.0029411435550992845
dim_624,0.0029257767652946642,0.0029257767652946642
dim_090,-0.0029252083315894615,0.0029252083315894615
dim_738,-0.0029006895850124731,0.0029006895850124731
dim_216,-0.0028225600352542201,0.0028225600352542201
dim_316,0.0028019804242076143,0.0028019804242076143
dim_068,0.002704242287588247,0.002704242287588247
dim_356,0.0026633016177513994,0.0026633016177513994
dim_637,0.0026183318836656452,0.0026183318836656452
dim_593,0.0026114118673559506,0.0026114118673559506
dim_449,0.0025812704980005667,0.0025812704980005667
dim_225,-0.0025196917588285878,0.0025196917588285878
dim_418,0.0025088925352505947,0.0025088925352505947
dim_675,-0.0024894537272773915,0.0024894537272773915
dim_128,-0.0024510140327502032,0.0024510140327502032
dim_375,0.0024370133084101668,0.0024370133084101668
dim_529,0.0024194863264720935,0.0024194863264720935
dim_754,0.0023919232743191765,0.0023919232743191765
dim_361,0.0023615422404090433,0.0023615422404090433
dim_656,-0.0023531673886006028,0.0023531673886006028
dim_410,-0.0023351587964959603,0.0023351587964959603
dim_413,-0.0023326150717054486,0.0023326150717054486
dim_569,0.0023294851183315994,0.0023294851183315994
dim_547,0.0023027366767714103,0.0023027366767714103
dim_147,0.0022514655358390877,0.0022514655358390877
dim_306,-0.0022512180484848296,0.0022512180484848296
dim_570,0.0022466978141444495,0.0022466978141444495
dim_455,0.0022275655173102414,0.0022275655173102414
dim_106,0.002225177657698924,0.002225177657698924
dim_631,-0.002217516004142502,0.002217516004142502
dim_274,0.0021464049045957852,0.0021464049045957852
dim_183,0.0021268106207882227,0.0021268106207882227
dim_653,0.0020985711600144878,0.0020985711600144878
dim_473,-0.0020978782608810772,0.0020978782608810772
dim_277,-0.002028746855234007,0.002028746855234007
dim_324,-0.0019533615074269722,0.0019533615074269722
dim_202,0.0019478625242937489,0.0019478625242937489
dim_013,0.0018816137276935416,0.0018816137276935416
dim_406,0.0018742951292420528,0.0018742951292420528
dim_245,0.001872482423082686,0.001872482423082686
dim_034,-0.0018624706757690516,0.0018624706757690516
dim_298,0.0018487049646416617,0.0018487049646416617
dim_716,0.0018175998769364068,0.0018175998769364068
dim_227,-0.0018066613330373449,0.0018066613330373449
dim_605,-0.0017560231111372296,0.0017560231111372296
dim_032,0.001747984166460412,0.001747984166460412
dim_297,0.0016751782071743747,0.0016751782071743747
dim_337,-0.0016663664651827771,0.0016663664651827771
dim_378,0.0016312166981614202,0.0016312166981614202
dim_261,0.0016287462245091031,0.0016287462245091031
dim_061,-0.0016120610532436024,0.0016120610532436024
dim_335,0.0015138434049296321,0.0015138434049296321
dim_284,0.0015108099961378466,0.0015108099961378466
dim_628,0.0015064952255577834,0.0015064952255577834
dim_559,0.0014786082002889551,0.0014786082002889551
dim_262,0.0014741647276855781,0.0014741647276855781
dim_027,0.0014278348024807715,0.0014278348024807715
dim_107,-0.0013880424780039755,0.0013880424780039755
dim_730,0.0013742894314299218,0.0013742894314299218
dim_256,0.0013721890691360007,0.0013721890691360007
dim_538,-0.0013292600464140103,0.0013292600464140103
dim_094,0.0013074473432327534,0.0013074473432327534
dim_074,0.0013021571188731524,0.0013021571188731524
dim_116,0.0012977094115229446,0.0012977094115229446
dim_129,0.0012074135981864434,0.0012074135981864434
dim_246,0.0011892818424924271,0.0011892818424924271
dim_056,0.0011890132201518963,0.0011890132201518963
dim_612,0.0011632543769910777,0.0011632543769910777
dim_517,-0.0011106965632870795,0.0011106965632870795
dim_260,-0.0010891024540093813,0.0010891024540093813
dim_542,-0.0010731894775198583,0.0010731894775198583
dim_617,0.0010604933614568866,0.0010604933614568866
dim_502,0.0010436916058403107,0.0010436916058403107
dim_248,-0.0010388589579960284,0.0010388589579960284
dim_592,0.0010213242433111231,0.0010213242433111231
dim_530,-0.0010108183686775079,0.0010108183686775079
dim_522,0.001000912745143648,0.001000912745143648
dim_198,-0.00096617548095627871,0.00096617548095627871
dim_187,-0.00091575975080171771,0.00091575975080171771
dim_078,-0.00087851196103004309,0.00087851196103004309
dim_081,-0.00076738793021697638,0.00076738793021697638
dim_645,0.00076581963498211186,0.00076581963498211186
dim_322,-0.00074679867017570423,0.00074679867017570423
dim_703,0.00074492930623268967,0.00074492930623268967
dim_528,0.00073844016114262218,0.00073844016114262218
dim_535,-0.00073100354294615931,0.00073100354294615931
dim_707,0.00069606160222078744,0.00069606160222078744
dim_561,0.00066740315508862261,0.00066740315508862261
dim_105,0.00065509864951769821,0.00065509864951769821
dim_145,-0.00061457670579315627,0.00061457670579315627
dim_293,-0.00061439322537389942,0.00061439322537389942
dim_320,-0.00055977813159021055,0.00055977813159021055
dim_101,-0.00054482138008748267,0.00054482138008748267
dim_471,-0.00052540680393406457,0.00052540680393406457
dim_153,0.00048246799681667623,0.00048246799681667623
dim_514,0.00047428318310953533,0.00047428318310953533
dim_278,-0.00045427815397658784,0.00045427815397658784
dim_500,0.00041550637422270968,0.00041550637422270968
dim_575,0.00037273015232674707,0.00037273015232674707
dim_450,0.00034381243414137284,0.00034381243414137284
dim_601,0.00033109685032948485,0.00033109685032948485
dim_515,0.00029543424889098802,0.00029543424889098802
dim_478,-0.0002237224253062935,0.0002237224253062935
dim_016,0.00019226693374206481,0.00019226693374206481
dim_402,0.0001282893291509947,0.0001282893291509947
dim_321,-0.00012499162042259237,0.00012499162042259237
dim_640,7.3341666779953464e-05,7.3341666779953464e-05
dim_489,4.2407989298508493e-05,4.2407989298508493e-05
dim_075,-3.08495478116627e-05,3.08495478116627e-05
dim_008,-0,0
dim_141,-0,0
dim_200,-0,0
dim_691,-0,0
