code,name,sector,cohort_key,feature_source,PC05,PC05_z,pca_version
000001,平安银行,bluechip,student_C,local_semantic,5.0598907448704304,0.94823392817562568,pc5-full-svd-63860325d95daff9c609bee44540cd8f7d7d1240b2234de595f24f7af231d7c0
000002,万科A,bluechip,student_C,local_semantic,4.3193948641672923,0.80946347775259253,pc5-full-svd-63860325d95daff9c609bee44540cd8f7d7d1240b2234de595f24f7af231d7c0
000021,深科技,tech,student_A,local_semantic,-0.34271614890204316,-0.064225710891496479,pc5-full-svd-63860325d95daff9c609bee44540cd8f7d7d1240b2234de595f24f7af231d7c0
000037,深南电A,growth,student_B,local_semantic,-1.1379900773628933,-0.21326168008205335,pc5-full-svd-63860325d95daff9c609bee44540cd8f7d7d1240b2234de595f24f7af231d7c0
000060,中金岭南,global,student_B,local_semantic,1.651939167557265,0.3095767962080988,pc5-full-svd-63860325d95daff9c609bee44540cd8f7d7d1240b2234de595f24f7af231d7c0
000063,中兴通讯,tech,student_A,local_semantic,-0.71586920864926606,-0.13415536145036913,pc5-full-svd-63860325d95daff9c609bee44540cd8f7d7d1240b2234de595f24f7af231d7c0
000089,深圳机场,bluechip,student_A,local_semantic,-10.266009902781351,-1.9238713615848058,pc5-full-svd-63860325d95daff9c609bee44540cd8f7d7d1240b2234de595f24f7af231d7c0
000157,中联重科,bluechip,student_A,local_semantic,-9.33422479992897,-1.7492529176610987,pc5-full-svd-63860325d95daff9c609bee44540cd8f7d7d1240b2234de595f24f7af231d7c0
000166,申万宏源,bluechip,student_C,local_semantic,4.0101743469104099,0.75151491709478713,pc5-full-svd-63860325d95daff9c609bee44540cd8f7d7d1240b2234de595f24f7af231d7c0
000301,东方盛虹,bluechip,student_B,local_semantic,3.0403815286869547,0.56977374917079759,pc5-full-svd-63860325d95daff9c609bee44540cd8f7d7d1240b2234de595f24f7af231d7c0
000338,潍柴动力,bluechip,student_A,local_semantic,-10.221069988053443,-1.9154495291732025,pc5-full-svd-63860325d95daff9c609bee44540cd8f7d7d1240b2234de595f24f7af231d7c0
000408,藏格矿业,growth,student_B,local_semantic,1.4030855402339384,0.26294111483162397,pc5-full-svd-63860325d95daff9c609bee44540cd8f7d7d1240b2234de595f24f7af231d7c0
000423,东阿阿胶,defensive,student_C,local_semantic,5.7794801156319524,1.0830864556540816,pc5-full-svd-63860325d95daff9c609bee44540cd8f7d7d1240b2234de595f24f7af231d7c0
000425,徐工机械,bluechip,student_A,local_semantic,-11.600680995984675,-2.1739914683902053,pc5-full-svd-63860325d95daff9c609bee44540cd8f7d7d1240b2234de595f24f7af231d7c0
000528,柳工,bluechip,student_A,local_semantic,-9.3346530596222923,-1.7493331744080829,pc5-full-svd-63860325d95daff9c609bee44540cd8f7d7d1240b2234de595f24f7af231d7c0
000538,云南白药,defensive,student_C,local_semantic,6.1814636123228635,1.1584189893684547,pc5-full-svd-63860325d95daff9c609bee44540cd8f7d7d1240b2234de595f24f7af231d7c0
000539,粤电力A,defensive,student_B,local_semantic,-0.52619950578860308,-0.098610869193930972,pc5-full-svd-63860325d95daff9c609bee44540cd8f7d7d1240b2234de595f24f7af231d7c0
000553,安道麦A,bluechip,student_B,local_semantic,3.3278462178119081,0.62364522290905511,pc5-full-svd-63860325d95daff9c609bee44540cd8f7d7d1240b2234de595f24f7af231d7c0
000568,泸州老窖,growth,student_C,local_semantic,5.0064210872422938,0.9382136044082926,pc5-full-svd-63860325d95daff9c609bee44540cd8f7d7d1240b2234de595f24f7af231d7c0
000591,太阳能,growth,student_B,local_semantic,-2.4487953064206773,-0.4589092748809489,pc5-full-svd-63860325d95daff9c609bee44540cd8f7d7d1240b2234de595f24f7af231d7c0
000596,古井贡酒,growth,student_C,local_semantic,5.4428226661348313,1.0199961574870968,pc5-full-svd-63860325d95daff9c609bee44540cd8f7d7d1240b2234de595f24f7af231d7c0
000625,长安汽车,growth,student_A,local_semantic,-11.557447620396193,-2.16588944492179,pc5-full-svd-63860325d95daff9c609bee44540cd8f7d7d1240b2234de595f24f7af231d7c0
000630,铜陵有色,global,student_B,local_semantic,2.8053581191724968,0.52572987904513346,pc5-full-svd-63860325d95daff9c609bee44540cd8f7d7d1240b2234de595f24f7af231d7c0
000661,长春高新,growth,student_C,local_semantic,4.5081756102621657,0.84484137768352296,pc5-full-svd-63860325d95daff9c609bee44540cd8f7d7d1240b2234de595f24f7af231d7c0
000680,山推股份,bluechip,student_A,local_semantic,-9.7325222070062338,-1.8238946706036736,pc5-full-svd-63860325d95daff9c609bee44540cd8f7d7d1240b2234de595f24f7af231d7c0
000688,国城矿业,global,student_B,local_semantic,2.6549498423099385,0.49754305873797622,pc5-full-svd-63860325d95daff9c609bee44540cd8f7d7d1240b2234de595f24f7af231d7c0
000690,宝新能源,defensive,student_B,local_semantic,-0.99855011629406565,-0.18713034470430964,pc5-full-svd-63860325d95daff9c609bee44540cd8f7d7d1240b2234de595f24f7af231d7c0
000725,京东方A,tech,student_A,local_semantic,-0.22763505284340152,-0.042659276895847704,pc5-full-svd-63860325d95daff9c609bee44540cd8f7d7d1240b2234de595f24f7af231d7c0
000768,中航西飞,growth,student_A,local_semantic,-10.578950077949456,-1.9825169937823879,pc5-full-svd-63860325d95daff9c609bee44540cd8f7d7d1240b2234de595f24f7af231d7c0
000776,广发证券,bluechip,student_C,local_semantic,4.9575437075477797,0.92905388296694602,pc5-full-svd-63860325d95daff9c609bee44540cd8f7d7d1240b2234de595f24f7af231d7c0
000783,长江证券,bluechip,student_C,local_semantic,4.8077190119577953,0.90097642699004898,pc5-full-svd-63860325d95daff9c609bee44540cd8f7d7d1240b2234de595f24f7af231d7c0
000792,盐湖股份,growth,student_B,local_semantic,1.666486047111597,0.31230291134338817,pc5-full-svd-63860325d95daff9c609bee44540cd8f7d7d1240b2234de595f24f7af231d7c0
000799,酒鬼酒,growth,student_C,local_semantic,5.9030311233712442,1.1062401685119045,pc5-full-svd-63860325d95daff9c609bee44540cd8f7d7d1240b2234de595f24f7af231d7c0
000831,中国稀土,global,student_B,local_semantic,1.6749524287367346,0.31388952866590186,pc5-full-svd-63860325d95daff9c609bee44540cd8f7d7d1240b2234de595f24f7af231d7c0
000858,五粮液,bluechip,student_C,local_semantic,7.1289994552986835,1.3359891543731088,pc5-full-svd-63860325d95daff9c609bee44540cd8f7d7d1240b2234de595f24f7af231d7c0
000862,银星能源,growth,student_B,local_semantic,-2.12706670877827,-0.39861667424363867,pc5-full-svd-63860325d95daff9c609bee44540cd8f7d7d1240b2234de595f24f7af231d7c0
000878,云南铜业,global,student_B,local_semantic,2.3726607032701681,0.444641493726052,pc5-full-svd-63860325d95daff9c609bee44540cd8f7d7d1240b2234de595f24f7af231d7c0
000895,双汇发展,defensive,student_C,local_semantic,5.8379692633175182,1.0940474421777044,pc5-full-svd-63860325d95daff9c609bee44540cd8f7d7d1240b2234de595f24f7af231d7c0
000932,华菱钢铁,bluechip,student_B,local_semantic,3.1131179090029946,0.58340469638013714,pc5-full-svd-63860325d95daff9c609bee44540cd8f7d7d1240b2234de595f24f7af231d7c0
000960,锡业股份,global,student_B,local_semantic,2.2758906994965424,0.42650659607023611,pc5-full-svd-63860325d95daff9c609bee44540cd8f7d7d1240b2234de595f24f7af231d7c0
000963,华东医药,growth,student_C,local_semantic,6.089763174305066,1.1412341387577587,pc5-full-svd-63860325d95daff9c609bee44540cd8f7d7d1240b2234de595f24f7af231d7c0
000966,杉杉股份,growth,student_B,local_semantic,-1.340121714775923,-0.25114156449399166,pc5-full-svd-63860325d95daff9c609bee44540cd8f7d7d1240b2234de595f24f7af231d7c0
000975,银泰黄金,global,student_B,local_semantic,2.7344827224505006,0.51244768398729823,pc5-full-svd-63860325d95daff9c609bee44540cd8f7d7d1240b2234de595f24f7af231d7c0
001258,立新能源,growth,student_B,local_semantic,-1.5831860765372407,-0.29669232560204356,pc5-full-svd-63860325d95daff9c609bee44540cd8f7d7d1240b2234de595f24f7af231d7c0
001289,龙源电力,growth,student_B,local_semantic,-0.48001266245246194,-0.089955359797594628,pc5-full-svd-63860325d95daff9c609bee44540cd8f7d7d1240b2234de595f24f7af231d7c0
001309,德明利,tech,student_A,local_semantic,0.46794548423874172,0.087693945791533057,pc5-full-svd-63860325d95daff9c609bee44540cd8f7d7d1240b2234de595f24f7af231d7c0
001979,招商蛇口,bluechip,student_C,local_semantic,4.0817346405529591,0.76492546324360777,pc5-full-svd-63860325d95daff9c609bee44540cd8f7d7d1240b2234de595f24f7af231d7c0
002007,华兰生物,growth,student_C,local_semantic,4.4150234558804158,0.82738447244165081,pc5-full-svd-63860325d95daff9c609bee44540cd8f7d7d1240b2234de595f24f7af231d7c0
002030,达安基因,growth,student_C,local_semantic,4.6305093083182243,0.86776696420405119,pc5-full-svd-63860325d95daff9c609bee44540cd8f7d7d1240b2234de595f24f7af231d7c0
002049,紫光国微,tech,student_A,local_semantic,0.20832544985283624,0.039040617596965067,pc5-full-svd-63860325d95daff9c609bee44540cd8f7d7d1240b2234de595f24f7af231d7c0
002064,华峰化学,growth,student_B,local_semantic,1.6342960119751802,0.30627043257960063,pc5-full-svd-63860325d95daff9c609bee44540cd8f7d7d1240b2234de595f24f7af231d7c0
002074,国轩高科,growth,student_B,local_semantic,-1.6046992309840191,-0.30072393497408345,pc5-full-svd-63860325d95daff9c609bee44540cd8f7d7d1240b2234de595f24f7af231d7c0
002080,中材科技,growth,student_B,local_semantic,-2.6123217447126819,-0.48955446560950233,pc5-full-svd-63860325d95daff9c609bee44540cd8f7d7d1240b2234de595f24f7af231d7c0
002097,山河智能,growth,student_A,local_semantic,-11.545131557962902,-2.1635813895013021,pc5-full-svd-63860325d95daff9c609bee44540cd8f7d7d1240b2234de595f24f7af231d7c0
002114,罗平锌电,global,student_B,local_semantic,2.3465851302467629,0.43975487773291416,pc5-full-svd-63860325d95daff9c609bee44540cd8f7d7d1240b2234de595f24f7af231d7c0
002142,宁波银行,bluechip,student_C,local_semantic,4.5509223049465657,0.85285219614995034,pc5-full-svd-63860325d95daff9c609bee44540cd8f7d7d1240b2234de595f24f7af231d7c0
002155,湖南黄金,global,student_B,local_semantic,2.9662164246136946,0.55587505619205368,pc5-full-svd-63860325d95daff9c609bee44540cd8f7d7d1240b2234de595f24f7af231d7c0
002156,通富微电,tech,student_A,local_semantic,-0.61895350636011148,-0.11599315959320279,pc5-full-svd-63860325d95daff9c609bee44540cd8f7d7d1240b2234de595f24f7af231d7c0
002185,华天科技,tech,student_A,local_semantic,-1.1113045077606092,-0.20826074947594678,pc5-full-svd-63860325d95daff9c609bee44540cd8f7d7d1240b2234de595f24f7af231d7c0
002230,科大讯飞,tech,student_A,local_semantic,-0.23610535578844577,-0.044246629081773715,pc5-full-svd-63860325d95daff9c609bee44540cd8f7d7d1240b2234de595f24f7af231d7c0
002236,大华股份,tech,student_A,local_semantic,-10.178801854708862,-1.9075283940857275,pc5-full-svd-63860325d95daff9c609bee44540cd8f7d7d1240b2234de595f24f7af231d7c0
002240,盛新锂能,global,student_B,local_semantic,0.88462659223385121,0.16578084208100866,pc5-full-svd-63860325d95daff9c609bee44540cd8f7d7d1240b2234de595f24f7af231d7c0
002241,歌尔股份,tech,student_A,local_semantic,-0.82609052646053227,-0.15481106301128245,pc5-full-svd-63860325d95daff9c609bee44540cd8f7d7d1240b2234de595f24f7af231d7c0
002294,信立泰,growth,student_C,local_semantic,5.0826452634810391,0.95249817174407747,pc5-full-svd-63860325d95daff9c609bee44540cd8f7d7d1240b2234de595f24f7af231d7c0
002304,洋河股份,bluechip,student_C,local_semantic,6.3804116951507384,1.1957022691060919,pc5-full-svd-63860325d95daff9c609bee44540cd8f7d7d1240b2234de595f24f7af231d7c0
002352,顺丰控股,growth,student_A,local_semantic,-10.871307220501695,-2.0373053233512728,pc5-full-svd-63860325d95daff9c609bee44540cd8f7d7d1240b2234de595f24f7af231d7c0
002371,北方华创,tech,student_A,local_semantic,-0.26299177127587559,-0.049285198619673967,pc5-full-svd-63860325d95daff9c609bee44540cd8f7d7d1240b2234de595f24f7af231d7c0
002407,多氟多,growth,student_B,local_semantic,-2.0185744870685913,-0.37828500884699701,pc5-full-svd-63860325d95daff9c609bee44540cd8f7d7d1240b2234de595f24f7af231d7c0
002415,海康威视,tech,student_A,local_semantic,-1.1417461455280806,-0.21396557497827848,pc5-full-svd-63860325d95daff9c609bee44540cd8f7d7d1240b2234de595f24f7af231d7c0
002422,科伦药业,growth,student_C,local_semantic,4.153060031340706,0.77829198811450373,pc5-full-svd-63860325d95daff9c609bee44540cd8f7d7d1240b2234de595f24f7af231d7c0
002460,赣锋锂业,tech,student_A,local_semantic,-0.42832783281058984,-0.080269516464300417,pc5-full-svd-63860325d95daff9c609bee44540cd8f7d7d1240b2234de595f24f7af231d7c0
002466,天齐锂业,tech,student_A,local_semantic,-0.85320558849203088,-0.15989248138161372,pc5-full-svd-63860325d95daff9c609bee44540cd8f7d7d1240b2234de595f24f7af231d7c0
002475,立讯精密,tech,student_A,local_semantic,-0.61454951984301986,-0.11516784346578091,pc5-full-svd-63860325d95daff9c609bee44540cd8f7d7d1240b2234de595f24f7af231d7c0
002493,荣盛石化,bluechip,student_B,local_semantic,2.0892866779068422,0.39153661878668478,pc5-full-svd-63860325d95daff9c609bee44540cd8f7d7d1240b2234de595f24f7af231d7c0
002497,雅化集团,global,student_B,local_semantic,2.5372728866780996,0.47549015532150435,pc5-full-svd-63860325d95daff9c609bee44540cd8f7d7d1240b2234de595f24f7af231d7c0
002532,天山铝业,global,student_B,local_semantic,2.2776488674755244,0.42683608036410015,pc5-full-svd-63860325d95daff9c609bee44540cd8f7d7d1240b2234de595f24f7af231d7c0
002557,洽洽食品,defensive,student_C,local_semantic,6.820819062931271,1.2782355152579741,pc5-full-svd-63860325d95daff9c609bee44540cd8f7d7d1240b2234de595f24f7af231d7c0
002594,比亚迪,tech,student_A,local_semantic,-0.76320887025109485,-0.14302691135976475,pc5-full-svd-63860325d95daff9c609bee44540cd8f7d7d1240b2234de595f24f7af231d7c0
002648,卫星化学,growth,student_B,local_semantic,1.7976346997048558,0.33688043846677879,pc5-full-svd-63860325d95daff9c609bee44540cd8f7d7d1240b2234de595f24f7af231d7c0
002709,天赐材料,growth,student_B,local_semantic,-1.5118260601975584,-0.28331931183152853,pc5-full-svd-63860325d95daff9c609bee44540cd8f7d7d1240b2234de595f24f7af231d7c0
002736,国信证券,bluechip,student_C,local_semantic,4.8885783477994122,0.91612963276479775,pc5-full-svd-63860325d95daff9c609bee44540cd8f7d7d1240b2234de595f24f7af231d7c0
002738,中矿资源,global,student_B,local_semantic,2.3972961364136447,0.4492582245449197,pc5-full-svd-63860325d95daff9c609bee44540cd8f7d7d1240b2234de595f24f7af231d7c0
002756,永兴材料,global,student_B,local_semantic,2.3792711742261132,0.44588030957360786,pc5-full-svd-63860325d95daff9c609bee44540cd8f7d7d1240b2234de595f24f7af231d7c0
002812,恩捷股份,growth,student_B,local_semantic,-1.9918189710896745,-0.37327097014610727,pc5-full-svd-63860325d95daff9c609bee44540cd8f7d7d1240b2234de595f24f7af231d7c0
002821,凯莱英,growth,student_C,local_semantic,5.4492647945283874,1.0212034255923668,pc5-full-svd-63860325d95daff9c609bee44540cd8f7d7d1240b2234de595f24f7af231d7c0
002926,华西证券,bluechip,student_C,local_semantic,4.7701076879778297,0.89392798755139813,pc5-full-svd-63860325d95daff9c609bee44540cd8f7d7d1240b2234de595f24f7af231d7c0
300014,亿纬锂能,tech,student_A,local_semantic,-1.3405036360064242,-0.25121313731777628,pc5-full-svd-63860325d95daff9c609bee44540cd8f7d7d1240b2234de595f24f7af231d7c0
300015,爱尔眼科,growth,student_C,local_semantic,3.4615416743584655,0.64870002632924673,pc5-full-svd-63860325d95daff9c609bee44540cd8f7d7d1240b2234de595f24f7af231d7c0
300017,网宿科技,tech,student_A,local_semantic,-11.127892574326291,-2.085389946169677,pc5-full-svd-63860325d95daff9c609bee44540cd8f7d7d1240b2234de595f24f7af231d7c0
300037,新宙邦,growth,student_B,local_semantic,-2.2522665509754352,-0.422079382068692,pc5-full-svd-63860325d95daff9c609bee44540cd8f7d7d1240b2234de595f24f7af231d7c0
300059,东方财富,tech,student_A,local_semantic,0.47209944031143003,0.088472405699638254,pc5-full-svd-63860325d95daff9c609bee44540cd8f7d7d1240b2234de595f24f7af231d7c0
300073,当升科技,growth,student_B,local_semantic,-2.1294717093796924,-0.39906737630076577,pc5-full-svd-63860325d95daff9c609bee44540cd8f7d7d1240b2234de595f24f7af231d7c0
300122,智飞生物,growth,student_C,local_semantic,5.0355127561972655,0.94366544297977228,pc5-full-svd-63860325d95daff9c609bee44540cd8f7d7d1240b2234de595f24f7af231d7c0
300142,沃森生物,growth,student_C,local_semantic,5.0743527850501433,0.9509441442376908,pc5-full-svd-63860325d95daff9c609bee44540cd8f7d7d1240b2234de595f24f7af231d7c0
300196,长海股份,tech,student_A,local_semantic,0.24284894850088748,0.045510392220180926,pc5-full-svd-63860325d95daff9c609bee44540cd8f7d7d1240b2234de595f24f7af231d7c0
300223,北京君正,tech,student_A,local_semantic,-1.3979939766978158,-0.26198694535725187,pc5-full-svd-63860325d95daff9c609bee44540cd8f7d7d1240b2234de595f24f7af231d7c0
300244,迪安诊断,growth,student_C,local_semantic,4.521112276483982,0.84726573552987483,pc5-full-svd-63860325d95daff9c609bee44540cd8f7d7d1240b2234de595f24f7af231d7c0
300274,阳光电源,tech,student_A,local_semantic,-0.15249968901943506,-0.028578755245072626,pc5-full-svd-63860325d95daff9c609bee44540cd8f7d7d1240b2234de595f24f7af231d7c0
300347,泰格医药,growth,student_C,local_semantic,5.4708007059166128,1.0252392996620197,pc5-full-svd-63860325d95daff9c609bee44540cd8f7d7d1240b2234de595f24f7af231d7c0
300363,博腾股份,growth,student_C,local_semantic,4.967982543356908,0.93101014225869161,pc5-full-svd-63860325d95daff9c609bee44540cd8f7d7d1240b2234de595f24f7af231d7c0
300450,先导智能,growth,student_B,local_semantic,-2.0298059048311647,-0.38038979962628072,pc5-full-svd-63860325d95daff9c609bee44540cd8f7d7d1240b2234de595f24f7af231d7c0
300474,景嘉微,tech,student_A,local_semantic,0.22363027353717335,0.041908773020468373,pc5-full-svd-63860325d95daff9c609bee44540cd8f7d7d1240b2234de595f24f7af231d7c0
300475,香农芯创,tech,student_A,local_semantic,-0.22614391276378021,-0.042379834179304292,pc5-full-svd-63860325d95daff9c609bee44540cd8f7d7d1240b2234de595f24f7af231d7c0
300568,星源材质,growth,student_B,local_semantic,-2.4557759675785964,-0.4602174651334256,pc5-full-svd-63860325d95daff9c609bee44540cd8f7d7d1240b2234de595f24f7af231d7c0
300676,华大基因,growth,student_C,local_semantic,5.5566721322556107,1.0413317815002925,pc5-full-svd-63860325d95daff9c609bee44540cd8f7d7d1240b2234de595f24f7af231d7c0
300750,宁德时代,tech,student_A,local_semantic,-0.79296968165943671,-0.14860414860269036,pc5-full-svd-63860325d95daff9c609bee44540cd8f7d7d1240b2234de595f24f7af231d7c0
300759,康龙化成,growth,student_C,local_semantic,6.1123156273359553,1.1454605148211463,pc5-full-svd-63860325d95daff9c609bee44540cd8f7d7d1240b2234de595f24f7af231d7c0
300760,迈瑞医疗,bluechip,student_C,local_semantic,6.285210170109389,1.1778613075893267,pc5-full-svd-63860325d95daff9c609bee44540cd8f7d7d1240b2234de595f24f7af231d7c0
300769,德方纳米,growth,student_B,local_semantic,-1.5586671932884619,-0.29209743647305619,pc5-full-svd-63860325d95daff9c609bee44540cd8f7d7d1240b2234de595f24f7af231d7c0
300782,卓胜微,tech,student_A,local_semantic,0.0095647826469422055,0.0017924599321933157,pc5-full-svd-63860325d95daff9c609bee44540cd8f7d7d1240b2234de595f24f7af231d7c0
300812,易天股份,tech,student_A,local_semantic,-0.37214704969395029,-0.069741122206641762,pc5-full-svd-63860325d95daff9c609bee44540cd8f7d7d1240b2234de595f24f7af231d7c0
300957,贝泰妮,growth,student_C,local_semantic,5.7469360796543487,1.0769876364048683,pc5-full-svd-63860325d95daff9c609bee44540cd8f7d7d1240b2234de595f24f7af231d7c0
301308,江波龙,tech,student_A,local_semantic,0.34629395011446312,0.064896198194275445,pc5-full-svd-63860325d95daff9c609bee44540cd8f7d7d1240b2234de595f24f7af231d7c0
600000,浦发银行,bluechip,student_C,local_semantic,4.5648034717087098,0.8554535553393503,pc5-full-svd-63860325d95daff9c609bee44540cd8f7d7d1240b2234de595f24f7af231d7c0
600004,白云机场,bluechip,student_A,local_semantic,-9.6850906586879439,-1.8150059009347042,pc5-full-svd-63860325d95daff9c609bee44540cd8f7d7d1240b2234de595f24f7af231d7c0
600009,上海机场,bluechip,student_A,local_semantic,-9.7448972845451056,-1.8262137855762763,pc5-full-svd-63860325d95daff9c609bee44540cd8f7d7d1240b2234de595f24f7af231d7c0
600011,华能国际,growth,student_B,local_semantic,-2.63564667409223,-0.49392560532875612,pc5-full-svd-63860325d95daff9c609bee44540cd8f7d7d1240b2234de595f24f7af231d7c0
600015,华夏银行,bluechip,student_C,local_semantic,3.5992909474849246,0.67451452331071948,pc5-full-svd-63860325d95daff9c609bee44540cd8f7d7d1240b2234de595f24f7af231d7c0
600016,民生银行,bluechip,student_C,local_semantic,4.5729649246758424,0.85698302840445362,pc5-full-svd-63860325d95daff9c609bee44540cd8f7d7d1240b2234de595f24f7af231d7c0
600018,上港集团,defensive,student_A,local_semantic,-10.208411574584966,-1.913077316464884,pc5-full-svd-63860325d95daff9c609bee44540cd8f7d7d1240b2234de595f24f7af231d7c0
600019,宝钢股份,bluechip,student_B,local_semantic,3.0475463685985376,0.57111645490036245,pc5-full-svd-63860325d95daff9c609bee44540cd8f7d7d1240b2234de595f24f7af231d7c0
600023,浙能电力,defensive,student_B,local_semantic,-0.56198940420371324,-0.10531796973707433,pc5-full-svd-63860325d95daff9c609bee44540cd8f7d7d1240b2234de595f24f7af231d7c0
600025,华能水电,defensive,student_B,local_semantic,-1.5093907859653766,-0.28286293643375782,pc5-full-svd-63860325d95daff9c609bee44540cd8f7d7d1240b2234de595f24f7af231d7c0
600026,中远海能,global,student_A,local_semantic,-10.274265358782348,-1.9254184510117154,pc5-full-svd-63860325d95daff9c609bee44540cd8f7d7d1240b2234de595f24f7af231d7c0
600027,华电国际,defensive,student_B,local_semantic,-1.969160786066827,-0.36902477969005326,pc5-full-svd-63860325d95daff9c609bee44540cd8f7d7d1240b2234de595f24f7af231d7c0
600029,南方航空,growth,student_A,local_semantic,-11.767526874489025,-2.2052587290389618,pc5-full-svd-63860325d95daff9c609bee44540cd8f7d7d1240b2234de595f24f7af231d7c0
600030,中信证券,bluechip,student_C,local_semantic,4.0412924004214927,0.75734650429810901,pc5-full-svd-63860325d95daff9c609bee44540cd8f7d7d1240b2234de595f24f7af231d7c0
600031,三一重工,bluechip,student_A,local_semantic,-10.802672624291599,-2.0244430589162108,pc5-full-svd-63860325d95daff9c609bee44540cd8f7d7d1240b2234de595f24f7af231d7c0
600036,招商银行,bluechip,student_C,local_semantic,5.1709462733715457,0.96904596253486341,pc5-full-svd-63860325d95daff9c609bee44540cd8f7d7d1240b2234de595f24f7af231d7c0
600048,保利发展,bluechip,student_C,local_semantic,5.2212939767640112,0.97848122566003226,pc5-full-svd-63860325d95daff9c609bee44540cd8f7d7d1240b2234de595f24f7af231d7c0
600085,同仁堂,defensive,student_C,local_semantic,6.5215349248920287,1.2221490524936731,pc5-full-svd-63860325d95daff9c609bee44540cd8f7d7d1240b2234de595f24f7af231d7c0
600096,云天化,growth,student_B,local_semantic,1.7530286587337507,0.32852117468360853,pc5-full-svd-63860325d95daff9c609bee44540cd8f7d7d1240b2234de595f24f7af231d7c0
600098,广州发展,defensive,student_B,local_semantic,-0.93623992393403488,-0.17545328655303846,pc5-full-svd-63860325d95daff9c609bee44540cd8f7d7d1240b2234de595f24f7af231d7c0
600104,上汽集团,bluechip,student_A,local_semantic,-9.6787940875926637,-1.813825910566381,pc5-full-svd-63860325d95daff9c609bee44540cd8f7d7d1240b2234de595f24f7af231d7c0
600109,国金证券,bluechip,student_A,local_semantic,-8.8860697511159614,-1.6652677401553382,pc5-full-svd-63860325d95daff9c609bee44540cd8f7d7d1240b2234de595f24f7af231d7c0
600111,北方稀土,global,student_B,local_semantic,2.0228626654873532,0.37908862229870299,pc5-full-svd-63860325d95daff9c609bee44540cd8f7d7d1240b2234de595f24f7af231d7c0
600115,中国东航,growth,student_A,local_semantic,-12.495181593555731,-2.3416227193712911,pc5-full-svd-63860325d95daff9c609bee44540cd8f7d7d1240b2234de595f24f7af231d7c0
600132,重庆啤酒,growth,student_C,local_semantic,5.0612763918238963,0.94849360126344506,pc5-full-svd-63860325d95daff9c609bee44540cd8f7d7d1240b2234de595f24f7af231d7c0
600141,兴发集团,growth,student_B,local_semantic,1.168156059481575,0.21891484714908371,pc5-full-svd-63860325d95daff9c609bee44540cd8f7d7d1240b2234de595f24f7af231d7c0
600150,中国船舶,growth,student_A,local_semantic,-11.462305489978204,-2.1480596140795516,pc5-full-svd-63860325d95daff9c609bee44540cd8f7d7d1240b2234de595f24f7af231d7c0
600167,联美量子,defensive,student_B,local_semantic,-1.0315584781976317,-0.19331617958665206,pc5-full-svd-63860325d95daff9c609bee44540cd8f7d7d1240b2234de595f24f7af231d7c0
600188,兖矿能源,bluechip,student_B,local_semantic,3.5124288338155583,0.6582363846299899,pc5-full-svd-63860325d95daff9c609bee44540cd8f7d7d1240b2234de595f24f7af231d7c0
600196,复星医药,growth,student_C,local_semantic,5.2747928841536904,0.98850703089281267,pc5-full-svd-63860325d95daff9c609bee44540cd8f7d7d1240b2234de595f24f7af231d7c0
600219,南山铝业,global,student_B,local_semantic,2.8862759067040322,0.54089403878674325,pc5-full-svd-63860325d95daff9c609bee44540cd8f7d7d1240b2234de595f24f7af231d7c0
600236,桂冠电力,defensive,student_B,local_semantic,-1.4644734455009139,-0.27444533448553432,pc5-full-svd-63860325d95daff9c609bee44540cd8f7d7d1240b2234de595f24f7af231d7c0
600276,恒瑞医药,bluechip,student_C,local_semantic,6.3917260342726827,1.1978225995185992,pc5-full-svd-63860325d95daff9c609bee44540cd8f7d7d1240b2234de595f24f7af231d7c0
600278,东方创业,global,student_A,local_semantic,-10.01928438701176,-1.8776344926886679,pc5-full-svd-63860325d95daff9c609bee44540cd8f7d7d1240b2234de595f24f7af231d7c0
600309,万华化学,bluechip,student_B,local_semantic,2.2749374757550815,0.42632795998136164,pc5-full-svd-63860325d95daff9c609bee44540cd8f7d7d1240b2234de595f24f7af231d7c0
600317,营口港,defensive,student_A,local_semantic,-10.337324831048345,-1.9372359257578031,pc5-full-svd-63860325d95daff9c609bee44540cd8f7d7d1240b2234de595f24f7af231d7c0
600332,白云山,defensive,student_C,local_semantic,5.271218354799033,0.98783715674290495,pc5-full-svd-63860325d95daff9c609bee44540cd8f7d7d1240b2234de595f24f7af231d7c0
600338,西藏珠峰,global,student_B,local_semantic,1.5818669052015732,0.29644511018166619,pc5-full-svd-63860325d95daff9c609bee44540cd8f7d7d1240b2234de595f24f7af231d7c0
600346,恒力石化,bluechip,student_B,local_semantic,2.8242043827082441,0.52926170757760749,pc5-full-svd-63860325d95daff9c609bee44540cd8f7d7d1240b2234de595f24f7af231d7c0
600362,江西铜业,global,student_B,local_semantic,2.5099388052444125,0.47036769226492287,pc5-full-svd-63860325d95daff9c609bee44540cd8f7d7d1240b2234de595f24f7af231d7c0
600380,健康元,defensive,student_C,local_semantic,6.160799606650424,1.1545465122224838,pc5-full-svd-63860325d95daff9c609bee44540cd8f7d7d1240b2234de595f24f7af231d7c0
600383,金地集团,bluechip,student_C,local_semantic,4.0060642209867776,0.75074467104672504,pc5-full-svd-63860325d95daff9c609bee44540cd8f7d7d1240b2234de595f24f7af231d7c0
600392,盛和资源,global,student_B,local_semantic,1.3585852050046443,0.25460166052178862,pc5-full-svd-63860325d95daff9c609bee44540cd8f7d7d1240b2234de595f24f7af231d7c0
600426,华鲁恒升,bluechip,student_B,local_semantic,3.8031861598821699,0.71272490530041877,pc5-full-svd-63860325d95daff9c609bee44540cd8f7d7d1240b2234de595f24f7af231d7c0
600428,中远海特,global,student_A,local_semantic,-10.627138936514026,-1.9915476849484581,pc5-full-svd-63860325d95daff9c609bee44540cd8f7d7d1240b2234de595f24f7af231d7c0
600436,片仔癀,bluechip,student_C,local_semantic,6.9355395388755499,1.2997343683027953,pc5-full-svd-63860325d95daff9c609bee44540cd8f7d7d1240b2234de595f24f7af231d7c0
600438,通威股份,growth,student_B,local_semantic,-2.1239974370157273,-0.39804148640524811,pc5-full-svd-63860325d95daff9c609bee44540cd8f7d7d1240b2234de595f24f7af231d7c0
600452,涪陵电力,defensive,student_B,local_semantic,-1.0873679226905872,-0.20377498422280035,pc5-full-svd-63860325d95daff9c609bee44540cd8f7d7d1240b2234de595f24f7af231d7c0
600489,中金黄金,global,student_B,local_semantic,2.3435248833921545,0.43918138118082473,pc5-full-svd-63860325d95daff9c609bee44540cd8f7d7d1240b2234de595f24f7af231d7c0
600497,驰宏锌锗,global,student_B,local_semantic,1.1596257228283147,0.21731624452281523,pc5-full-svd-63860325d95daff9c609bee44540cd8f7d7d1240b2234de595f24f7af231d7c0
600519,贵州茅台,bluechip,student_C,local_semantic,6.8297849235071686,1.2799157359627349,pc5-full-svd-63860325d95daff9c609bee44540cd8f7d7d1240b2234de595f24f7af231d7c0
600521,华海药业,growth,student_C,local_semantic,4.6215243670743726,0.86608316774288818,pc5-full-svd-63860325d95daff9c609bee44540cd8f7d7d1240b2234de595f24f7af231d7c0
600547,山东黄金,global,student_B,local_semantic,2.1773889654465739,0.40804716860038387,pc5-full-svd-63860325d95daff9c609bee44540cd8f7d7d1240b2234de595f24f7af231d7c0
600549,厦门钨业,global,student_B,local_semantic,3.0447282883787237,0.57058834087350185,pc5-full-svd-63860325d95daff9c609bee44540cd8f7d7d1240b2234de595f24f7af231d7c0
600570,恒生电子,tech,student_A,local_semantic,-0.14545084254963397,-0.027257786924967619,pc5-full-svd-63860325d95daff9c609bee44540cd8f7d7d1240b2234de595f24f7af231d7c0
600578,京能电力,defensive,student_B,local_semantic,-0.93965325229844721,-0.17609295130596245,pc5-full-svd-63860325d95daff9c609bee44540cd8f7d7d1240b2234de595f24f7af231d7c0
600584,长电科技,tech,student_A,local_semantic,-0.92568358927675432,-0.17347500773558427,pc5-full-svd-63860325d95daff9c609bee44540cd8f7d7d1240b2234de595f24f7af231d7c0
600585,海螺水泥,bluechip,student_B,local_semantic,3.2480720639918448,0.60869538247616206,pc5-full-svd-63860325d95daff9c609bee44540cd8f7d7d1240b2234de595f24f7af231d7c0
600588,用友网络,tech,student_A,local_semantic,-10.561950408823879,-1.9793312208387779,pc5-full-svd-63860325d95daff9c609bee44540cd8f7d7d1240b2234de595f24f7af231d7c0
600600,青岛啤酒,defensive,student_C,local_semantic,5.2701827874392855,0.98764308929067413,pc5-full-svd-63860325d95daff9c609bee44540cd8f7d7d1240b2234de595f24f7af231d7c0
600606,绿地控股,bluechip,student_C,local_semantic,3.7163897147095932,0.69645907303099486,pc5-full-svd-63860325d95daff9c609bee44540cd8f7d7d1240b2234de595f24f7af231d7c0
600642,申能股份,defensive,student_B,local_semantic,-0.76165071401623119,-0.14273490967795097,pc5-full-svd-63860325d95daff9c609bee44540cd8f7d7d1240b2234de595f24f7af231d7c0
600649,城投控股,bluechip,student_C,local_semantic,4.3095192271022391,0.80761276306336216,pc5-full-svd-63860325d95daff9c609bee44540cd8f7d7d1240b2234de595f24f7af231d7c0
600660,福耀玻璃,bluechip,student_A,local_semantic,-9.7909232545577574,-1.8348391469810525,pc5-full-svd-63860325d95daff9c609bee44540cd8f7d7d1240b2234de595f24f7af231d7c0
600674,川投能源,defensive,student_B,local_semantic,-1.2110652365200623,-0.22695611514271311,pc5-full-svd-63860325d95daff9c609bee44540cd8f7d7d1240b2234de595f24f7af231d7c0
600685,中船防务,growth,student_A,local_semantic,-12.409625703222089,-2.3255893696291299,pc5-full-svd-63860325d95daff9c609bee44540cd8f7d7d1240b2234de595f24f7af231d7c0
600702,舍得酒业,growth,student_C,local_semantic,4.8981853195096097,0.91792999901418126,pc5-full-svd-63860325d95daff9c609bee44540cd8f7d7d1240b2234de595f24f7af231d7c0
600703,三安光电,tech,student_A,local_semantic,-0.62664217256507326,-0.11743403144707694,pc5-full-svd-63860325d95daff9c609bee44540cd8f7d7d1240b2234de595f24f7af231d7c0
600745,闻泰科技,tech,student_A,local_semantic,-0.7314216506532496,-0.13706992105605062,pc5-full-svd-63860325d95daff9c609bee44540cd8f7d7d1240b2234de595f24f7af231d7c0
600760,中航沈飞,growth,student_A,local_semantic,-11.053813303756593,-2.071507338565965,pc5-full-svd-63860325d95daff9c609bee44540cd8f7d7d1240b2234de595f24f7af231d7c0
600761,安徽合力,bluechip,student_A,local_semantic,-9.264172190039428,-1.736124914547226,pc5-full-svd-63860325d95daff9c609bee44540cd8f7d7d1240b2234de595f24f7af231d7c0
600780,通宝能源,defensive,student_B,local_semantic,-1.5312966825127048,-0.28696814648287594,pc5-full-svd-63860325d95daff9c609bee44540cd8f7d7d1240b2234de595f24f7af231d7c0
600795,国电电力,defensive,student_B,local_semantic,-1.1278890288180849,-0.21136872281809538,pc5-full-svd-63860325d95daff9c609bee44540cd8f7d7d1240b2234de595f24f7af231d7c0
600798,宁波海运,global,student_A,local_semantic,-11.077782784582332,-2.0759992685513633,pc5-full-svd-63860325d95daff9c609bee44540cd8f7d7d1240b2234de595f24f7af231d7c0
600809,山西汾酒,growth,student_C,local_semantic,4.6832540647038901,0.87765143998822692,pc5-full-svd-63860325d95daff9c609bee44540cd8f7d7d1240b2234de595f24f7af231d7c0
600835,上海机电,defensive,student_A,local_semantic,-9.6846337608168866,-1.8149202773343354,pc5-full-svd-63860325d95daff9c609bee44540cd8f7d7d1240b2234de595f24f7af231d7c0
600837,海通证券,bluechip,student_C,local_semantic,4.5300869365659509,0.84894760528016411,pc5-full-svd-63860325d95daff9c609bee44540cd8f7d7d1240b2234de595f24f7af231d7c0
600863,内蒙华电,defensive,student_B,local_semantic,-1.3793110625539753,-0.25848572883664983,pc5-full-svd-63860325d95daff9c609bee44540cd8f7d7d1240b2234de595f24f7af231d7c0
600875,东方电气,growth,student_B,local_semantic,-1.8026799705368355,-0.33782593259322174,pc5-full-svd-63860325d95daff9c609bee44540cd8f7d7d1240b2234de595f24f7af231d7c0
600886,国投电力,defensive,student_B,local_semantic,-0.55459055526296486,-0.10393141023434666,pc5-full-svd-63860325d95daff9c609bee44540cd8f7d7d1240b2234de595f24f7af231d7c0
600887,伊利股份,defensive,student_C,local_semantic,5.6071787026140703,1.0507968166215018,pc5-full-svd-63860325d95daff9c609bee44540cd8f7d7d1240b2234de595f24f7af231d7c0
600893,航发动力,growth,student_A,local_semantic,-10.388925892668137,-1.9469060707915415,pc5-full-svd-63860325d95daff9c609bee44540cd8f7d7d1240b2234de595f24f7af231d7c0
600900,长江电力,defensive,student_B,local_semantic,-0.51201126772026961,-0.095951964210445731,pc5-full-svd-63860325d95daff9c609bee44540cd8f7d7d1240b2234de595f24f7af231d7c0
600905,三峡能源,growth,student_B,local_semantic,-2.0673218787106138,-0.38742037026006526,pc5-full-svd-63860325d95daff9c609bee44540cd8f7d7d1240b2234de595f24f7af231d7c0
600918,中泰证券,bluechip,student_C,local_semantic,4.8918768517175657,0.91674777918042627,pc5-full-svd-63860325d95daff9c609bee44540cd8f7d7d1240b2234de595f24f7af231d7c0
600919,江苏银行,bluechip,student_C,local_semantic,5.6991452604782493,1.0680315386385233,pc5-full-svd-63860325d95daff9c609bee44540cd8f7d7d1240b2234de595f24f7af231d7c0
600926,杭州银行,bluechip,student_C,local_semantic,5.6231948903868574,1.0537982831376682,pc5-full-svd-63860325d95daff9c609bee44540cd8f7d7d1240b2234de595f24f7af231d7c0
600958,东方证券,bluechip,student_C,local_semantic,4.580478327202135,0.85839105548462202,pc5-full-svd-63860325d95daff9c609bee44540cd8f7d7d1240b2234de595f24f7af231d7c0
600961,株冶集团,global,student_B,local_semantic,2.0887603413480935,0.39143798223348436,pc5-full-svd-63860325d95daff9c609bee44540cd8f7d7d1240b2234de595f24f7af231d7c0
600971,恒源煤电,defensive,student_B,local_semantic,3.5599624166249297,0.66714427577235991,pc5-full-svd-63860325d95daff9c609bee44540cd8f7d7d1240b2234de595f24f7af231d7c0
600988,赤峰黄金,global,student_B,local_semantic,2.977483852420904,0.55798659532773498,pc5-full-svd-63860325d95daff9c609bee44540cd8f7d7d1240b2234de595f24f7af231d7c0
600998,九州通,defensive,student_C,local_semantic,6.2972193980905242,1.1801118616026625,pc5-full-svd-63860325d95daff9c609bee44540cd8f7d7d1240b2234de595f24f7af231d7c0
600999,招商证券,bluechip,student_C,local_semantic,4.5106501928470717,0.84530511954740795,pc5-full-svd-63860325d95daff9c609bee44540cd8f7d7d1240b2234de595f24f7af231d7c0
601006,大秦铁路,defensive,student_A,local_semantic,-10.30246837171552,-1.9307037536177294,pc5-full-svd-63860325d95daff9c609bee44540cd8f7d7d1240b2234de595f24f7af231d7c0
601009,南京银行,bluechip,student_C,local_semantic,5.114765443029933,0.95851755942714767,pc5-full-svd-63860325d95daff9c609bee44540cd8f7d7d1240b2234de595f24f7af231d7c0
601012,隆基绿能,growth,student_B,local_semantic,-2.4140993677770286,-0.45240718464804014,pc5-full-svd-63860325d95daff9c609bee44540cd8f7d7d1240b2234de595f24f7af231d7c0
601016,节能风电,growth,student_B,local_semantic,-2.1818161718544191,-0.40887683618307052,pc5-full-svd-63860325d95daff9c609bee44540cd8f7d7d1240b2234de595f24f7af231d7c0
601018,宁波港,defensive,student_A,local_semantic,-10.493756274987,-1.9665514999579994,pc5-full-svd-63860325d95daff9c609bee44540cd8f7d7d1240b2234de595f24f7af231d7c0
601066,中信建投,bluechip,student_C,local_semantic,3.4599991173606397,0.64841094797652421,pc5-full-svd-63860325d95daff9c609bee44540cd8f7d7d1240b2234de595f24f7af231d7c0
601069,西部黄金,global,student_B,local_semantic,1.7719597670653342,0.33206890330525396,pc5-full-svd-63860325d95daff9c609bee44540cd8f7d7d1240b2234de595f24f7af231d7c0
601088,中国神华,defensive,student_B,local_semantic,1.539287163413914,0.28846557903132514,pc5-full-svd-63860325d95daff9c609bee44540cd8f7d7d1240b2234de595f24f7af231d7c0
601100,恒立液压,growth,student_A,local_semantic,-11.719637342797618,-2.1962841323443061,pc5-full-svd-63860325d95daff9c609bee44540cd8f7d7d1240b2234de595f24f7af231d7c0
601108,财通证券,bluechip,student_C,local_semantic,4.5568439374585035,0.85396192225692202,pc5-full-svd-63860325d95daff9c609bee44540cd8f7d7d1240b2234de595f24f7af231d7c0
601111,中国国航,growth,student_A,local_semantic,-11.418621382478236,-2.1398731225242678,pc5-full-svd-63860325d95daff9c609bee44540cd8f7d7d1240b2234de595f24f7af231d7c0
601138,工业富联,tech,student_A,local_semantic,-1.4474534375887131,-0.27125575001149649,pc5-full-svd-63860325d95daff9c609bee44540cd8f7d7d1240b2234de595f24f7af231d7c0
601166,兴业银行,bluechip,student_C,local_semantic,4.5776421341467772,0.85785954707514245,pc5-full-svd-63860325d95daff9c609bee44540cd8f7d7d1240b2234de595f24f7af231d7c0
601168,西部矿业,global,student_B,local_semantic,2.2577527601408622,0.42310750894534438,pc5-full-svd-63860325d95daff9c609bee44540cd8f7d7d1240b2234de595f24f7af231d7c0
601169,北京银行,defensive,student_C,local_semantic,4.139552774861964,0.77576070048093226,pc5-full-svd-63860325d95daff9c609bee44540cd8f7d7d1240b2234de595f24f7af231d7c0
601186,中国铁建,bluechip,student_A,local_semantic,-9.5626729564938255,-1.792064571866,pc5-full-svd-63860325d95daff9c609bee44540cd8f7d7d1240b2234de595f24f7af231d7c0
601211,国泰君安,bluechip,student_C,local_semantic,4.9360192435191141,0.92502015415600913,pc5-full-svd-63860325d95daff9c609bee44540cd8f7d7d1240b2234de595f24f7af231d7c0
601225,陕西煤业,bluechip,student_B,local_semantic,3.2750411331423734,0.61374944148045396,pc5-full-svd-63860325d95daff9c609bee44540cd8f7d7d1240b2234de595f24f7af231d7c0
601229,上海银行,defensive,student_C,local_semantic,3.7272218418854193,0.69848903593342404,pc5-full-svd-63860325d95daff9c609bee44540cd8f7d7d1240b2234de595f24f7af231d7c0
601238,广汽集团,bluechip,student_A,local_semantic,-9.459465222189273,-1.7727232302734124,pc5-full-svd-63860325d95daff9c609bee44540cd8f7d7d1240b2234de595f24f7af231d7c0
601288,农业银行,defensive,student_C,local_semantic,4.0773117010219497,0.76409659528241236,pc5-full-svd-63860325d95daff9c609bee44540cd8f7d7d1240b2234de595f24f7af231d7c0
601298,青岛港,defensive,student_A,local_semantic,-10.059143049952638,-1.885104088068879,pc5-full-svd-63860325d95daff9c609bee44540cd8f7d7d1240b2234de595f24f7af231d7c0
601318,中国平安,bluechip,student_C,local_semantic,3.8330707161615152,0.71832533258657649,pc5-full-svd-63860325d95daff9c609bee44540cd8f7d7d1240b2234de595f24f7af231d7c0
601319,中国人保,defensive,student_C,local_semantic,3.2219628874517703,0.6038024691149152,pc5-full-svd-63860325d95daff9c609bee44540cd8f7d7d1240b2234de595f24f7af231d7c0
601336,新华保险,bluechip,student_C,local_semantic,4.2819352565444273,0.8024434702711748,pc5-full-svd-63860325d95daff9c609bee44540cd8f7d7d1240b2234de595f24f7af231d7c0
601377,兴业证券,bluechip,student_C,local_semantic,4.5956496766891117,0.86123419756913155,pc5-full-svd-63860325d95daff9c609bee44540cd8f7d7d1240b2234de595f24f7af231d7c0
601398,工商银行,defensive,student_C,local_semantic,3.9096563056546461,0.73267762950925974,pc5-full-svd-63860325d95daff9c609bee44540cd8f7d7d1240b2234de595f24f7af231d7c0
601456,国联证券,growth,student_C,local_semantic,3.3244466331570082,0.62300813375554931,pc5-full-svd-63860325d95daff9c609bee44540cd8f7d7d1240b2234de595f24f7af231d7c0
601600,中国铝业,global,student_B,local_semantic,0.97719269015783894,0.18312791913782764,pc5-full-svd-63860325d95daff9c609bee44540cd8f7d7d1240b2234de595f24f7af231d7c0
601601,中国太保,bluechip,student_C,local_semantic,3.6972292291764397,0.69286835865020058,pc5-full-svd-63860325d95daff9c609bee44540cd8f7d7d1240b2234de595f24f7af231d7c0
601628,中国人寿,bluechip,student_C,local_semantic,4.1063540171414239,0.76953918503105578,pc5-full-svd-63860325d95daff9c609bee44540cd8f7d7d1240b2234de595f24f7af231d7c0
601633,长城汽车,growth,student_A,local_semantic,-11.264610621248391,-2.1110111892403634,pc5-full-svd-63860325d95daff9c609bee44540cd8f7d7d1240b2234de595f24f7af231d7c0
601668,中国建筑,bluechip,student_A,local_semantic,-10.411633101606132,-1.9511614484300819,pc5-full-svd-63860325d95daff9c609bee44540cd8f7d7d1240b2234de595f24f7af231d7c0
601669,中国电建,bluechip,student_A,local_semantic,-9.4839044344754058,-1.7773031889002049,pc5-full-svd-63860325d95daff9c609bee44540cd8f7d7d1240b2234de595f24f7af231d7c0
601688,华泰证券,bluechip,student_C,local_semantic,4.9060767127411662,0.91940886232962404,pc5-full-svd-63860325d95daff9c609bee44540cd8f7d7d1240b2234de595f24f7af231d7c0
601699,潞安环能,bluechip,student_B,local_semantic,4.3229895082242962,0.81013712143907357,pc5-full-svd-63860325d95daff9c609bee44540cd8f7d7d1240b2234de595f24f7af231d7c0
601766,中国中车,bluechip,student_A,local_semantic,-9.6145554950949528,-1.8017874662647269,pc5-full-svd-63860325d95daff9c609bee44540cd8f7d7d1240b2234de595f24f7af231d7c0
601788,光大证券,bluechip,student_C,local_semantic,5.2923748377376771,0.9918019251410426,pc5-full-svd-63860325d95daff9c609bee44540cd8f7d7d1240b2234de595f24f7af231d7c0
601800,中国交建,bluechip,student_A,local_semantic,-9.61303211607677,-1.8015019819048173,pc5-full-svd-63860325d95daff9c609bee44540cd8f7d7d1240b2234de595f24f7af231d7c0
601816,京沪高铁,defensive,student_A,local_semantic,-10.322322382401291,-1.9344244360379368,pc5-full-svd-63860325d95daff9c609bee44540cd8f7d7d1240b2234de595f24f7af231d7c0
601818,光大银行,bluechip,student_C,local_semantic,5.2601787993331257,0.98576832135246462,pc5-full-svd-63860325d95daff9c609bee44540cd8f7d7d1240b2234de595f24f7af231d7c0
601838,成都银行,bluechip,student_C,local_semantic,4.8954790883989592,0.91742284574032751,pc5-full-svd-63860325d95daff9c609bee44540cd8f7d7d1240b2234de595f24f7af231d7c0
601865,福莱特,growth,student_B,local_semantic,-1.9354789096656777,-0.36271272680619093,pc5-full-svd-63860325d95daff9c609bee44540cd8f7d7d1240b2234de595f24f7af231d7c0
601868,中国能建,bluechip,student_A,local_semantic,-9.2074244611764158,-1.7254902734911179,pc5-full-svd-63860325d95daff9c609bee44540cd8f7d7d1240b2234de595f24f7af231d7c0
601872,招商轮船,global,student_A,local_semantic,-9.6433804293252727,-1.8071893182004291,pc5-full-svd-63860325d95daff9c609bee44540cd8f7d7d1240b2234de595f24f7af231d7c0
601881,中国银河,bluechip,student_C,local_semantic,3.6281022108654044,0.67991381330105594,pc5-full-svd-63860325d95daff9c609bee44540cd8f7d7d1240b2234de595f24f7af231d7c0
601899,紫金矿业,global,student_B,local_semantic,2.5045701352102014,0.46936159246310805,pc5-full-svd-63860325d95daff9c609bee44540cd8f7d7d1240b2234de595f24f7af231d7c0
601916,浙商银行,bluechip,student_C,local_semantic,6.0736696491276891,1.1382181790529751,pc5-full-svd-63860325d95daff9c609bee44540cd8f7d7d1240b2234de595f24f7af231d7c0
601919,中远海控,global,student_A,local_semantic,-9.3533549805279144,-1.7528379528349185,pc5-full-svd-63860325d95daff9c609bee44540cd8f7d7d1240b2234de595f24f7af231d7c0
601939,建设银行,defensive,student_C,local_semantic,4.9647188634268513,0.93039852193002681,pc5-full-svd-63860325d95daff9c609bee44540cd8f7d7d1240b2234de595f24f7af231d7c0
601985,中国核电,defensive,student_B,local_semantic,-1.8747152802093869,-0.35132549772264632,pc5-full-svd-63860325d95daff9c609bee44540cd8f7d7d1240b2234de595f24f7af231d7c0
601988,中国银行,defensive,student_C,local_semantic,4.2413778277228547,0.79484292472833462,pc5-full-svd-63860325d95daff9c609bee44540cd8f7d7d1240b2234de595f24f7af231d7c0
601989,中国重工,growth,student_A,local_semantic,-11.86514836478371,-2.2235531970193883,pc5-full-svd-63860325d95daff9c609bee44540cd8f7d7d1240b2234de595f24f7af231d7c0
601991,大唐发电,defensive,student_B,local_semantic,-0.37423325709483857,-0.070132081762584508,pc5-full-svd-63860325d95daff9c609bee44540cd8f7d7d1240b2234de595f24f7af231d7c0
601995,中金公司,bluechip,student_C,local_semantic,4.0159722208878268,0.75260145059795547,pc5-full-svd-63860325d95daff9c609bee44540cd8f7d7d1240b2234de595f24f7af231d7c0
601998,中信银行,defensive,student_C,local_semantic,4.4168245555969792,0.82772200223140058,pc5-full-svd-63860325d95daff9c609bee44540cd8f7d7d1240b2234de595f24f7af231d7c0
603127,昭衍新药,growth,student_C,local_semantic,4.6658149285718817,0.87438331002411496,pc5-full-svd-63860325d95daff9c609bee44540cd8f7d7d1240b2234de595f24f7af231d7c0
603198,迎驾贡酒,growth,student_C,local_semantic,6.1363194333238535,1.1499588774125016,pc5-full-svd-63860325d95daff9c609bee44540cd8f7d7d1240b2234de595f24f7af231d7c0
603259,药明康德,growth,student_C,local_semantic,5.0638854408773399,0.94898254241998248,pc5-full-svd-63860325d95daff9c609bee44540cd8f7d7d1240b2234de595f24f7af231d7c0
603288,海天味业,defensive,student_C,local_semantic,6.5518919379253422,1.2278380191468443,pc5-full-svd-63860325d95daff9c609bee44540cd8f7d7d1240b2234de595f24f7af231d7c0
603369,今世缘,growth,student_C,local_semantic,5.1330194697064915,0.96193840155463495,pc5-full-svd-63860325d95daff9c609bee44540cd8f7d7d1240b2234de595f24f7af231d7c0
603501,韦尔股份,tech,student_A,local_semantic,0.83297357886418644,0.15610096118253691,pc5-full-svd-63860325d95daff9c609bee44540cd8f7d7d1240b2234de595f24f7af231d7c0
603517,绝味食品,growth,student_C,local_semantic,6.0649503786260404,1.1365841698350909,pc5-full-svd-63860325d95daff9c609bee44540cd8f7d7d1240b2234de595f24f7af231d7c0
603605,珀莱雅,growth,student_C,local_semantic,5.283421423724981,0.99012403694781459,pc5-full-svd-63860325d95daff9c609bee44540cd8f7d7d1240b2234de595f24f7af231d7c0
603659,璞泰来,growth,student_B,local_semantic,-1.8189421551500804,-0.34087349942303269,pc5-full-svd-63860325d95daff9c609bee44540cd8f7d7d1240b2234de595f24f7af231d7c0
603799,华友钴业,tech,student_A,local_semantic,0.51310353979173384,0.096156658242231116,pc5-full-svd-63860325d95daff9c609bee44540cd8f7d7d1240b2234de595f24f7af231d7c0
603882,金域医学,growth,student_C,local_semantic,5.4229675648141171,1.0162752706796587,pc5-full-svd-63860325d95daff9c609bee44540cd8f7d7d1240b2234de595f24f7af231d7c0
603899,晨光股份,defensive,student_C,local_semantic,7.2983459917222575,1.3677250434570092,pc5-full-svd-63860325d95daff9c609bee44540cd8f7d7d1240b2234de595f24f7af231d7c0
603986,兆易创新,tech,student_A,local_semantic,0.12868045138605333,0.024114981142806181,pc5-full-svd-63860325d95daff9c609bee44540cd8f7d7d1240b2234de595f24f7af231d7c0
603993,洛阳钼业,global,student_B,local_semantic,2.5202592434051883,0.47230176359395443,pc5-full-svd-63860325d95daff9c609bee44540cd8f7d7d1240b2234de595f24f7af231d7c0
605117,德业股份,growth,student_B,local_semantic,-2.198461342474415,-0.41199617537792432,pc5-full-svd-63860325d95daff9c609bee44540cd8f7d7d1240b2234de595f24f7af231d7c0
605499,东鹏饮料,growth,student_C,local_semantic,5.9557771787135358,1.1161248877232224,pc5-full-svd-63860325d95daff9c609bee44540cd8f7d7d1240b2234de595f24f7af231d7c0
688002,睿创微纳,tech,student_A,local_semantic,-1.0701195838832755,-0.2005426100695952,pc5-full-svd-63860325d95daff9c609bee44540cd8f7d7d1240b2234de595f24f7af231d7c0
688005,容百科技,growth,student_B,local_semantic,-2.4677099888902494,-0.46245392526228363,pc5-full-svd-63860325d95daff9c609bee44540cd8f7d7d1240b2234de595f24f7af231d7c0
688008,澜起科技,tech,student_A,local_semantic,-0.73207014558487316,-0.13719145033947217,pc5-full-svd-63860325d95daff9c609bee44540cd8f7d7d1240b2234de595f24f7af231d7c0
688012,中微公司,tech,student_A,local_semantic,-1.4018586108092976,-0.2627111857350124,pc5-full-svd-63860325d95daff9c609bee44540cd8f7d7d1240b2234de595f24f7af231d7c0
688032,禾迈股份,growth,student_B,local_semantic,-1.6280586441438727,-0.30510153702466147,pc5-full-svd-63860325d95daff9c609bee44540cd8f7d7d1240b2234de595f24f7af231d7c0
688063,派能科技,growth,student_B,local_semantic,-2.0678045293836402,-0.38751081998846787,pc5-full-svd-63860325d95daff9c609bee44540cd8f7d7d1240b2234de595f24f7af231d7c0
688099,晶晨股份,tech,student_A,local_semantic,0.28185333003702051,0.05281989350883283,pc5-full-svd-63860325d95daff9c609bee44540cd8f7d7d1240b2234de595f24f7af231d7c0
688110,东芯股份,tech,student_A,local_semantic,0.63150332512758078,0.11834502143129359,pc5-full-svd-63860325d95daff9c609bee44540cd8f7d7d1240b2234de595f24f7af231d7c0
688111,金山办公,tech,student_A,local_semantic,-0.63847705482745132,-0.11965191271428167,pc5-full-svd-63860325d95daff9c609bee44540cd8f7d7d1240b2234de595f24f7af231d7c0
688123,聚辰股份,tech,student_A,local_semantic,-0.60070724774529938,-0.11257377321645709,pc5-full-svd-63860325d95daff9c609bee44540cd8f7d7d1240b2234de595f24f7af231d7c0
688126,沪硅产业,tech,student_A,local_semantic,-0.65157608367271025,-0.12210669765006665,pc5-full-svd-63860325d95daff9c609bee44540cd8f7d7d1240b2234de595f24f7af231d7c0
688223,晶科能源,growth,student_B,local_semantic,-1.5714628675705358,-0.29449537214003613,pc5-full-svd-63860325d95daff9c609bee44540cd8f7d7d1240b2234de595f24f7af231d7c0
688256,寒武纪,tech,student_A,local_semantic,-0.95490606655769916,-0.17895136005627907,pc5-full-svd-63860325d95daff9c609bee44540cd8f7d7d1240b2234de595f24f7af231d7c0
688396,华润微,tech,student_A,local_semantic,0.29357788026323534,0.055017098325629878,pc5-full-svd-63860325d95daff9c609bee44540cd8f7d7d1240b2234de595f24f7af231d7c0
688508,芯朋微,tech,student_A,local_semantic,-0.78783675921962049,-0.14764222838473665,pc5-full-svd-63860325d95daff9c609bee44540cd8f7d7d1240b2234de595f24f7af231d7c0
688521,芯原股份,tech,student_A,local_semantic,0.17080614800851579,0.032009423295721706,pc5-full-svd-63860325d95daff9c609bee44540cd8f7d7d1240b2234de595f24f7af231d7c0
688525,佰维存储,tech,student_A,local_semantic,-0.25292199965818457,-0.047398102716159733,pc5-full-svd-63860325d95daff9c609bee44540cd8f7d7d1240b2234de595f24f7af231d7c0
688599,天合光能,growth,student_B,local_semantic,-2.4991254030026187,-0.4683412384536278,pc5-full-svd-63860325d95daff9c609bee44540cd8f7d7d1240b2234de595f24f7af231d7c0
688608,恒玄科技,tech,student_A,local_semantic,-0.975818833684575,-0.18287045561023799,pc5-full-svd-63860325d95daff9c609bee44540cd8f7d7d1240b2234de595f24f7af231d7c0
688766,普冉股份,tech,student_A,local_semantic,-0.065919803861823778,-0.012353506767677176,pc5-full-svd-63860325d95daff9c609bee44540cd8f7d7d1240b2234de595f24f7af231d7c0
688772,珠海冠宇,growth,student_B,local_semantic,-1.3446696792159893,-0.25199386238018201,pc5-full-svd-63860325d95daff9c609bee44540cd8f7d7d1240b2234de595f24f7af231d7c0
688981,中芯国际,tech,student_A,local_semantic,-0.3580533909779498,-0.067099941588228629,pc5-full-svd-63860325d95daff9c609bee44540cd8f7d7d1240b2234de595f24f7af231d7c0
