Symbol,EndDate,DeclareDate
000037,2022-12-31,2023-04-07
000037,2023-12-31,2024-04-12
000037,2024-12-31,2025-04-23
000037,2025-12-31,2026-04-15
000060,2022-12-31,2023-04-10
000060,2023-12-31,2024-04-25
000060,2024-12-31,2025-04-15
000060,2025-12-31,2026-04-22
000301,2022-12-31,2023-04-18
000301,2023-12-31,2024-04-26
000301,2024-12-31,2025-04-29
000301,2025-12-31,2026-04-29
000408,2022-12-31,2023-03-10
000408,2023-12-31,2024-03-21
000408,2024-12-31,2025-03-29
000408,2025-12-31,2026-03-14
000539,2022-12-31,2023-04-01
000539,2023-12-31,2024-03-30
000539,2024-12-31,2025-03-29
000539,2025-12-31,2026-03-31
000553,2022-12-31,2023-03-21
000553,2023-12-31,2024-03-27
000553,2024-12-31,2025-03-14
000553,2025-12-31,2026-03-28
000591,2022-12-31,2023-04-13
000591,2023-12-31,2024-04-13
000591,2024-12-31,2025-04-24
000591,2025-12-31,2026-04-24
000630,2022-12-31,2023-04-15
000630,2023-12-31,2024-04-29
000630,2024-12-31,2025-04-23
000630,2025-12-31,2026-04-20
000688,2022-12-31,2023-04-25
000688,2023-12-31,2024-04-27
000688,2024-12-31,2025-03-22
000688,2025-12-31,2026-03-24
000690,2022-12-31,2023-04-18
000690,2023-12-31,2024-04-09
000690,2024-12-31,2025-04-29
000690,2025-12-31,2026-04-21
000792,2022-12-31,2023-03-31
000792,2023-12-31,2024-03-30
000792,2024-12-31,2025-03-29
000792,2025-12-31,2026-03-31
000831,2022-12-31,2023-04-29
000831,2023-12-31,2024-04-27
000831,2024-12-31,2025-04-28
000831,2025-12-31,2026-04-28
000862,2022-12-31,2023-03-21
000862,2023-12-31,2024-03-26
000862,2024-12-31,2025-03-25
000862,2025-12-31,2026-03-26
000878,2022-12-31,2023-04-17
000878,2023-12-31,2024-03-29
000878,2024-12-31,2025-03-26
000878,2025-12-31,2026-03-27
000932,2022-12-31,2023-03-24
000932,2023-12-31,2024-03-30
000932,2024-12-31,2025-03-22
000932,2025-12-31,2026-03-31
000960,2022-12-31,2023-04-03
000960,2023-12-31,2024-04-12
000960,2024-12-31,2025-04-03
000960,2025-12-31,2026-03-30
000966,2022-12-31,2023-04-26
000966,2023-12-31,2024-04-26
000966,2024-12-31,2025-04-26
000966,2025-12-31,2026-04-24
000975,2022-12-31,2023-02-28
000975,2023-12-31,2024-03-23
000975,2024-12-31,2025-03-18
000975,2025-12-31,2026-03-06
001258,2022-12-31,2023-04-20
001258,2023-12-31,2024-03-16
001258,2024-12-31,2025-03-27
001258,2025-12-31,2026-04-23
001289,2022-12-31,2023-03-30
001289,2023-12-31,2024-03-28
001289,2024-12-31,2025-03-29
001289,2025-12-31,2026-04-01
002064,2022-12-31,2023-04-28
002064,2023-12-31,2024-04-20
002064,2024-12-31,2025-03-29
002064,2025-12-31,2026-03-28
002074,2022-12-31,2023-04-28
002074,2023-12-31,2024-04-20
002074,2024-12-31,2025-04-25
002074,2025-12-31,2026-04-29
002080,2022-12-31,2023-03-18
002080,2023-12-31,2024-03-22
002080,2024-12-31,2025-03-20
002080,2025-12-31,2026-03-20
002114,2022-12-31,2023-03-29
002114,2023-12-31,2024-03-30
002114,2024-12-31,2025-03-28
002114,2025-12-31,2026-04-24
002155,2022-12-31,2023-03-28
002155,2023-12-31,2024-03-26
002155,2024-12-31,2025-04-11
002155,2025-12-31,2026-04-10
002240,2022-12-31,2023-03-07
002240,2023-12-31,2024-03-28
002240,2024-12-31,2025-03-22
002240,2025-12-31,2026-03-28
002407,2022-12-31,2023-03-23
002407,2023-12-31,2024-03-29
002407,2024-12-31,2025-04-24
002407,2025-12-31,2026-04-16
002493,2022-12-31,2023-04-20
002493,2023-12-31,2024-04-26
002493,2024-12-31,2025-04-25
002493,2025-12-31,2026-04-28
002497,2022-12-31,2023-04-28
002497,2023-12-31,2024-04-26
002497,2024-12-31,2025-04-29
002497,2025-12-31,2026-04-27
002532,2022-12-31,2023-03-18
002532,2023-12-31,2024-04-09
002532,2024-12-31,2025-04-18
002532,2025-12-31,2026-03-30
002648,2022-12-31,2023-04-29
002648,2023-12-31,2024-03-26
002648,2024-12-31,2025-03-25
002648,2025-12-31,2026-03-24
002709,2022-12-31,2023-04-11
002709,2023-12-31,2024-03-26
002709,2024-12-31,2025-04-15
002709,2025-12-31,2026-03-10
002738,2022-12-31,2023-04-27
002738,2023-12-31,2024-04-26
002738,2024-12-31,2025-04-25
002738,2025-12-31,2026-04-10
002756,2022-12-31,2023-03-21
002756,2023-12-31,2024-04-30
002756,2024-12-31,2025-03-25
002756,2025-12-31,2026-04-28
002812,2022-12-31,2023-03-03
002812,2023-12-31,2024-04-25
002812,2024-12-31,2025-04-23
002812,2025-12-31,2026-04-23
300037,2022-12-31,2023-03-28
300037,2023-12-31,2024-04-02
300037,2024-12-31,2025-03-25
300037,2025-12-31,2026-03-24
300073,2022-12-31,2023-04-10
300073,2023-12-31,2024-03-30
300073,2024-12-31,2025-04-01
300073,2025-12-31,2026-03-31
300450,2022-12-31,2023-04-26
300450,2023-12-31,2024-04-25
300450,2024-12-31,2025-04-29
300450,2025-12-31,2026-03-31
300568,2022-12-31,2023-04-26
300568,2023-12-31,2024-04-18
300568,2024-12-31,2025-04-29
300568,2025-12-31,2026-03-31
300769,2022-12-31,2023-03-31
300769,2023-12-31,2024-04-24
300769,2024-12-31,2025-04-29
300769,2025-12-31,2026-04-29
600011,2022-12-31,2023-03-22
600011,2023-12-31,2024-03-20
600011,2024-12-31,2025-03-26
600011,2025-12-31,2026-03-25
600019,2022-12-31,2023-04-28
600019,2023-12-31,2024-04-27
600019,2024-12-31,2025-04-26
600019,2025-12-31,2026-04-30
600023,2022-12-31,2023-04-28
600023,2023-12-31,2024-04-30
600023,2024-12-31,2025-04-29
600023,2025-12-31,2026-04-28
600025,2022-12-31,2023-04-22
600025,2023-12-31,2024-04-27
600025,2024-12-31,2025-04-25
600025,2025-12-31,2026-04-29
600027,2022-12-31,2023-03-30
600027,2023-12-31,2024-03-28
600027,2024-12-31,2025-03-28
600027,2025-12-31,2026-03-27
600096,2022-12-31,2023-04-15
600096,2023-12-31,2024-03-26
600096,2024-12-31,2025-03-25
600096,2025-12-31,2026-03-24
600098,2022-12-31,2023-04-08
600098,2023-12-31,2024-04-10
600098,2024-12-31,2025-04-09
600098,2025-12-31,2026-04-15
600111,2022-12-31,2023-04-22
600111,2023-12-31,2024-04-19
600111,2024-12-31,2025-04-19
600111,2025-12-31,2026-04-18
600141,2022-12-31,2023-03-21
600141,2023-12-31,2024-04-02
600141,2024-12-31,2025-04-01
600141,2025-12-31,2026-04-04
600167,2022-12-31,2023-04-29
600167,2023-12-31,2024-04-30
600167,2024-12-31,2025-04-30
600167,2025-12-31,2026-04-29
600188,2022-12-31,2023-03-25
600188,2023-12-31,2024-03-29
600188,2024-12-31,2025-03-29
600188,2025-12-31,2026-03-28
600219,2022-12-31,2023-04-29
600219,2023-12-31,2024-02-29
600219,2024-12-31,2025-03-25
600219,2025-12-31,2026-03-27
600236,2022-12-31,2023-04-28
600236,2023-12-31,2024-04-25
600236,2024-12-31,2025-04-25
600236,2025-12-31,2026-03-31
600309,2022-12-31,2023-03-21
600309,2023-12-31,2024-03-19
600309,2024-12-31,2025-04-15
600309,2025-12-31,2026-04-21
600338,2022-12-31,2023-04-29
600338,2023-12-31,2024-04-30
600338,2024-12-31,2025-04-29
600338,2025-12-31,2026-04-23
600346,2022-12-31,2023-04-28
600346,2023-12-31,2024-04-10
600346,2024-12-31,2025-04-17
600346,2025-12-31,2026-04-15
600362,2022-12-31,2023-03-25
600362,2023-12-31,2024-03-28
600362,2024-12-31,2025-03-28
600362,2025-12-31,2026-03-27
600392,2022-12-31,2023-04-29
600392,2023-12-31,2024-04-27
600392,2024-12-31,2025-04-23
600392,2025-12-31,2026-04-30
600426,2022-12-31,2023-03-30
600426,2023-12-31,2024-03-30
600426,2024-12-31,2025-03-29
600426,2025-12-31,2026-03-31
600438,2022-12-31,2023-04-25
600438,2023-12-31,2024-04-30
600438,2024-12-31,2025-04-30
600438,2025-12-31,2026-04-30
600452,2022-12-31,2023-04-21
600452,2023-12-31,2024-04-19
600452,2024-12-31,2025-04-18
600452,2025-12-31,2026-04-17
600489,2022-12-31,2023-04-27
600489,2023-12-31,2024-04-27
600489,2024-12-31,2025-04-30
600489,2025-12-31,2026-04-29
600497,2022-12-31,2023-04-21
600497,2023-12-31,2024-03-30
600497,2024-12-31,2025-03-28
600497,2025-12-31,2026-03-27
600547,2022-12-31,2023-03-30
600547,2023-12-31,2024-03-29
600547,2024-12-31,2025-03-28
600547,2025-12-31,2026-03-27
600549,2022-12-31,2023-04-22
600549,2023-12-31,2024-04-19
600549,2024-12-31,2025-04-26
600549,2025-12-31,2026-04-24
600578,2022-12-31,2023-04-27
600578,2023-12-31,2024-04-27
600578,2024-12-31,2025-04-26
600578,2025-12-31,2026-04-25
600585,2022-12-31,2023-03-28
600585,2023-12-31,2024-03-20
600585,2024-12-31,2025-03-25
600585,2025-12-31,2026-03-25
600642,2022-12-31,2023-04-28
600642,2023-12-31,2024-04-30
600642,2024-12-31,2025-04-30
600642,2025-12-31,2026-04-27
600674,2022-12-31,2023-04-21
600674,2023-12-31,2024-04-12
600674,2024-12-31,2025-04-12
600674,2025-12-31,2026-04-18
600780,2022-12-31,2023-04-27
600780,2023-12-31,2024-04-25
600780,2024-12-31,2025-04-25
600780,2025-12-31,2026-04-25
600795,2022-12-31,2023-04-15
600795,2023-12-31,2024-04-16
600795,2024-12-31,2025-04-16
600795,2025-12-31,2026-04-15
600863,2022-12-31,2023-04-28
600863,2023-12-31,2024-04-26
600863,2024-12-31,2025-04-25
600863,2025-12-31,2026-04-23
600875,2022-12-31,2023-04-01
600875,2023-12-31,2024-03-29
600875,2024-12-31,2025-04-30
600875,2025-12-31,2026-04-01
600886,2022-12-31,2023-04-29
600886,2023-12-31,2024-04-30
600886,2024-12-31,2025-04-30
600886,2025-12-31,2026-04-30
600900,2022-12-31,2023-04-28
600900,2023-12-31,2024-04-30
600900,2024-12-31,2025-04-30
600900,2025-12-31,2026-04-30
600905,2022-12-31,2023-04-29
600905,2023-12-31,2024-04-30
600905,2024-12-31,2025-04-30
600905,2025-12-31,2026-04-30
600961,2022-12-31,2023-04-14
600961,2023-12-31,2024-04-18
600961,2024-12-31,2025-04-11
600961,2025-12-31,2026-04-17
600971,2022-12-31,2023-03-31
600971,2023-12-31,2024-03-30
600971,2024-12-31,2025-03-29
600971,2025-12-31,2026-03-28
600988,2022-12-31,2023-03-31
600988,2023-12-31,2024-03-30
600988,2024-12-31,2025-03-29
600988,2025-12-31,2026-03-21
601012,2022-12-31,2023-04-28
601012,2023-12-31,2024-04-30
601012,2024-12-31,2025-04-30
601012,2025-12-31,2026-04-29
601016,2022-12-31,2023-03-31
601016,2023-12-31,2024-03-29
601016,2024-12-31,2025-03-28
601016,2025-12-31,2026-04-22
601069,2022-12-31,2023-03-24
601069,2023-12-31,2024-04-26
601069,2024-12-31,2025-04-02
601069,2025-12-31,2026-04-08
601088,2022-12-31,2023-03-25
601088,2023-12-31,2024-03-23
601088,2024-12-31,2025-03-22
601088,2025-12-31,2026-03-31
601168,2022-12-31,2023-03-25
601168,2023-12-31,2024-03-16
601168,2024-12-31,2025-04-12
601168,2025-12-31,2026-03-26
601225,2022-12-31,2023-04-27
601225,2023-12-31,2024-04-26
601225,2024-12-31,2025-04-26
601225,2025-12-31,2026-04-25
601600,2022-12-31,2023-03-22
601600,2023-12-31,2024-03-28
601600,2024-12-31,2025-03-27
601600,2025-12-31,2026-03-28
601699,2022-12-31,2023-04-27
601699,2023-12-31,2024-04-19
601699,2024-12-31,2025-04-29
601699,2025-12-31,2026-04-27
601865,2022-12-31,2023-03-28
601865,2023-12-31,2024-03-27
601865,2024-12-31,2025-03-28
601865,2025-12-31,2026-03-27
601899,2022-12-31,2023-03-25
601899,2023-12-31,2024-03-23
601899,2024-12-31,2025-03-22
601899,2025-12-31,2026-03-21
601985,2022-12-31,2023-04-27
601985,2023-12-31,2024-04-27
601985,2024-12-31,2025-04-29
601985,2025-12-31,2026-04-30
601991,2022-12-31,2023-03-29
601991,2023-12-31,2024-03-23
601991,2024-12-31,2025-03-26
601991,2025-12-31,2026-03-28
603659,2022-12-31,2023-03-28
603659,2023-12-31,2024-04-13
603659,2024-12-31,2025-04-26
603659,2025-12-31,2026-03-06
603993,2022-12-31,2023-03-18
603993,2023-12-31,2024-03-23
603993,2024-12-31,2025-03-22
603993,2025-12-31,2026-03-28
605117,2022-12-31,2023-04-18
605117,2023-12-31,2024-04-25
605117,2024-12-31,2025-04-30
605117,2025-12-31,2026-04-10
688005,2022-12-31,2023-03-29
688005,2023-12-31,2024-04-12
688005,2024-12-31,2025-04-10
688005,2025-12-31,2026-04-11
688032,2022-12-31,2023-04-27
688032,2023-12-31,2024-04-29
688032,2024-12-31,2025-04-30
688032,2025-12-31,2026-04-30
688063,2022-12-31,2023-04-12
688063,2023-12-31,2024-04-12
688063,2024-12-31,2025-04-12
688063,2025-12-31,2026-04-01
688223,2022-12-31,2023-04-29
688223,2023-12-31,2024-04-23
688223,2024-12-31,2025-04-30
688223,2025-12-31,2026-04-30
688599,2022-12-31,2023-04-25
688599,2023-12-31,2024-04-26
688599,2024-12-31,2025-04-30
688599,2025-12-31,2026-04-30
688772,2022-12-31,2023-03-31
688772,2023-12-31,2024-04-09
688772,2024-12-31,2025-03-31
688772,2025-12-31,2026-03-31
