Stkcd,Accper,F100103C,F100401A
000037,2022-03-31,,2.583663
000037,2022-06-30,,3.335128
000037,2022-09-30,,2.950592
000037,2022-12-31,,3.470771
000037,2023-03-31,,3.413558
000037,2023-06-30,,5.477029
000037,2023-09-30,,3.861693
000037,2023-12-31,,3.562454
000037,2024-03-31,3721.105456,3.927501
000037,2024-06-30,237006.105831,3.90206
000037,2024-09-30,,3.852715
000037,2024-12-31,75.053708,3.181852
000037,2025-03-31,61.245232,3.293622
000037,2025-06-30,64.857995,3.470037
000037,2025-09-30,52.125855,3.410226
000037,2025-12-31,19.55651,2.80817
000037,2026-03-31,27.191368,4.367007
000037,2026-06-30,17.088079,2.952104
000060,2022-03-31,12.670524,1.160696
000060,2022-06-30,12.000788,1.125023
000060,2022-09-30,12.239216,1.001167
000060,2022-12-31,12.404477,1.001885
000060,2023-03-31,14.431036,0.997317
000060,2023-06-30,16.488809,1.089822
000060,2023-09-30,16.582858,1.15407
000060,2023-12-31,15.526196,0.943402
000060,2024-03-31,17.825866,1.023203
000060,2024-06-30,15.463976,0.931347
000060,2024-09-30,17.816339,1.074118
000060,2024-12-31,13.271712,0.99668
000060,2025-03-31,14.168006,1.037245
000060,2025-06-30,13.753732,0.997261
000060,2025-09-30,17.375036,1.220894
000060,2025-12-31,31.681565,1.272586
000060,2026-03-31,26.707461,1.299066
000060,2026-06-30,24.408815,1.584268
000301,2022-03-31,24.519356,4.536293
000301,2022-06-30,27.899657,4.843593
000301,2022-09-30,30.597592,4.99578
000301,2022-12-31,230.660224,3.506648
000301,2023-03-31,229.095402,3.589616
000301,2023-06-30,192.883052,3.083647
000301,2023-09-30,76.685376,2.946364
000301,2023-12-31,129.579721,2.596524
000301,2024-03-31,401.185436,2.700662
000301,2024-06-30,,2.171632
000301,2024-09-30,,2.66307
000301,2024-12-31,,2.103239
000301,2025-03-31,,2.07774
000301,2025-06-30,,2.105708
000301,2025-09-30,,2.41874
000301,2025-12-31,879.269614,2.736089
000301,2026-03-31,83.960064,2.571474
000301,2026-06-30,25.428633,2.560975
000408,2022-03-31,23.986755,4.610863
000408,2022-06-30,15.409054,4.338358
000408,2022-09-30,9.446766,4.171312
000408,2022-12-31,7.258147,3.385426
000408,2023-03-31,6.627674,3.303463
000408,2023-06-30,6.753387,2.808426
000408,2023-09-30,8.099919,2.911405
000408,2023-12-31,11.736244,3.068771
000408,2024-03-31,16.50668,3.666229
000408,2024-06-30,14.191824,2.900981
000408,2024-09-30,19.677097,3.442312
000408,2024-12-31,17.057531,3.164988
000408,2025-03-31,20.186567,3.893772
000408,2025-06-30,21.805,4.266196
000408,2025-09-30,26.534793,6.069996
000408,2025-12-31,34.536863,8.172942
000408,2026-03-31,26.705652,7.068569
000408,2026-06-30,19.17678,6.338605
000539,2022-03-31,,0.782252
000539,2022-06-30,,0.7144
000539,2022-09-30,,0.767374
000539,2022-12-31,,1.014502
000539,2023-03-31,,1.156913
000539,2023-06-30,,1.318929
000539,2023-09-30,59.50478,1.042081
000539,2023-12-31,15.790146,0.757099
000539,2024-03-31,14.770351,0.806304
000539,2024-06-30,15.828949,0.773485
000539,2024-09-30,20.971565,0.74715
000539,2024-12-31,13.553303,0.661362
000539,2025-03-31,24.179046,0.663706
000539,2025-06-30,38.331414,0.663498
000539,2025-09-30,43.741385,0.644573
000539,2025-12-31,22.494239,0.559691
000539,2026-03-31,23.206408,0.7154
000539,2026-06-30,147.89416,0.842211
000553,2022-03-31,42.401508,0.873998
000553,2022-06-30,53.620682,1.251916
000553,2022-09-30,23.019095,0.911365
000553,2022-12-31,34.599787,0.911789
000553,2023-03-31,80.177069,0.926107
000553,2023-06-30,,0.831635
000553,2023-09-30,,0.801566
000553,2023-12-31,,0.737482
000553,2024-03-31,,0.634538
000553,2024-06-30,,0.504104
000553,2024-09-30,,0.661995
000553,2024-12-31,,0.819497
000553,2025-03-31,,0.714724
000553,2025-06-30,,0.889775
000553,2025-09-30,,0.820652
000553,2025-12-31,,0.726433
000553,2026-03-31,,0.821892
000553,2026-06-30,,0.706763
000591,2022-03-31,22.945714,1.735586
000591,2022-06-30,22.207076,1.60005
000591,2022-09-30,23.125103,1.235212
000591,2022-12-31,20.505917,1.312146
000591,2023-03-31,17.546354,1.20317
000591,2023-06-30,17.451533,1.190307
000591,2023-09-30,13.536974,0.990502
000591,2023-12-31,13.810893,0.948505
000591,2024-03-31,13.326159,0.878002
000591,2024-06-30,12.326177,0.79121
000591,2024-09-30,14.095894,0.842518
000591,2024-12-31,15.190376,0.792797
000591,2025-03-31,14.860191,0.728502
000591,2025-06-30,15.759628,0.716236
000591,2025-09-30,16.741091,0.728688
000591,2025-12-31,21.095293,0.729045
000591,2026-03-31,29.924933,0.892431
000591,2026-06-30,28.084542,0.738486
000630,2022-03-31,10.533664,1.430907
000630,2022-06-30,9.664265,1.251499
000630,2022-09-30,9.705514,0.979439
000630,2022-12-31,10.327141,1.095317
000630,2023-03-31,10.598128,1.106893
000630,2023-06-30,9.347552,0.982461
000630,2023-09-30,9.156535,1.014324
000630,2023-12-31,10.949254,1.051927
000630,2024-03-31,11.314625,1.225804
000630,2024-06-30,9.34919,1.122251
000630,2024-09-30,12.297736,1.182928
000630,2024-12-31,10.841693,0.977859
000630,2025-03-31,11.603731,1.010088
000630,2025-06-30,16.715886,1.034843
000630,2025-09-30,28.518974,1.635559
000630,2025-12-31,22.853016,1.733188
000630,2026-03-31,18.661637,1.641074
000630,2026-06-30,14.007809,1.78622
000688,2022-03-31,109.828896,6.117773
000688,2022-06-30,107.351864,5.755093
000688,2022-09-30,116.325679,5.986184
000688,2022-12-31,116.538775,5.614521
000688,2023-03-31,146.329949,5.944355
000688,2023-06-30,379.729981,5.147229
000688,2023-09-30,1345.720423,3.606032
000688,2023-12-31,389.243286,3.512776
000688,2024-03-31,576.966358,3.967077
000688,2024-06-30,128.058963,3.145442
000688,2024-09-30,118.424415,3.996296
000688,2024-12-31,,3.899874
000688,2025-03-31,27.305571,3.724365
000688,2025-06-30,41.630701,4.251181
000688,2025-09-30,62.100089,4.871618
000688,2025-12-31,21.470494,9.71848
000688,2026-03-31,31.895545,11.671484
000688,2026-06-30,17.957498,9.015471
000690,2022-03-31,14.282317,0.942282
000690,2022-06-30,55.493534,0.860805
000690,2022-09-30,52.96626,0.91265
000690,2022-12-31,77.213904,1.252935
000690,2023-03-31,64.174988,1.163688
000690,2023-06-30,31.305309,1.323271
000690,2023-09-30,18.382059,0.986985
000690,2023-12-31,10.848351,0.79481
000690,2024-03-31,10.231089,0.888547
000690,2024-06-30,11.796603,0.936047
000690,2024-09-30,12.757833,0.882776
000690,2024-12-31,13.816311,0.798693
000690,2025-03-31,11.26254,0.717771
000690,2025-06-30,11.023124,0.797652
000690,2025-09-30,10.759639,0.800814
000690,2025-12-31,8.898989,0.714218
000690,2026-03-31,10.366682,0.819522
000690,2026-06-30,9.307968,0.787386
000792,2022-03-31,18.802145,10.394814
000792,2022-06-30,11.467831,7.252195
000792,2022-09-30,7.843647,4.766556
000792,2022-12-31,6.264445,4.329084
000792,2023-03-31,6.824653,4.012533
000792,2023-06-30,7.207672,3.116767
000792,2023-09-30,8.272483,2.716653
000792,2023-12-31,9.252174,2.497914
000792,2024-03-31,10.94769,2.438661
000792,2024-06-30,16.684567,2.558168
000792,2024-09-30,17.632209,2.646305
000792,2024-12-31,18.198189,2.258551
000792,2025-03-31,17.096067,2.145529
000792,2025-06-30,17.170558,2.137048
000792,2025-09-30,17.367498,2.51603
000792,2025-12-31,16.655619,3.111733
000792,2026-03-31,17.51871,3.983761
000792,2026-06-30,11.844743,3.019613
000831,2022-03-31,104.42851,9.949525
000831,2022-06-30,90.166234,10.199404
000831,2022-09-30,69.525747,8.413557
000831,2022-12-31,75.807252,10.336259
000831,2023-03-31,120.618078,10.547307
000831,2023-06-30,177.071732,9.279475
000831,2023-09-30,154.562987,8.794263
000831,2023-12-31,66.822606,5.841058
000831,2024-03-31,224.036389,6.167607
000831,2024-06-30,177.688482,5.717152
000831,2024-09-30,266.377829,6.327417
000831,2024-12-31,,6.18359
000831,2025-03-31,411.588197,6.874589
000831,2025-06-30,313.894556,7.708945
000831,2025-09-30,494.50605,10.971075
000831,2026-03-31,203.48958,9.931597
000831,2025-12-31,270.212139,9.886431
000831,2026-06-30,225.72892,11.223463
000862,2022-03-31,102.655898,1.916944
000862,2022-06-30,76.035786,1.752404
000862,2022-09-30,48.654794,1.389531
000862,2022-12-31,28.540377,1.526184
000862,2023-03-31,25.316861,1.555011
000862,2023-06-30,22.389419,1.886895
000862,2023-09-30,25.336067,1.383823
000862,2023-12-31,33.08395,1.320749
000862,2024-03-31,31.818613,1.198115
000862,2024-06-30,30.159523,1.001391
000862,2024-09-30,29.401305,1.045954
000862,2024-12-31,47.848299,1.049806
000862,2025-03-31,36.70898,1.01044
000862,2025-06-30,39.103315,1.117664
000862,2025-09-30,36.123474,1.114199
000862,2025-12-31,104.584853,1.226966
000862,2026-03-31,176.903579,1.408756
000862,2026-06-30,,0.985892
000878,2022-03-31,11.973488,1.417153
000878,2022-06-30,10.565434,1.30531
000878,2022-09-30,7.074924,1.109176
000878,2022-12-31,8.863063,1.466615
000878,2023-03-31,9.813953,1.574507
000878,2023-06-30,8.071831,1.34965
000878,2023-09-30,9.650882,1.376133
000878,2023-12-31,9.464696,1.271809
000878,2024-03-31,11.424508,1.52675
000878,2024-06-30,9.780812,1.407788
000878,2024-09-30,11.43693,1.522255
000878,2024-12-31,12.743001,1.324289
000878,2025-03-31,13.049521,1.398466
000878,2025-06-30,12.931916,1.342478
000878,2025-09-30,20.948779,1.866678
000878,2025-12-31,24.839752,2.354765
000878,2026-03-31,21.744472,1.829234
000878,2026-06-30,15.07279,1.55737
000932,2022-03-31,3.587525,0.716312
000932,2022-06-30,4.033625,0.653716
000932,2022-09-30,3.503888,0.506202
000932,2022-12-31,4.230791,0.563799
000932,2023-03-31,6.065381,0.638829
000932,2023-06-30,4.931726,0.540669
000932,2023-09-30,5.882785,0.656305
000932,2023-12-31,5.358633,0.552979
000932,2024-03-31,5.72589,0.561963
000932,2024-06-30,5.667918,0.47339
000932,2024-09-30,7.787911,0.495846
000932,2024-12-31,9.025783,0.443301
000932,2025-03-31,10.408111,0.520518
000932,2025-06-30,8.586929,0.446105
000932,2025-09-30,11.732863,0.654922
000932,2025-12-31,10.031928,0.561655
000932,2026-03-31,10.198868,0.500635
000932,2026-06-30,11.159424,0.347872
000960,2022-03-31,8.927213,1.910391
000960,2022-06-30,7.703616,1.535993
000960,2022-09-30,7.888292,1.215433
000960,2022-12-31,14.779303,1.33968
000960,2023-03-31,39.869297,1.378192
000960,2023-06-30,36.233452,1.416151
000960,2023-09-30,18.54609,1.274993
000960,2023-12-31,15.439879,1.252939
000960,2024-03-31,15.527245,1.295147
000960,2024-06-30,15.660642,1.204962
000960,2024-09-30,15.758927,1.238583
000960,2024-12-31,14.703913,1.053554
000960,2025-03-31,14.497363,1.140838
000960,2025-06-30,13.592608,1.117674
000960,2025-09-30,18.413965,1.647947
000960,2025-12-31,21.744817,1.997129
000960,2026-03-31,20.863261,2.1682
000960,2026-06-30,27.261239,2.954975
000966,2022-03-31,,1.619268
000966,2022-06-30,,1.714118
000966,2022-09-30,,1.229209
000966,2022-12-31,106.75337,1.291937
000966,2023-03-31,48.83676,1.27817
000966,2023-06-30,36.115304,1.487032
000966,2023-09-30,24.216597,1.213632
000966,2024-03-31,30.990426,1.169487
000966,2023-12-31,33.007253,1.18316
000966,2024-06-30,28.851308,1.133256
000966,2024-09-30,21.311125,1.186074
000966,2024-12-31,22.639054,1.184154
000966,2025-03-31,41.014122,1.162831
000966,2025-06-30,42.815074,1.109275
000966,2025-09-30,108.017777,1.070558
000966,2025-12-31,,1.089885
000966,2026-03-31,208.638585,1.193514
000966,2026-06-30,,0.985022
000975,2022-03-31,18.639753,2.055555
000975,2022-06-30,20.729899,2.224319
000975,2022-09-30,27.67405,2.845197
000975,2022-12-31,24.637364,2.417706
000975,2023-03-31,28.965349,2.994383
000975,2023-06-30,22.756208,2.562617
000975,2023-09-30,27.104929,3.014635
000975,2023-12-31,26.55849,3.115561
000975,2024-03-31,27.739494,3.616849
000975,2024-06-30,23.099612,3.312765
000975,2024-09-30,22.954304,3.597149
000975,2024-12-31,17.562297,2.881358
000975,2025-03-31,20.190585,3.41955
000975,2025-06-30,17.585832,3.399178
000975,2025-09-30,19.722794,3.864162
000975,2025-12-31,20.67146,4.026122
000975,2026-03-31,20.390907,4.51532
000975,2026-06-30,11.248326,2.627454
001258,2022-09-30,,3.698557
001258,2022-12-31,49.826212,3.402738
001258,2023-03-31,,3.292872
001258,2023-06-30,43.502615,3.035142
001258,2023-09-30,37.073173,2.539187
001258,2023-12-31,55.632882,2.55777
001258,2024-03-31,50.902253,2.112823
001258,2024-06-30,51.253172,2.181772
001258,2024-09-30,95.870656,2.093273
001258,2024-12-31,150.660903,2.54704
001258,2025-03-31,259.865912,2.330051
001258,2025-06-30,,2.133399
001258,2025-09-30,120.015006,1.539124
001258,2025-12-31,70.478281,1.469005
001258,2026-03-31,73.560829,1.855461
001258,2026-06-30,38.916016,1.37783
001289,2022-03-31,,2.822065
001289,2022-06-30,,2.273986
001289,2022-09-30,,1.790693
001289,2022-12-31,25.122854,1.912344
001289,2023-03-31,24.248562,1.762831
001289,2023-06-30,28.534665,2.232291
001289,2023-09-30,24.462569,2.008005
001289,2023-12-31,24.642345,2.016917
001289,2024-03-31,23.133352,1.83596
001289,2024-06-30,25.813417,1.699128
001289,2024-09-30,23.994818,1.664304
001289,2024-12-31,15.860085,1.525185
001289,2025-03-31,17.628835,1.570106
001289,2025-06-30,17.373619,1.529318
001289,2025-09-30,20.012625,1.633228
001289,2025-12-31,22.910936,1.416994
001289,2026-03-31,26.90655,1.535389
001289,2026-06-30,30.476803,1.431029
002064,2022-03-31,5.90339,1.953656
002064,2022-06-30,6.464439,1.846364
002064,2022-09-30,7.672601,1.426789
002064,2022-12-31,11.874036,1.457844
002064,2023-03-31,17.543986,1.556492
002064,2023-06-30,18.830441,1.432104
002064,2023-09-30,14.878883,1.441123
002064,2023-12-31,13.431294,1.336031
002064,2024-03-31,13.17652,1.301862
002064,2024-06-30,13.47719,1.379387
002064,2024-09-30,16.227573,1.585219
002064,2024-12-31,18.229293,1.528826
002064,2025-03-31,18.804183,1.424538
002064,2025-06-30,19.353552,1.222753
002064,2025-09-30,26.974008,1.672661
002064,2025-12-31,29.168604,1.996695
002064,2026-03-31,25.020156,1.821312
002064,2026-06-30,16.427072,1.636385
002074,2022-03-31,838.886408,2.947909
002074,2022-06-30,763.635997,3.858429
002074,2022-09-30,291.98595,2.23761
002074,2022-12-31,140.260746,2.093454
002074,2023-03-31,122.210768,2.147149
002074,2023-06-30,92.862342,1.956724
002074,2023-09-30,76.968968,1.617852
002074,2023-12-31,39.605367,1.459602
002074,2024-03-31,40.142768,1.407824
002074,2024-06-30,32.963719,1.324082
002074,2024-09-30,40.765589,1.562556
002074,2024-12-31,33.131642,1.279035
002074,2025-03-31,32.188032,1.315951
002074,2025-06-30,49.916834,1.862308
002074,2025-09-30,26.551389,2.471013
002074,2025-12-31,31.003935,1.922433
002074,2026-03-31,29.2874,1.731878
002074,2026-06-30,14.788514,1.230634
002080,2022-03-31,11.142542,2.485626
002080,2022-06-30,13.039981,2.791577
002080,2022-09-30,10.133269,2.036623
002080,2022-12-31,9.638413,1.595117
002080,2023-03-31,11.658743,1.755487
002080,2023-06-30,10.373833,1.350246
002080,2023-09-30,10.812288,1.326925
002080,2023-12-31,9.836655,1.00822
002080,2024-03-31,10.379463,0.96393
002080,2024-06-30,12.522446,0.825297
002080,2024-09-30,14.701914,0.811061
002080,2024-12-31,19.522914,0.820953
002080,2025-03-31,20.072163,0.920849
002080,2025-06-30,19.302045,1.189644
002080,2025-09-30,27.118573,2.032321
002080,2025-12-31,29.193094,2.151741
002080,2026-03-31,29.114248,2.27562
002080,2026-06-30,63.028741,5.227385
002114,2022-03-31,,1.757934
002114,2022-06-30,,1.593381
002114,2022-09-30,,1.472381
002114,2022-12-31,,1.688455
002114,2023-03-31,,1.727617
002114,2023-06-30,,1.8004
002114,2023-09-30,,1.844225
002114,2023-12-31,,2.340675
002114,2024-03-31,,1.828585
002114,2024-06-30,,1.333318
002114,2024-09-30,,1.933336
002114,2024-12-31,,1.934556
002114,2025-03-31,,2.313005
002114,2025-06-30,,2.701443
002114,2025-09-30,,3.02651
002114,2025-12-31,,3.586693
002114,2026-03-31,,3.261778
002114,2026-06-30,,2.849697
002155,2022-03-31,33.065142,2.261355
002155,2022-06-30,32.106619,2.539884
002155,2022-09-30,32.450074,2.477269
002155,2022-12-31,35.963468,2.636786
002155,2023-03-31,40.645288,3.027485
002155,2023-06-30,32.773023,2.411081
002155,2023-09-30,31.29948,2.368561
002155,2023-12-31,27.079534,2.128517
002155,2024-03-31,29.911567,2.553018
002155,2024-06-30,33.122942,3.30118
002155,2024-09-30,27.372826,3.136592
002155,2024-12-31,22.036555,2.71088
002155,2025-03-31,26.632801,3.793592
002155,2025-06-30,25.742819,3.793592
002155,2025-09-30,28.4639,4.555683
002155,2025-12-31,21.824431,4.036424
002155,2026-03-31,27.198326,5.505449
002155,2026-06-30,20.578728,4.293949
002240,2022-03-31,24.189908,7.099214
002240,2022-06-30,14.500226,6.418988
002240,2022-09-30,8.547157,4.248848
002240,2022-12-31,6.004105,2.63012
002240,2023-03-31,6.192195,2.448373
002240,2023-06-30,8.826204,2.196282
002240,2023-09-30,8.567253,1.499791
002240,2023-12-31,30.257058,1.578802
002240,2024-03-31,167.048949,1.366571
002240,2024-06-30,,0.969099
002240,2024-09-30,,1.137214
002240,2024-12-31,,1.022895
002240,2025-03-31,,0.979893
002240,2025-06-30,,1.061329
002240,2025-09-30,,1.600303
002240,2025-12-31,,2.714926
002240,2026-03-31,,2.966758
002240,2026-06-30,36.564339,3.331582
002407,2022-03-31,15.817011,4.455439
002407,2022-06-30,15.655091,4.998424
002407,2022-09-30,11.903351,3.34091
002407,2022-12-31,12.618626,3.193242
002407,2023-03-31,18.037284,3.058565
002407,2023-06-30,23.257772,2.614843
002407,2023-09-30,23.088645,1.823639
002407,2023-12-31,28.346893,1.543733
002407,2024-03-31,29.860795,1.442254
002407,2024-06-30,36.223346,1.272481
002407,2024-09-30,215.007677,1.307427
002407,2024-12-31,,1.295017
002407,2025-03-31,,1.28341
002407,2025-06-30,,1.335763
002407,2025-09-30,,2.246723
002407,2025-12-31,218.940633,3.672607
002407,2026-03-31,59.39725,2.888787
002407,2026-06-30,82.750374,5.291556
002493,2022-03-31,5.867892,1.434104
002493,2022-06-30,7.347151,1.521633
002493,2022-09-30,9.377239,1.392209
002493,2022-12-31,19.552341,1.281768
002493,2023-03-31,,1.624438
002493,2023-06-30,,1.257041
002493,2023-09-30,,1.268963
002493,2023-12-31,65.370283,1.107008
002493,2024-03-31,20.038539,1.168138
002493,2024-06-30,18.189473,1.026412
002493,2024-09-30,31.382024,1.099803
002493,2024-12-31,43.11633,0.966379
002493,2025-03-31,38.611736,0.908486
002493,2025-06-30,39.554283,0.8776
002493,2025-09-30,32.690722,0.999515
002493,2025-12-31,36.005366,1.206043
002493,2026-03-31,17.053308,1.175382
002493,2026-06-30,9.904286,1.027952
002497,2022-03-31,16.97592,4.061961
002497,2022-06-30,12.781066,4.065571
002497,2022-09-30,7.462125,2.753273
002497,2023-03-31,5.844861,2.047232
002497,2022-12-31,5.786323,2.36547
002497,2023-06-30,6.182752,1.724506
002497,2023-09-30,9.195514,1.486471
002497,2023-12-31,335.311539,1.397317
002497,2024-03-31,,1.105566
002497,2024-06-30,,0.955586
002497,2024-09-30,,1.162082
002497,2024-12-31,73.601522,1.248913
002497,2025-03-31,59.713909,1.284076
002497,2025-06-30,54.816976,1.203579
002497,2025-09-30,44.676933,1.543483
002497,2025-12-31,51.892207,2.592519
002497,2026-03-31,32.007094,2.364173
002497,2026-06-30,13.422732,1.854527
002532,2022-03-31,8.715868,1.605033
002532,2022-06-30,7.880939,1.359521
002532,2022-09-30,11.081615,1.471385
002532,2022-12-31,13.548839,1.572349
002532,2023-03-31,17.225325,1.512435
002532,2023-06-30,16.699027,1.214703
002532,2023-09-30,16.169079,1.293774
002532,2023-12-31,12.676339,1.159643
002532,2024-03-31,12.651852,1.235771
002532,2024-06-30,11.574394,1.486357
002532,2024-09-30,10.903164,1.507946
002532,2024-12-31,8.2162,1.364332
002532,2025-03-31,8.623646,1.481668
002532,2025-06-30,8.65892,1.386711
002532,2025-09-30,11.444546,1.85607
002532,2025-12-31,15.566299,2.533311
002532,2026-03-31,13.803672,2.62999
002532,2026-06-30,7.206795,1.547602
002648,2022-03-31,9.998661,3.262194
002648,2022-06-30,9.314125,2.858232
002648,2022-09-30,10.686663,2.421205
002648,2022-12-31,16.972026,2.468934
002648,2023-03-31,23.954786,2.462753
002648,2023-06-30,23.715029,2.181917
002648,2023-09-30,15.045654,2.092072
002648,2023-12-31,10.386745,1.949042
002648,2024-03-31,12.220865,2.347146
002648,2024-06-30,12.123551,2.303954
002648,2024-09-30,12.378657,2.258376
002648,2024-12-31,10.441649,2.088679
002648,2025-03-31,11.718388,2.432243
002648,2025-06-30,8.646306,1.875147
002648,2025-09-30,10.629716,2.032131
002648,2025-12-31,11.225981,1.773936
002648,2026-03-31,15.891685,2.622913
002648,2026-06-30,9.001847,2.078644
002709,2022-03-31,25.527385,10.156894
002709,2022-06-30,26.719808,12.549054
002709,2022-09-30,16.571859,7.50117
002709,2022-12-31,14.459708,6.582412
002709,2023-03-31,16.12118,5.936094
002709,2023-06-30,19.349014,6.031187
002709,2023-09-30,16.792393,3.816768
002709,2023-12-31,26.195465,3.553688
002709,2024-03-31,34.052018,3.121439
002709,2024-06-30,39.649879,2.540004
002709,2024-09-30,75.708487,2.656174
002709,2024-12-31,79.089908,2.839809
002709,2025-03-31,69.673582,2.668575
002709,2025-06-30,68.733578,2.605364
002709,2025-09-30,130.773658,5.380036
002709,2025-12-31,70.102403,5.224511
002709,2026-03-31,32.971025,4.870375
002709,2026-06-30,26.705086,5.126661
002738,2022-03-31,23.202106,5.968774
002738,2022-06-30,24.822756,7.784752
002738,2022-09-30,18.258153,6.80388
002738,2022-12-31,9.340027,4.08411
002738,2023-03-31,9.900685,3.09614
002738,2023-06-30,10.4537,3.119679
002738,2023-09-30,7.837084,2.151685
002738,2023-12-31,12.340946,2.223456
002738,2024-03-31,19.699967,2.153314
002738,2024-06-30,16.687289,1.635695
002738,2024-09-30,39.475035,2.181235
002738,2024-12-31,33.977895,2.050997
002738,2025-03-31,36.370058,1.835975
002738,2025-06-30,63.630602,1.899774
002738,2025-09-30,89.07231,2.902797
002738,2025-12-31,123.371012,4.538239
002738,2026-03-31,61.255396,4.087864
002738,2026-06-30,27.533898,3.180579
002756,2022-03-31,29.970983,8.110038
002756,2022-06-30,21.374843,8.583655
002756,2022-09-30,10.972543,4.961526
002756,2022-12-31,5.880938,3.040144
002756,2023-03-31,5.2403,2.593334
002756,2023-06-30,5.459128,2.727672
002756,2023-09-30,4.603702,1.877887
002756,2023-12-31,7.962765,2.120154
002756,2024-03-31,8.457964,1.898206
002756,2024-06-30,8.227874,1.535033
002756,2024-09-30,16.505367,1.761949
002756,2024-12-31,19.152491,1.621802
002756,2025-03-31,23.01685,1.404927
002756,2025-06-30,25.003606,1.342245
002756,2025-09-30,33.940375,1.641257
002756,2025-12-31,45.175892,2.274451
002756,2026-03-31,42.222782,3.01518
002756,2026-06-30,25.074653,2.23665
002812,2022-03-31,57.760119,12.664082
002812,2022-06-30,57.189522,13.612627
002812,2022-09-30,35.016894,8.741395
002812,2022-12-31,27.815999,6.214177
002812,2023-03-31,25.899585,5.157303
002812,2023-06-30,26.424916,3.340096
002812,2023-09-30,18.971958,2.039023
002812,2023-12-31,20.96283,1.936948
002812,2024-03-31,19.080427,1.405974
002812,2024-06-30,21.1962,1.124406
002812,2024-09-30,40.778192,1.207352
002812,2024-12-31,,1.185698
002812,2025-03-31,,1.132516
002812,2025-06-30,,1.071192
002812,2025-09-30,,1.705846
002812,2025-12-31,394.831422,2.044132
002812,2026-03-31,157.565661,2.433266
002812,2026-06-30,53.556985,2.353464
300037,2022-03-31,19.276613,4.489566
300037,2022-06-30,19.873821,4.973485
300037,2022-09-30,15.844235,3.699206
300037,2022-12-31,17.783791,3.706511
300037,2023-03-31,23.819047,3.937653
300037,2023-06-30,29.980419,4.285501
300037,2023-09-30,29.132956,3.505002
300037,2023-12-31,35.082853,3.681104
300037,2024-03-31,28.004814,2.619569
300037,2024-06-30,23.738682,2.215501
300037,2024-09-30,33.640253,3.055412
300037,2024-12-31,29.645678,2.761054
300037,2025-03-31,24.534011,2.39152
300037,2025-06-30,25.610831,2.524781
300037,2025-09-30,39.449152,3.703874
300037,2025-12-31,35.841537,3.500546
300037,2026-03-31,31.300089,3.653045
300037,2026-06-30,43.683092,5.911708
300073,2022-03-31,28.664352,3.87276
300073,2022-06-30,29.403781,4.510064
300073,2022-09-30,18.154988,3.121315
300073,2022-12-31,12.64795,2.486185
300073,2023-03-31,12.654986,2.42323
300073,2023-06-30,11.221656,2.093132
300073,2023-09-30,9.388541,1.659893
300073,2023-12-31,10.083299,1.45754
300073,2024-03-31,12.454762,1.473402
300073,2024-06-30,13.804306,1.299104
300073,2024-09-30,25.33821,1.606601
300073,2024-12-31,43.119663,1.489931
300073,2025-03-31,44.117357,1.502973
300073,2025-06-30,47.383272,1.581404
300073,2025-09-30,67.855195,2.331351
300073,2025-12-31,49.538273,2.039227
300073,2026-03-31,33.871978,1.778932
300073,2026-06-30,28.558648,1.628075
300450,2022-03-31,52.817093,9.300992
300450,2022-06-30,52.110217,10.367954
300450,2022-09-30,32.976253,7.111534
300450,2022-12-31,27.19994,5.667173
300450,2023-03-31,25.185877,5.391907
300450,2023-06-30,20.838172,4.878388
300450,2023-09-30,14.348723,3.398396
300450,2023-12-31,22.641907,3.384164
300450,2024-03-31,21.333853,3.051258
300450,2024-06-30,26.320948,2.21174
300450,2024-09-30,776.591799,2.540063
300450,2024-12-31,116.981039,2.707794
300450,2025-03-31,474.953744,2.755113
300450,2025-06-30,70.635688,3.174382
300450,2025-09-30,115.681463,7.672032
300450,2025-12-31,50.182709,5.96626
300450,2026-03-31,49.967631,4.47777
300450,2026-06-30,38.481134,3.799527
300568,2022-03-31,72.877998,6.39136
300568,2022-06-30,60.742715,7.047543
300568,2022-09-30,37.670075,3.024495
300568,2022-12-31,36.424955,3.172507
300568,2023-03-31,32.44766,2.809346
300568,2023-06-30,29.346269,2.480077
300568,2023-09-30,20.414139,1.82439
300568,2023-12-31,34.936402,2.082741
300568,2024-03-31,29.103574,1.476514
300568,2024-06-30,24.521975,1.11068
300568,2024-09-30,53.651317,1.384228
300568,2024-12-31,35.212403,1.309135
300568,2025-03-31,43.385116,1.357435
300568,2025-06-30,68.011787,1.697452
300568,2025-09-30,122.590099,1.954939
300568,2025-12-31,278.478776,2.041301
300568,2026-03-31,319.799971,1.998004
300568,2026-06-30,152.769101,2.515619
300769,2022-03-31,33.067781,9.530655
300769,2022-06-30,36.392441,7.674931
300769,2022-09-30,20.415887,4.937404
300769,2022-12-31,16.571708,3.742709
300769,2023-03-31,45.490695,3.340778
300769,2023-06-30,,3.256183
300769,2023-09-30,,2.261892
300769,2023-12-31,,1.955132
300769,2024-03-31,,1.266156
300769,2024-06-30,,1.003938
300769,2024-09-30,,1.475255
300769,2024-12-31,,1.501173
300769,2025-03-31,,1.31067
300769,2025-06-30,,1.441189
300769,2025-09-30,,2.019481
300769,2025-12-31,,2.033005
300769,2026-03-31,,1.941215
300769,2026-06-30,,2.841795
600011,2022-03-31,,0.879253
600011,2022-06-30,,0.923485
600011,2022-09-30,,0.994596
600011,2022-12-31,,0.944039
600011,2023-03-31,,0.922604
600011,2023-06-30,333.133055,0.967202
600011,2023-09-30,13.952569,0.790039
600011,2023-12-31,13.308645,0.705378
600011,2024-03-31,11.821655,0.832663
600011,2024-06-30,12.99527,0.855889
600011,2024-09-30,13.470891,0.600779
600011,2024-12-31,7.532212,0.523404
600011,2025-03-31,7.131932,0.517502
600011,2025-06-30,6.493735,0.531286
600011,2025-09-30,5.48941,0.513212
600011,2025-12-31,6.003968,0.551049
600011,2026-03-31,5.783969,0.532351
600011,2026-06-30,7.210933,0.565298
600019,2022-03-31,6.068114,0.698061
600019,2022-06-30,7.160647,0.62458
600019,2022-09-30,8.776999,0.541709
600019,2022-12-31,8.873044,0.576623
600019,2023-03-31,11.724928,0.636802
600019,2023-06-30,12.232651,0.579462
600019,2023-09-30,10.666597,0.622183
600019,2023-12-31,9.545998,0.595857
600019,2024-03-31,10.607454,0.661384
600019,2024-06-30,10.695909,0.670582
600019,2024-09-30,13.920556,0.698503
600019,2025-03-31,17.436105,0.706757
600019,2024-12-31,17.962532,0.69901
600019,2025-06-30,16.376364,0.648707
600019,2025-09-30,14.546161,0.689608
600019,2026-03-31,12.508184,0.613342
600019,2025-12-31,14.219683,0.72062
600019,2026-06-30,10.730822,0.525036
600023,2022-03-31,,0.639382
600023,2022-06-30,,0.663657
600023,2022-09-30,,0.602459
600023,2022-12-31,,0.69342
600023,2023-03-31,,0.654113
600023,2023-06-30,,0.900156
600023,2023-09-30,14.359571,0.714626
600023,2023-12-31,7.821691,0.772995
600023,2024-03-31,10.183817,1.086178
600023,2024-06-30,10.280156,1.166808
600023,2024-09-30,10.352106,1.052508
600023,2024-12-31,8.535271,0.87414
600023,2025-03-31,9.384629,0.864208
600023,2025-06-30,8.569282,0.809739
600023,2025-09-30,8.342255,0.743667
600023,2025-12-31,8.688513,0.738534
600023,2026-03-31,10.141177,0.806151
600023,2026-06-30,14.611502,0.813308
600025,2022-03-31,16.367812,1.569463
600025,2022-06-30,16.7025,1.87937
600025,2022-09-30,16.529338,1.792945
600025,2022-12-31,16.327321,1.702048
600025,2023-03-31,17.203467,1.802834
600025,2023-06-30,19.476442,1.839913
600025,2023-09-30,16.332874,1.960866
600025,2023-12-31,18.844722,2.196446
600025,2024-03-31,20.055915,2.397393
600025,2024-06-30,20.457246,2.700834
600025,2024-09-30,23.701397,2.678228
600025,2024-12-31,19.208389,2.162224
600025,2025-03-31,17.57315,2.040263
600025,2025-06-30,18.317848,2.137227
600025,2025-09-30,18.939897,2.019453
600025,2025-12-31,18.353582,1.919886
600025,2026-03-31,19.96358,2.017897
600025,2026-06-30,18.370455,1.788448
600027,2022-03-31,,0.47237
600027,2022-06-30,,0.531573
600027,2022-09-30,,0.799598
600027,2022-12-31,,0.823781
600027,2023-03-31,1149.092933,0.764672
600027,2023-06-30,108.232096,0.854552
600027,2023-09-30,24.086771,0.622165
600027,2023-12-31,10.933774,0.630485
600027,2024-03-31,11.928082,0.800746
600027,2024-06-30,12.045107,0.825414
600027,2024-09-30,10.340809,0.721817
600027,2024-12-31,8.393762,0.666563
600027,2025-03-31,8.599428,0.674371
600027,2025-06-30,7.442012,0.615036
600027,2025-09-30,6.500846,0.573034
600027,2025-12-31,7.009526,0.564162
600027,2026-03-31,6.498787,0.522338
600027,2026-06-30,6.922718,0.502949
600096,2022-03-31,8.5839,3.193099
600096,2022-06-30,8.898381,3.469625
600096,2022-09-30,6.283651,2.336876
600096,2022-12-31,5.479,1.988548
600096,2023-03-31,5.522304,1.813802
600096,2023-06-30,5.022735,1.510665
600096,2023-09-30,5.753155,1.451169
600096,2023-12-31,5.209126,1.300086
600096,2024-03-31,6.576403,1.465173
600096,2024-06-30,6.378005,1.590311
600096,2024-09-30,6.764,1.723665
600096,2024-12-31,6.769355,1.664417
600096,2025-03-31,7.31199,1.620365
600096,2025-06-30,7.078616,1.629767
600096,2025-09-30,8.062127,1.85819
600096,2025-12-31,11.078452,2.290136
600096,2026-03-31,10.862121,2.162068
600096,2026-06-30,9.911478,2.013827
600098,2022-03-31,,0.853429
600098,2022-06-30,,0.839494
600098,2022-09-30,67.502714,0.683467
600098,2022-12-31,16.797568,0.740681
600098,2023-03-31,15.361829,0.776722
600098,2023-06-30,12.643281,0.808291
600098,2023-09-30,12.006359,0.761903
600098,2023-12-31,10.096693,0.668902
600098,2024-03-31,11.249166,0.74741
600098,2024-06-30,11.794139,0.777674
600098,2024-09-30,12.407643,0.803082
600098,2024-12-31,11.516877,0.769561
600098,2025-03-31,11.338366,0.752662
600098,2025-06-30,9.005558,0.728509
600098,2025-09-30,9.228156,0.755681
600098,2025-12-31,9.246148,0.757406
600098,2026-03-31,9.715781,0.809899
600098,2026-06-30,11.55686,0.683226
600111,2022-03-31,21.427761,6.6751
600111,2022-06-30,18.329665,5.77882
600111,2022-09-30,13.256015,4.170107
600111,2022-12-31,14.243352,3.617686
600111,2023-03-31,17.226743,3.627061
600111,2023-06-30,22.473094,3.421081
600111,2023-09-30,28.414645,3.05232
600111,2023-12-31,26.65366,2.59896
600111,2024-03-31,38.874044,2.588697
600111,2024-06-30,35.249014,2.32474
600111,2024-09-30,39.555425,2.726064
600111,2024-12-31,48.29382,2.724573
600111,2025-03-31,40.107378,2.843387
600111,2025-06-30,34.301068,3.071929
600111,2025-09-30,60.760288,5.791882
600111,2025-12-31,58.320458,5.403188
600111,2026-03-31,51.787291,5.400564
600111,2026-06-30,42.505187,5.329423
600141,2022-03-31,5.748119,2.104425
600141,2022-06-30,6.233706,2.544063
600141,2022-09-30,4.770896,1.83956
600141,2022-12-31,4.743465,1.51104
600141,2023-03-31,6.576022,1.537104
600141,2023-06-30,8.095931,1.173946
600141,2023-09-30,11.257179,1.028024
600141,2023-12-31,14.628085,0.923415
600141,2024-03-31,15.521976,0.89965
600141,2024-06-30,13.460677,0.954839
600141,2024-09-30,14.302559,1.099154
600141,2024-12-31,14.789346,1.046264
600141,2025-03-31,15.583131,1.007418
600141,2025-06-30,14.164864,0.957471
600141,2025-09-30,17.677934,1.277506
600141,2025-12-31,23.66264,1.56384
600141,2026-03-31,24.862225,1.45945
600141,2026-06-30,30.930609,2.053663
600167,2022-03-31,15.630596,1.414442
600167,2022-06-30,16.977254,1.531702
600167,2022-09-30,16.226322,1.441524
600167,2022-12-31,14.473398,1.250606
600167,2023-03-31,13.817606,1.156456
600167,2023-06-30,15.899296,1.362101
600167,2023-09-30,13.553022,1.180845
600167,2023-12-31,14.269797,1.090846
600167,2024-03-31,17.012892,1.045069
600167,2024-06-30,15.439759,1.007368
600167,2024-09-30,18.45839,1.151212
600167,2024-12-31,20.220147,1.127899
600167,2025-03-31,18.419424,1.047184
600167,2025-06-30,18.485824,1.086227
600167,2025-09-30,30.509379,1.755522
600167,2025-12-31,23.500826,1.293801
600167,2026-03-31,25.908282,1.192851
600167,2026-06-30,26.606636,1.019476
600188,2022-03-31,7.757585,1.79162
600188,2022-06-30,5.679369,1.742044
600188,2022-09-30,6.234615,2.034669
600188,2022-12-31,4.213602,1.297397
600188,2023-03-31,4.604744,1.304061
600188,2023-06-30,4.950431,1.271985
600188,2023-09-30,5.781789,1.462178
600188,2023-12-31,5.427839,1.24541
600188,2024-03-31,6.911175,1.407494
600188,2024-06-30,6.94314,1.418342
600188,2024-09-30,7.330695,1.285038
600188,2024-12-31,6.796428,1.069578
600188,2025-03-31,6.933837,0.97454
600188,2025-06-30,7.251899,0.895264
600188,2025-09-30,8.628324,0.934677
600188,2025-12-31,9.27848,0.771451
600188,2026-03-31,12.35728,1.092723
600188,2026-06-30,10.299474,0.982382
600219,2022-03-31,12.24289,1.008075
600219,2022-06-30,10.425142,0.907154
600219,2022-09-30,8.410926,0.718114
600219,2022-12-31,9.708031,0.765457
600219,2023-03-31,10.783546,0.781262
600219,2023-06-30,10.533016,0.682548
600219,2023-09-30,11.536219,0.700413
600219,2023-12-31,8.600012,0.637134
600219,2024-03-31,8.894382,0.747357
600219,2024-06-30,8.675618,0.818248
600219,2024-09-30,8.844155,0.916916
600219,2024-12-31,7.623768,0.807648
600219,2025-03-31,6.210734,0.736095
600219,2025-06-30,6.694803,0.738695
600219,2025-09-30,7.178692,0.761168
600219,2025-12-31,10.642733,1.064247
600219,2026-03-31,14.418453,1.1505
600219,2026-06-30,9.290984,0.775469
600236,2022-03-31,20.558654,2.0394
600236,2022-06-30,19.939737,2.338707
600236,2022-09-30,13.376623,2.106974
600236,2022-12-31,12.462024,2.065605
600236,2023-03-31,14.12702,1.960734
600236,2023-06-30,17.822271,2.032337
600236,2023-09-30,34.201183,2.017728
600236,2023-12-31,31.181941,2.069078
600236,2024-03-31,29.85454,2.140739
600236,2024-06-30,29.998071,2.67294
600236,2024-09-30,21.552744,2.322184
600236,2024-12-31,20.334503,2.443015
600236,2025-03-31,18.435503,2.243057
600236,2025-06-30,20.956169,2.110602
600236,2025-09-30,17.835676,2.259245
600236,2025-12-31,16.624042,2.564498
600236,2026-03-31,18.249405,2.971899
600236,2026-06-30,15.8149,2.903126
600309,2022-03-31,10.665203,3.29249
600309,2022-06-30,13.811366,4.090321
600309,2022-09-30,14.913069,3.708413
600309,2022-12-31,17.069541,3.576448
600309,2023-03-31,18.923553,3.509644
600309,2023-06-30,17.788701,3.181496
600309,2023-09-30,16.641399,3.091332
600309,2023-12-31,13.180213,2.553569
600309,2024-03-31,14.071893,2.625699
600309,2024-06-30,14.088758,2.54832
600309,2024-09-30,17.123685,2.822037
600309,2024-12-31,15.145438,2.16445
600309,2025-03-31,15.510896,1.963326
600309,2025-06-30,13.591203,1.576643
600309,2025-09-30,16.570167,1.791672
600309,2026-03-31,16.553721,2.004779
600309,2025-12-31,17.097269,1.998228
600309,2026-06-30,11.33944,1.692537
600338,2022-03-31,41.57695,9.230679
600338,2022-06-30,35.75686,7.373688
600338,2022-09-30,31.899772,5.445901
600338,2022-12-31,53.207735,6.055271
600338,2023-03-31,63.930298,6.137504
600338,2023-06-30,1131.016909,4.655829
600338,2023-09-30,,3.736351
600338,2023-12-31,,3.447984
600338,2024-03-31,,2.643988
600338,2024-06-30,,2.388244
600338,2024-09-30,,2.695165
600338,2024-12-31,45.131284,2.609964
600338,2025-03-31,25.131157,2.374306
600338,2025-06-30,26.473249,2.412786
600338,2025-09-30,28.931371,2.789971
600338,2025-12-31,28.005592,3.039811
600338,2026-03-31,28.554797,3.396837
600338,2026-06-30,25.415132,2.894466
600346,2022-03-31,9.355701,2.454626
600346,2022-06-30,10.488689,2.649937
600346,2022-09-30,13.362912,2.089811
600346,2022-12-31,47.159395,2.065692
600346,2023-03-31,,2.114311
600346,2023-06-30,,1.800559
600346,2023-09-30,52.604504,1.72435
600346,2023-12-31,13.426813,1.545119
600346,2024-03-31,12.226152,1.581531
600346,2024-06-30,12.458828,1.629746
600346,2024-09-30,17.448386,1.796789
600346,2024-12-31,15.319733,1.70379
600346,2025-03-31,15.544354,1.656212
600346,2025-06-30,16.517451,1.588196
600346,2025-09-30,17.328988,1.866315
600346,2025-12-31,22.418357,2.374426
600346,2026-03-31,17.061674,2.154853
600346,2026-06-30,11.103374,1.732397
600362,2022-03-31,10.127935,0.757402
600362,2022-06-30,9.544233,0.799815
600362,2022-09-30,8.507465,0.678236
600362,2022-12-31,9.912468,0.736489
600362,2023-03-31,10.872722,0.800736
600362,2023-06-30,11.021357,0.745861
600362,2023-09-30,10.441256,0.741494
600362,2023-12-31,8.865938,0.805804
600362,2024-03-31,11.497214,0.990278
600362,2024-06-30,11.098765,0.973981
600362,2024-09-30,11.939865,0.984478
600362,2024-12-31,9.627554,0.813998
600362,2025-03-31,10.423286,0.88685
600362,2025-06-30,10.376227,0.902342
600362,2025-09-30,14.543851,1.333933
600362,2025-12-31,25.465244,2.020094
600362,2026-03-31,17.349635,1.526447
600362,2026-06-30,11.945841,1.480879
600392,2022-03-31,19.574192,2.547887
600392,2022-06-30,20.731876,3.932522
600392,2022-09-30,14.933955,2.623623
600392,2022-12-31,14.918141,2.44971
600392,2023-03-31,24.479481,2.375865
600392,2023-06-30,55.200599,2.277563
600392,2023-09-30,56.636486,1.991602
600392,2023-12-31,44.995242,1.827806
600392,2024-03-31,209.290267,1.8874
600392,2024-06-30,65.872489,1.652188
600392,2024-09-30,55.878852,1.80051
600392,2024-12-31,76.920488,1.867492
600392,2025-03-31,29.913277,1.785616
600392,2025-06-30,33.27344,1.983947
600392,2025-09-30,43.003524,2.704903
600392,2025-12-31,44.067191,2.668102
600392,2026-03-31,38.860667,2.743615
600392,2026-06-30,38.241729,3.59587
600426,2022-03-31,8.527793,2.748832
600426,2022-06-30,7.784862,2.426147
600426,2022-09-30,8.632136,2.316446
600426,2022-12-31,11.194879,2.520984
600426,2023-03-31,16.134516,2.586206
600426,2023-06-30,18.652445,2.307384
600426,2023-09-30,18.522882,2.31621
600426,2023-12-31,16.172149,1.924672
600426,2024-03-31,13.959747,1.758504
600426,2024-06-30,13.149319,1.787954
600426,2024-09-30,13.9818,1.70872
600426,2024-12-31,10.98171,1.397713
600426,2025-03-31,12.302669,1.395995
600426,2025-06-30,13.062087,1.355622
600426,2025-09-30,16.060516,1.629303
600426,2025-12-31,18.254739,1.898491
600426,2026-03-31,18.850124,2.098948
600426,2026-06-30,11.323408,1.349456
600438,2022-03-31,14.056194,3.872918
600438,2022-06-30,13.588542,5.030095
600438,2022-09-30,7.393262,3.21298
600438,2022-12-31,5.365141,2.371282
600438,2023-03-31,4.671799,2.081392
600438,2023-06-30,4.385663,2.144423
600438,2023-09-30,5.356058,1.898704
600438,2023-12-31,6.175786,1.526281
600438,2024-03-31,16.826228,1.529633
600438,2024-06-30,,1.321818
600438,2024-09-30,,1.677406
600438,2025-03-31,,1.48467
600438,2024-12-31,,1.718583
600438,2025-06-30,,1.330363
600438,2025-09-30,,1.777333
600438,2025-12-31,,1.797708
600438,2026-03-31,,1.543424
600438,2026-06-30,,1.22529
600452,2022-03-31,20.050721,2.514719
600452,2022-06-30,15.851397,2.413745
600452,2022-09-30,16.995606,2.552364
600452,2022-12-31,22.524818,2.998683
600452,2023-03-31,32.518459,3.718505
600452,2023-06-30,41.701327,4.121225
600452,2023-09-30,32.474334,2.892868
600452,2023-12-31,27.576543,2.907426
600452,2024-03-31,28.500556,2.890248
600452,2024-06-30,30.050954,2.759145
600452,2024-09-30,33.22509,3.14511
600452,2024-12-31,31.62947,3.063713
600452,2025-03-31,29.526647,2.715642
600452,2025-06-30,29.138322,2.61833
600452,2025-09-30,36.662434,2.614244
600452,2025-12-31,36.609097,2.564301
600452,2026-03-31,40.216894,3.021824
600452,2026-06-30,33.096319,2.50651
600489,2022-03-31,19.430056,1.393627
600489,2022-06-30,15.378167,1.298694
600489,2022-09-30,15.029589,1.287759
600489,2022-12-31,15.871756,1.417677
600489,2023-03-31,19.46247,1.774955
600489,2023-06-30,18.165833,1.76435
600489,2023-09-30,17.972859,1.821437
600489,2023-12-31,13.346978,1.570769
600489,2024-03-31,16.675801,2.023852
600489,2024-06-30,17.896078,2.338459
600489,2024-09-30,16.982107,2.304243
600489,2024-12-31,13.872331,1.790266
600489,2025-03-31,14.925559,2.01019
600489,2025-06-30,12.986338,2.085531
600489,2025-09-30,18.80483,3.056451
600489,2025-12-31,18.460716,3.107829
600489,2026-03-31,16.859255,3.257188
600489,2026-06-30,11.17856,2.261278
600497,2022-03-31,36.401159,1.475508
600497,2022-06-30,27.422042,1.491691
600497,2022-09-30,31.016211,1.472756
600497,2022-12-31,43.300587,1.495995
600497,2023-03-31,41.962678,1.482101
600497,2023-06-30,39.31217,1.439839
600497,2023-09-30,33.231257,1.477014
600497,2023-12-31,18.235875,1.405287
600497,2024-03-31,22.034195,1.539275
600497,2024-06-30,21.995298,1.478424
600497,2024-09-30,23.360413,1.533348
600497,2024-12-31,22.214653,1.509779
600497,2025-03-31,21.610903,1.447106
600497,2025-06-30,20.64713,1.426473
600497,2025-09-30,29.129429,1.685465
600497,2025-12-31,36.298139,1.967797
600497,2026-03-31,33.433921,2.0152
600497,2026-06-30,36.459966,3.012056
600547,2022-03-31,191.402021,2.9871
600547,2022-06-30,45.095195,2.417001
600547,2022-09-30,40.179417,2.178831
600547,2022-12-31,60.214271,2.335672
600547,2023-03-31,62.706396,2.656924
600547,2023-06-30,57.48356,2.827015
600547,2023-09-30,49.175588,2.186986
600547,2023-12-31,35.392717,1.920925
600547,2024-03-31,36.687763,2.327777
600547,2024-06-30,30.281297,2.272262
600547,2024-09-30,28.854188,2.378421
600547,2024-12-31,22.804833,1.728422
600547,2025-03-31,24.82242,2.01373
600547,2025-06-30,23.223841,2.332539
600547,2025-09-30,27.692828,2.844581
600547,2025-12-31,26.928208,2.771845
600547,2026-03-31,24.39769,2.795622
600547,2026-06-30,12.54407,1.573319
600549,2022-03-31,14.665405,1.910988
600549,2022-06-30,14.651094,2.181326
600549,2022-09-30,14.177026,2.051182
600549,2022-12-31,12.704872,1.726701
600549,2023-03-31,12.649973,1.610019
600549,2023-06-30,12.955378,1.509527
600549,2023-09-30,12.082224,1.320415
600549,2023-12-31,9.678927,1.277641
600549,2024-03-31,10.709949,1.400881
600549,2024-06-30,8.531114,1.251673
600549,2024-09-30,10.248903,1.472405
600549,2024-12-31,11.308044,1.256397
600549,2025-03-31,11.92085,1.246476
600549,2025-06-30,13.073565,1.340898
600549,2025-09-30,15.275809,1.837538
600549,2026-03-31,19.858515,3.112135
600549,2025-12-31,19.454192,2.442968
600549,2026-06-30,26.583753,4.651904
600578,2022-03-31,,0.703135
600578,2022-06-30,,0.77679
600578,2022-09-30,,0.74223
600578,2022-12-31,23.443858,0.739625
600578,2023-03-31,19.219929,0.698364
600578,2023-06-30,39.310345,0.84974
600578,2023-09-30,23.4699,0.663143
600578,2023-12-31,18.257798,0.60427
600578,2024-03-31,19.356919,0.672986
600578,2024-06-30,11.674192,0.641972
600578,2024-09-30,12.400955,0.717805
600578,2024-12-31,10.302137,0.669747
600578,2025-03-31,7.965514,0.672254
600578,2025-06-30,8.472545,0.837197
600578,2025-09-30,6.233971,0.737573
600578,2025-12-31,7.627046,0.952936
600578,2026-03-31,7.481265,0.912518
600578,2026-06-30,9.784288,1.213549
600585,2022-03-31,6.279455,1.065086
600585,2022-06-30,6.456107,0.99531
600585,2022-09-30,6.373829,0.804737
600585,2022-12-31,8.989823,0.740304
600585,2023-03-31,10.923552,0.753886
600585,2023-06-30,9.839462,0.646563
600585,2023-09-30,11.074792,0.701558
600585,2023-12-31,11.121984,0.603895
600585,2024-03-31,12.343273,0.592851
600585,2024-06-30,17.066256,0.637146
600585,2024-09-30,20.016442,0.699661
600585,2024-12-31,16.44449,0.6289
600585,2025-03-31,16.189865,0.635317
600585,2025-06-30,13.115109,0.565478
600585,2025-09-30,13.942749,0.606842
600585,2025-12-31,14.727606,0.568649
600585,2026-03-31,16.294184,0.598431
600585,2026-06-30,15.135333,0.444818
600642,2022-03-31,28.963646,0.769343
600642,2022-06-30,31.60606,0.727656
600642,2022-09-30,63.105951,0.736742
600642,2022-12-31,25.687547,0.706293
600642,2023-03-31,18.965383,0.739043
600642,2023-06-30,15.926486,0.870701
600642,2023-09-30,11.244467,0.774743
600642,2023-12-31,7.536808,0.760766
600642,2024-03-31,8.076564,0.885631
600642,2024-06-30,9.208066,1.008861
600642,2024-09-30,8.121005,0.920196
600642,2024-12-31,9.706858,1.01133
600642,2025-03-31,9.326656,0.900215
600642,2025-06-30,8.750399,0.884649
600642,2025-09-30,7.660054,0.766051
600642,2026-03-31,8.99118,0.847419
600642,2025-12-31,7.549513,0.756252
600642,2026-06-30,9.2342,0.85098
600674,2022-03-31,15.575082,1.44281
600674,2022-06-30,15.540966,1.637753
600674,2022-09-30,16.397018,1.583755
600674,2022-12-31,15.271038,1.549849
600674,2023-03-31,14.169152,1.625492
600674,2023-06-30,16.288636,1.889889
600674,2023-09-30,14.574023,1.778173
600674,2023-12-31,15.363941,1.79441
600674,2024-03-31,17.46787,1.917137
600674,2024-06-30,19.381175,2.206775
600674,2024-09-30,18.01129,2.098968
600674,2024-12-31,18.160611,1.916013
600674,2025-03-31,16.08916,1.723217
600674,2025-06-30,16.309668,1.760427
600674,2025-09-30,15.753467,1.506144
600674,2025-12-31,13.956125,1.449934
600674,2026-03-31,15.102285,1.504727
600674,2026-06-30,14.658327,1.484697
600780,2022-03-31,12.9175,0.721557
600780,2022-06-30,11.322145,0.976233
600780,2022-09-30,6.923054,0.954969
600780,2022-12-31,8.635912,1.117419
600780,2023-03-31,12.568533,1.507028
600780,2023-06-30,14.989697,1.6884
600780,2023-09-30,15.794088,1.49445
600780,2023-12-31,13.855863,1.285409
600780,2024-03-31,14.868571,1.145066
600780,2024-06-30,12.668136,0.915976
600780,2024-09-30,14.059134,0.978571
600780,2024-12-31,12.621327,0.843191
600780,2025-03-31,11.83414,0.824683
600780,2025-06-30,11.844323,0.850383
600780,2025-09-30,10.611331,0.797881
600780,2025-12-31,10.066196,0.780805
600780,2026-03-31,12.352673,0.942048
600780,2026-06-30,9.274263,0.786179
600795,2022-03-31,,0.394702
600795,2022-06-30,,0.609608
600795,2022-09-30,19.782131,0.631706
600795,2022-12-31,11.091357,0.690642
600795,2023-03-31,10.547088,0.601026
600795,2023-06-30,8.865857,0.594296
600795,2023-09-30,9.055564,0.551886
600795,2023-12-31,6.19735,0.621269
600795,2024-03-31,6.889484,0.724467
600795,2024-06-30,6.55673,0.84009
600795,2024-09-30,6.237107,0.745603
600795,2024-12-31,4.908189,0.621835
600795,2025-03-31,4.83047,0.587321
600795,2025-06-30,6.471455,0.635577
600795,2025-09-30,6.169204,0.643219
600795,2025-12-31,6.548506,0.650851
600795,2026-03-31,6.636708,0.612296
600795,2026-06-30,6.643103,0.590388
600863,2022-03-31,26.841621,1.001892
600863,2022-06-30,17.508974,1.176898
600863,2022-09-30,11.330094,1.191354
600863,2022-12-31,11.275421,1.104404
600863,2023-03-31,8.867768,0.987579
600863,2023-06-30,12.032288,1.260223
600863,2023-09-30,8.754843,1.028556
600863,2023-12-31,12.658535,1.092257
600863,2024-03-31,15.003828,1.225978
600863,2024-06-30,13.507136,1.248127
600863,2024-09-30,14.062131,1.260815
600863,2024-12-31,11.980402,1.19869
600863,2025-03-31,11.624288,1.049005
600863,2025-06-30,11.364942,1.106625
600863,2025-09-30,10.806395,1.059386
600863,2025-12-31,9.023031,1.271624
600863,2026-03-31,12.482424,1.368154
600863,2026-06-30,12.361757,1.302523
600875,2022-03-31,15.55044,1.159073
600875,2022-06-30,17.972786,1.400038
600875,2022-09-30,20.864171,1.702792
600875,2022-12-31,21.777268,1.697283
600875,2023-03-31,18.972458,1.488481
600875,2023-06-30,17.943544,1.461417
600875,2023-09-30,14.166888,1.198203
600875,2023-12-31,12.512788,1.106092
600875,2024-03-31,13.845009,1.162459
600875,2024-06-30,17.138613,1.387273
600875,2024-09-30,14.621844,1.157956
600875,2024-12-31,15.068191,1.148226
600875,2025-03-31,13.219985,1.050188
600875,2025-06-30,16.033171,1.250001
600875,2025-09-30,18.414122,1.410887
600875,2025-12-31,21.172329,1.743243
600875,2026-03-31,28.167136,2.433789
600875,2026-06-30,21.806466,2.031645
600886,2022-03-31,13.989951,0.77349
600886,2022-06-30,14.775283,0.875292
600886,2022-09-30,12.763881,0.860575
600886,2022-12-31,10.511654,0.862262
600886,2023-03-31,9.214472,0.833295
600886,2023-06-30,10.078836,0.986496
600886,2023-09-30,8.009349,0.870669
600886,2024-03-31,8.709488,1.058007
600886,2023-12-31,8.079276,0.96209
600886,2024-06-30,10.505096,1.317008
600886,2024-09-30,9.629285,1.155796
600886,2025-03-31,9.477306,0.961947
600886,2024-12-31,10.302777,1.135824
600886,2025-06-30,9.675924,1.013601
600886,2025-09-30,8.715074,0.857137
600886,2026-03-31,8.417251,0.886062
600886,2025-12-31,7.801836,0.848375
600886,2026-06-30,8.258692,0.866357
600900,2022-03-31,18.68532,2.581918
600900,2022-06-30,17.964621,2.846612
600900,2022-09-30,19.906672,2.67803
600900,2022-12-31,22.059794,2.439688
600900,2023-03-31,22.674767,2.57666
600900,2023-06-30,27.923987,2.752629
600900,2023-09-30,22.36681,2.613678
600900,2023-12-31,20.427813,2.690021
600900,2024-03-31,21.558146,2.814765
600900,2024-06-30,23.279459,3.452169
600900,2024-09-30,21.352722,3.314749
600900,2024-12-31,21.956619,3.257565
600900,2025-03-31,19.928888,2.98963
600900,2025-06-30,21.296144,3.375606
600900,2025-09-30,20.138823,2.861727
600900,2025-12-31,19.0359,2.850913
600900,2026-03-31,18.105702,2.758847
600900,2026-06-30,17.647702,2.839259
600905,2022-03-31,24.925896,2.199717
600905,2022-06-30,21.661983,2.124541
600905,2022-09-30,18.3815,1.861806
600905,2022-12-31,19.289304,1.838354
600905,2023-03-31,18.246837,1.723104
600905,2023-06-30,19.814835,1.681551
600905,2023-09-30,18.021255,1.473983
600905,2023-12-31,15.124915,1.309969
600905,2024-03-31,16.026988,1.348219
600905,2024-06-30,15.597805,1.249658
600905,2024-09-30,16.684133,1.37286
600905,2024-12-31,16.770721,1.206681
600905,2025-03-31,16.621717,1.129541
600905,2025-06-30,17.938359,1.141656
600905,2025-09-30,20.402758,1.120875
600905,2025-12-31,28.360173,1.075215
600905,2026-03-31,45.585433,1.105457
600905,2026-06-30,73.54896,0.975873
600961,2022-03-31,22.987458,5.565237
600961,2022-06-30,24.958692,5.196366
600961,2022-09-30,26.145277,4.079696
600961,2022-12-31,36.003297,4.253102
600961,2023-03-31,38.827038,3.498766
600961,2023-06-30,23.995759,2.445621
600961,2023-09-30,16.314563,2.336051
600961,2023-12-31,14.135565,2.387112
600961,2024-03-31,19.393224,3.266146
600961,2024-06-30,15.917512,2.456613
600961,2024-09-30,13.637478,2.183205
600961,2024-12-31,10.528976,1.8802
600961,2025-03-31,11.201783,2.202014
600961,2025-06-30,11.861742,2.473687
600961,2025-09-30,16.379454,3.782121
600961,2025-12-31,15.347119,3.563608
600961,2026-03-31,9.359542,3.11535
600961,2026-06-30,13.986598,5.79696
600971,2022-03-31,6.337457,0.917272
600971,2022-06-30,5.365131,0.909789
600971,2022-09-30,4.396866,0.854826
600971,2022-12-31,3.428148,0.722154
600971,2023-03-31,3.825491,0.836345
600971,2023-06-30,3.405503,0.789291
600971,2023-09-30,4.414993,0.904605
600971,2023-12-31,6.587166,1.054718
600971,2024-03-31,7.970435,1.119996
600971,2024-06-30,8.565144,1.14643
600971,2024-09-30,9.896027,1.048044
600971,2024-12-31,10.68501,0.908195
600971,2025-03-31,14.968034,0.782115
600971,2025-06-30,48.363726,0.660903
600971,2025-09-30,1133.517547,0.674037
600971,2025-12-31,,0.609657
600971,2026-03-31,,0.719179
600971,2026-06-30,84.337457,0.676247
600988,2022-03-31,46.111043,4.438277
600988,2022-06-30,40.107089,3.580908
600988,2022-09-30,65.739229,4.348948
600988,2022-12-31,60.794192,4.054046
600988,2023-03-31,83.13399,4.033759
600988,2023-06-30,59.573979,2.788621
600988,2023-09-30,42.412277,3.013672
600988,2023-12-31,26.762504,2.728966
600988,2024-03-31,26.719456,3.039477
600988,2024-06-30,20.792801,2.876235
600988,2024-09-30,21.378875,3.424637
600988,2024-12-31,13.07861,2.422212
600988,2025-03-31,18.507466,3.103619
600988,2025-06-30,19.084147,3.249271
600988,2025-09-30,18.475393,3.620805
600988,2025-12-31,17.221399,3.595792
600988,2026-03-31,20.307088,4.668182
600988,2026-06-30,11.711782,2.814343
601012,2022-03-31,42.358783,7.699247
601012,2022-06-30,47.925218,9.448126
601012,2022-09-30,29.130753,6.220851
601012,2022-12-31,21.703232,5.146651
601012,2023-03-31,19.469266,4.647413
601012,2023-06-30,12.454297,3.150703
601012,2023-09-30,13.374823,2.879933
601012,2023-12-31,16.238678,2.45414
601012,2024-03-31,31.442713,2.162661
601012,2024-06-30,,1.636533
601012,2024-09-30,,2.101383
601012,2024-12-31,,1.938922
601012,2025-03-31,,2.004744
601012,2025-06-30,,1.937117
601012,2025-09-30,,2.358079
601012,2025-12-31,,2.520899
601012,2026-03-31,,2.55838
601012,2026-06-30,,1.986298
601016,2022-03-31,24.983495,1.877666
601016,2022-06-30,19.262791,1.90753
601016,2022-09-30,15.619015,1.704816
601016,2022-12-31,14.135147,1.487736
601016,2023-03-31,14.495204,1.472897
601016,2023-06-30,14.773203,1.403699
601016,2023-09-30,13.23402,1.229978
601016,2023-12-31,12.243374,1.104804
601016,2024-03-31,11.814943,1.056317
601016,2024-06-30,12.474495,1.080997
601016,2024-09-30,13.783147,1.167331
601016,2024-12-31,14.963697,1.119838
601016,2025-03-31,14.417362,1.020995
601016,2025-06-30,16.591599,1.008362
601016,2025-09-30,21.961792,1.105965
601016,2025-12-31,26.457124,1.04151
601016,2026-03-31,53.950584,1.486907
601016,2026-06-30,58.975645,1.338498
601069,2022-03-31,211.851368,5.135355
601069,2022-06-30,102.956803,4.952504
601069,2022-09-30,46.264495,2.453109
601069,2022-12-31,45.436065,2.310798
601069,2023-03-31,56.624209,2.814983
601069,2023-06-30,56.905532,2.554302
601069,2023-09-30,278.957566,2.658644
601069,2023-12-31,,2.539017
601069,2024-03-31,,2.397985
601069,2024-06-30,,2.394418
601069,2024-09-30,,2.569353
601069,2024-12-31,36.286095,2.265478
601069,2025-03-31,54.298636,3.310419
601069,2025-06-30,50.069813,3.934302
601069,2025-09-30,60.265837,5.977124
601069,2025-12-31,52.519586,5.136999
601069,2026-03-31,29.90336,5.450349
601069,2026-06-30,23.308326,3.899778
601088,2022-03-31,8.732047,1.260133
601088,2022-06-30,8.690208,1.48687
601088,2022-09-30,7.802983,1.342319
601088,2022-12-31,6.720737,1.194965
601088,2023-03-31,6.955335,1.157228
601088,2023-06-30,8.422085,1.351277
601088,2023-09-30,9.007088,1.318156
601088,2023-12-31,8.949871,1.302116
601088,2024-03-31,11.600018,1.555184
601088,2024-06-30,13.452985,1.866307
601088,2024-09-30,12.909446,1.757701
601088,2024-12-31,12.544894,1.714259
601088,2025-03-31,11.739507,1.48567
601088,2025-06-30,12.610992,1.713461
601088,2025-09-30,12.338207,1.57313
601088,2025-12-31,12.817076,1.671394
601088,2026-03-31,16.505148,1.824054
601088,2026-06-30,12.329648,1.539438
601168,2022-03-31,6.544344,1.689836
601168,2022-06-30,5.736552,1.537438
601168,2022-09-30,4.782981,1.172372
601168,2022-12-31,4.781187,1.182282
601168,2023-03-31,6.095377,1.4584
601168,2023-06-30,5.166959,1.345131
601168,2023-09-30,6.343851,1.55786
601168,2023-12-31,8.032875,1.671558
601168,2024-03-31,10.441845,2.142357
601168,2024-06-30,9.031203,2.034926
601168,2024-09-30,8.083643,2.04799
601168,2024-12-31,7.234025,1.682401
601168,2025-03-31,7.16589,1.664742
601168,2025-06-30,6.707046,1.769419
601168,2025-09-30,8.993846,2.163448
601168,2025-12-31,10.706275,2.608412
601168,2026-03-31,8.336768,2.149228
601168,2026-06-30,7.070575,2.100541
601225,2022-03-31,4.184397,1.307361
601225,2022-06-30,3.809004,1.54515
601225,2022-09-30,4.216304,1.593539
601225,2022-12-31,3.39301,1.306097
601225,2023-03-31,3.623014,1.308155
601225,2023-06-30,4.495052,1.27313
601225,2023-09-30,4.590011,1.415453
601225,2024-03-31,7.447123,1.825059
601225,2023-12-31,5.643442,1.632149
601225,2024-06-30,7.329537,1.924096
601225,2024-09-30,7.662174,1.935127
601225,2024-12-31,6.168562,1.752904
601225,2025-03-31,5.352756,1.39132
601225,2025-06-30,5.948533,1.399169
601225,2025-09-30,6.438128,1.406989
601225,2025-12-31,7.767925,1.504267
601225,2026-03-31,9.435466,1.701251
601225,2026-06-30,6.281663,1.327124
601600,2022-03-31,11.650994,1.318607
601600,2022-06-30,9.099866,1.044795
601600,2022-09-30,10.567484,0.886916
601600,2022-12-31,7.074609,0.874155
601600,2023-03-31,8.255209,1.043083
601600,2023-06-30,8.987656,1.02202
601600,2023-09-30,8.260283,1.122173
601600,2023-12-31,7.691756,0.978787
601600,2024-03-31,9.247023,1.228392
601600,2024-06-30,7.159042,1.205343
601600,2024-09-30,8.295046,1.388734
601600,2024-12-31,6.506111,1.125486
601600,2025-03-31,6.151566,1.086978
601600,2025-06-30,6.294511,0.999438
601600,2025-09-30,6.529036,1.144218
601600,2025-12-31,9.739505,1.710361
601600,2026-03-31,7.489501,1.477474
601600,2026-06-30,4.416949,1.007296
601699,2022-03-31,6.212123,1.343807
601699,2022-06-30,4.318923,1.101718
601699,2022-09-30,4.560662,1.141339
601699,2022-12-31,3.222018,1.024263
601699,2023-03-31,3.935442,1.223463
601699,2023-06-30,3.311645,1.044629
601699,2023-09-30,4.339655,1.152605
601699,2023-12-31,7.066378,1.326243
601699,2024-03-31,8.885949,1.201959
601699,2024-06-30,9.04726,1.128397
601699,2024-09-30,11.561734,1.077383
601699,2024-12-31,14.981144,0.895381
601699,2025-03-31,19.004009,0.735369
601699,2025-06-30,25.602495,0.657858
601699,2025-09-30,66.396647,0.883884
601699,2026-03-31,54.725597,0.852099
601699,2025-12-31,57.570657,0.758444
601699,2026-06-30,32.538259,0.88847
601865,2022-03-31,14.051887,1.972099
601865,2022-06-30,10.984502,1.549152
601865,2022-09-30,9.201635,1.276587
601865,2022-12-31,8.422096,1.274066
601865,2023-03-31,8.379892,1.266892
601865,2023-06-30,9.372097,1.361638
601865,2023-09-30,6.428255,0.754306
601865,2023-12-31,5.680397,0.704103
601865,2024-03-31,5.563504,0.729705
601865,2024-06-30,3.717968,0.524123
601865,2024-09-30,5.657855,0.529324
601865,2024-12-31,11.34995,0.529422
601865,2025-03-31,28.704262,0.47799
601865,2025-06-30,,0.4059
601865,2025-09-30,27.731971,0.453232
601865,2025-12-31,9.246576,0.40591
601865,2026-03-31,8.984136,0.367446
601865,2026-06-30,16.917423,0.282854
601899,2022-03-31,1.265239,0.294231
601899,2022-06-30,0.940492,0.221195
601899,2022-09-30,0.801494,0.172592
601899,2022-12-31,1.063071,0.211556
601899,2023-03-31,1.346355,0.249315
601899,2023-06-30,1.350183,0.223248
601899,2023-09-30,1.322249,0.235592
601899,2023-12-31,1.235999,0.237079
601899,2024-03-31,1.620978,0.298264
601899,2024-06-30,1.451024,0.292054
601899,2024-09-30,1.333825,0.285826
601899,2024-12-31,1.020128,0.226105
601899,2025-03-31,1.089348,0.259341
601899,2025-06-30,1.045683,0.270094
601899,2025-09-30,1.411954,0.344739
601899,2025-12-31,1.436096,0.369542
601899,2026-03-31,1.136972,0.32535
601899,2026-06-30,0.786553,0.24479
601985,2022-03-31,9.500571,1.104659
601985,2022-06-30,8.063289,0.907343
601985,2022-09-30,6.463148,0.74316
601985,2022-12-31,6.932933,0.765298
601985,2023-03-31,7.367533,0.785544
601985,2023-06-30,7.687228,0.889142
601985,2023-09-30,7.425355,0.887
601985,2023-12-31,7.296245,0.869941
601985,2024-03-31,8.830594,1.029351
601985,2024-06-30,10.365077,1.16558
601985,2024-09-30,11.096805,1.124708
601985,2024-12-31,12.959767,1.024628
601985,2025-03-31,11.092177,0.874042
601985,2025-06-30,11.399611,0.886442
601985,2025-09-30,11.383675,0.800404
601985,2025-12-31,9.90025,0.766122
601985,2026-03-31,11.677485,0.783964
601985,2026-06-30,13.288357,0.798024
601991,2022-03-31,,0.579099
601991,2022-06-30,,0.55934
601991,2022-09-30,,0.844218
601991,2022-12-31,,0.676616
601991,2023-03-31,,0.639435
601991,2023-06-30,,0.703556
601991,2023-09-30,18.572006,0.5265
601991,2023-12-31,14.904274,0.506254
601991,2024-03-31,11.448995,0.579618
601991,2024-06-30,10.339265,0.586421
601991,2024-09-30,10.286921,0.577639
601991,2024-12-31,7.691018,0.564207
601991,2025-03-31,6.940385,0.557161
601991,2025-06-30,6.791011,0.568754
601991,2025-09-30,6.373319,0.573192
601991,2025-12-31,6.443947,0.648652
601991,2026-03-31,6.799322,0.709387
601991,2026-06-30,12.241798,1.270951
603659,2022-03-31,45.693629,8.58212
603659,2022-06-30,46.5831,9.694006
603659,2022-09-30,25.967377,5.94259
603659,2022-12-31,21.709619,5.166371
603659,2023-03-31,20.288814,4.71571
603659,2023-06-30,23.694841,4.981771
603659,2023-09-30,21.820087,3.783588
603659,2023-12-31,20.94051,2.389119
603659,2024-03-31,22.169581,2.140238
603659,2024-06-30,17.877111,1.553772
603659,2024-09-30,18.224521,1.628906
603659,2024-12-31,24.563923,1.740104
603659,2025-03-31,27.686184,1.959043
603659,2025-06-30,25.730999,1.977123
603659,2025-09-30,36.488951,3.143521
603659,2025-12-31,22.42574,2.681562
603659,2026-03-31,24.092099,3.066542
603659,2026-06-30,20.365239,2.719856
603993,2022-03-31,3.69752,0.455073
603993,2022-06-30,3.339365,0.441859
603993,2022-09-30,2.741705,0.333373
603993,2022-12-31,2.733054,0.31683
603993,2023-03-31,4.636781,0.424603
603993,2023-06-30,7.703617,0.363141
603993,2023-09-30,7.880175,0.380857
603993,2023-12-31,2.633244,0.312153
603993,2024-03-31,3.393966,0.481264
603993,2024-06-30,2.577508,0.483682
603993,2024-09-30,2.381859,0.481643
603993,2024-12-31,1.858216,0.334259
603993,2025-03-31,1.863335,0.362938
603993,2025-06-30,1.908316,0.406581
603993,2025-09-30,2.995561,0.709168
603993,2025-12-31,3.561651,0.857601
603993,2026-03-31,2.580208,0.683878
603993,2026-06-30,2.301056,0.689231
605117,2022-03-31,59.531467,13.059089
605117,2022-06-30,83.278436,23.077375
605117,2022-09-30,90.818412,29.304213
605117,2022-12-31,51.943769,19.349088
605117,2023-03-31,31.122789,13.401003
605117,2023-06-30,27.51224,13.421161
605117,2023-09-30,15.389797,6.459728
605117,2023-12-31,20.14743,6.897494
605117,2024-03-31,23.678292,6.764346
605117,2024-06-30,26.906087,6.118442
605117,2024-09-30,26.623241,6.989455
605117,2024-12-31,18.484554,5.787662
605117,2025-03-31,18.272586,5.749386
605117,2025-06-30,14.671724,5.076939
605117,2025-09-30,23.979837,7.879137
605117,2025-12-31,24.719803,7.583124
605117,2026-03-31,32.749154,10.322323
605117,2026-06-30,30.985785,11.753104
688005,2022-03-31,53.682114,10.082613
688005,2022-06-30,43.833205,7.794379
688005,2022-09-30,29.637769,4.752997
688005,2022-12-31,22.555301,3.624531
688005,2023-03-31,22.024495,3.49786
688005,2023-06-30,23.537313,2.782069
688005,2023-09-30,18.488065,1.953964
688005,2023-12-31,30.708048,1.876583
688005,2024-03-31,50.685137,1.370766
688005,2024-06-30,44.145671,1.12782
688005,2024-09-30,108.722809,1.421404
688005,2024-12-31,46.369982,1.658701
688005,2025-03-31,45.643261,1.799682
688005,2025-06-30,58.822786,1.761607
688005,2025-09-30,2805.113263,2.778544
688005,2025-12-31,,3.09906
688005,2026-03-31,,2.554609
688005,2026-06-30,,2.70837
688032,2022-03-31,,4.347449
688032,2022-06-30,150.246719,8.03909
688032,2022-09-30,139.451916,9.877529
688032,2022-12-31,98.600208,8.189066
688032,2023-03-31,60.121451,5.655403
688032,2023-06-30,43.675637,4.676675
688032,2023-09-30,39.097832,3.563762
688032,2023-12-31,43.816072,3.526436
688032,2024-03-31,44.392649,2.791104
688032,2024-06-30,40.087154,2.302625
688032,2024-09-30,59.537638,3.302266
688032,2025-03-31,51.715705,2.176733
688032,2024-12-31,40.692791,2.19851
688032,2025-06-30,72.303667,2.104231
688032,2025-09-30,382.168991,2.524072
688032,2025-12-31,,2.183927
688032,2026-03-31,,2.725851
688032,2026-06-30,,1.908541
688063,2022-03-31,52.179829,6.015755
688063,2022-06-30,113.810729,15.020121
688063,2022-09-30,87.274966,16.947532
688063,2022-12-31,38.403052,11.34039
688063,2023-03-31,26.398186,4.375674
688063,2023-06-30,20.454372,3.579316
688063,2023-09-30,17.896179,2.372702
688063,2023-12-31,36.104054,1.953393
688063,2024-03-31,267.383982,1.623727
688063,2024-06-30,,1.052862
688063,2024-09-30,,1.349441
688063,2024-12-31,256.420941,1.068266
688063,2025-03-31,,1.077882
688063,2025-06-30,386.359852,1.212849
688063,2025-09-30,420.035608,1.987026
688063,2025-12-31,179.51407,1.511164
688063,2026-03-31,132.303521,1.970945
688063,2026-06-30,91.881243,1.400636
688223,2022-03-31,,5.145515
688223,2022-06-30,100.788772,6.119815
688223,2022-09-30,79.527825,6.552441
688223,2022-12-31,49.894434,5.488934
688223,2023-03-31,33.221102,4.905595
688223,2023-06-30,23.936106,4.540433
688223,2023-09-30,13.264168,3.041824
688223,2023-12-31,11.914026,2.579906
688223,2024-03-31,11.905869,2.328747
688223,2024-06-30,14.806458,2.12591
688223,2024-09-30,37.958342,2.484348
688223,2025-03-31,,1.996616
688223,2024-12-31,472.25384,2.097134
688223,2025-06-30,,1.681433
688223,2025-09-30,,1.860187
688223,2025-12-31,,2.097984
688223,2026-03-31,,2.334722
688223,2026-06-30,,1.786282
688599,2022-03-31,57.9307,5.543889
688599,2022-06-30,58.224873,5.826543
688599,2022-09-30,47.025181,5.4694
688599,2022-12-31,37.936568,4.81206
688599,2023-03-31,23.023291,3.614102
688599,2023-06-30,15.125559,2.660361
688599,2023-09-30,9.660319,1.827908
688599,2023-12-31,10.339245,1.696886
688599,2024-03-31,11.135656,1.383352
688599,2024-06-30,13.27169,1.021264
688599,2024-09-30,,1.417716
688599,2024-12-31,,1.304566
688599,2025-03-31,,1.178747
688599,2025-06-30,,1.085365
688599,2025-09-30,,1.389068
688599,2025-12-31,,1.461109
688599,2026-03-31,,1.507679
688599,2026-06-30,,1.292395
688772,2022-03-31,,5.414973
688772,2022-06-30,79.640939,5.459118
688772,2022-09-30,116.002947,3.987159
688772,2022-12-31,359.354049,3.136263
688772,2023-03-31,,3.232773
688772,2023-06-30,250.787251,3.319199
688772,2023-09-30,123.835803,2.864099
688772,2023-12-31,125.358628,3.413906
688772,2024-03-31,46.986569,2.112596
688772,2024-06-30,133.682183,2.402855
688772,2024-09-30,120.177476,2.710416
688772,2024-12-31,63.057333,2.494498
688772,2025-03-31,69.555643,2.348018
688772,2025-06-30,48.637962,2.0987
688772,2025-09-30,61.083094,3.339855
688772,2025-12-31,61.911242,2.930318
688772,2026-03-31,47.594578,2.151361
688772,2026-06-30,189.702934,2.863996
