,600547,600489,601899,002155,000975,600988,601069,518880.SH,159562.SZ,000300.SH
2025-07-24,30.39,14.73,19.1,18.28,18.62,23.73,19.74,7.42,1.64,4.1
2025-07-25,30.2,14.46,18.83,18.63,18.33,23.43,19.66,7.41,1.62,4.08
2025-07-28,29.73,14.35,18.78,17.99,17.94,23.06,19.52,7.39,1.6,4.09
2025-07-29,29.45,14.22,18.57,18.02,17.88,22.99,19.29,7.36,1.6,4.11
2025-07-30,29.61,14.27,18.8,18.04,18.01,22.93,19.31,7.38,1.6,4.11
2025-07-31,28.91,13.86,18.13,17.47,17.43,22.57,18.86,7.35,1.56,4.03
2025-08-01,29.04,13.99,18.24,17.43,17.53,22.53,18.91,7.35,1.56,4.01
2025-08-04,31.04,14.42,18.86,17.98,18.34,24.23,19.8,7.45,1.63,4.03
2025-08-05,31.3,14.32,18.85,18.18,18.05,24.32,19.35,7.46,1.63,4.06
2025-08-06,31.8,14.37,19.14,18.42,18.31,24.42,19.39,7.47,1.65,4.07
2025-08-07,32.34,14.51,19.28,18.63,18.37,25.23,19.95,7.48,1.68,4.07
2025-08-08,32.42,14.57,19.52,18.75,18.44,25.58,20.28,7.51,1.7,4.06
2025-08-11,30.82,14.16,19.23,18.13,17.96,24.2,19.37,7.43,1.66,4.08
2025-08-12,31.09,14.11,19.28,18.06,17.93,24.26,19.29,7.4,1.66,4.11
2025-08-13,31.14,14.3,20.0,18.94,17.97,24.62,19.39,7.42,1.69,4.14
2025-08-14,31.02,14.2,20.15,18.71,17.73,24.32,19.14,7.42,1.68,4.13
2025-08-15,30.8,14.16,20.27,18.95,17.67,24.26,19.1,7.4,1.69,4.17
2025-08-18,30.43,14.04,19.78,18.81,17.62,24.11,19.04,7.41,1.68,4.2
2025-08-19,30.07,13.9,19.31,18.63,17.58,23.87,18.85,7.39,1.65,4.18
2025-08-20,30.21,13.97,19.54,19.37,17.89,24.06,18.91,7.37,1.68,4.24
2025-08-21,30.09,14.06,19.58,19.8,17.78,23.91,18.8,7.39,1.67,4.25
2025-08-22,30.27,14.04,19.64,19.81,17.76,24.0,18.7,7.38,1.67,4.36
2025-08-25,31.5,14.69,21.19,20.85,18.44,24.98,19.13,7.43,1.74,4.44
2025-08-26,32.12,14.81,21.37,20.6,18.66,25.25,19.25,7.45,1.76,4.42
2025-08-27,31.68,14.63,21.51,19.85,18.36,24.49,18.76,7.45,1.69,4.35
2025-08-28,32.53,14.81,21.5,20.16,18.52,24.76,18.91,7.47,1.76,4.44
2025-08-29,32.91,15.51,22.06,20.37,19.15,25.65,19.76,7.49,1.81,4.48
2025-09-01,35.48,17.11,23.36,22.44,20.39,27.73,21.75,7.65,1.95,4.49
2025-09-02,35.45,17.3,23.39,21.99,20.16,27.49,23.94,7.67,1.94,4.47
2025-09-03,36.24,17.71,23.92,21.79,20.26,27.7,26.35,7.77,1.96,4.43
2025-09-04,35.8,17.13,22.85,20.45,19.87,26.24,26.95,7.75,1.9,4.33
2025-09-05,37.23,17.69,24.25,21.23,20.43,27.53,29.66,7.78,1.98,4.43
2025-09-08,36.73,17.71,23.62,21.78,20.27,27.68,27.94,7.85,1.96,4.43
2025-09-09,39.09,18.64,24.17,22.93,21.32,30.48,30.75,7.97,2.06,4.41
2025-09-10,38.12,18.63,24.16,22.37,20.61,29.93,33.04,7.95,2.04,4.42
2025-09-11,37.59,18.53,24.69,22.51,20.79,29.45,31.83,7.92,2.04,4.54
2025-09-12,37.53,18.84,24.63,23.11,20.85,29.43,31.19,7.95,2.07,4.5
2025-09-15,37.53,18.6,24.48,22.32,20.52,28.98,30.48,7.93,2.04,4.51
2025-09-16,37.3,18.79,24.3,22.6,20.84,29.26,31.36,8.03,2.04,4.5
2025-09-17,36.98,18.22,24.05,21.94,20.55,28.18,29.7,7.96,2.01,4.53
2025-09-18,35.65,17.59,23.4,20.94,19.88,27.08,27.89,7.86,1.94,4.47
2025-09-19,36.05,17.8,24.0,20.99,19.78,27.28,28.21,7.9,1.97,4.48
2025-09-22,38.03,19.52,24.35,21.65,20.47,28.48,30.64,8.05,2.04,4.5
2025-09-23,38.92,19.91,24.8,21.41,20.98,28.63,31.05,8.14,2.07,4.5
2025-09-24,39.34,20.05,24.91,21.88,21.27,28.87,30.73,8.19,2.06,4.54
2025-09-25,37.45,19.98,26.25,21.27,20.68,27.91,29.58,8.15,2.06,4.57
2025-09-26,37.77,20.09,26.38,21.13,20.58,27.78,29.28,8.16,2.06,4.53
2025-09-29,38.55,20.66,27.75,21.56,21.84,28.68,29.66,8.26,2.13,4.61
2025-09-30,38.88,21.47,28.64,22.14,22.35,29.26,29.74,8.34,2.18,4.62
2025-10-09,42.8,23.66,31.58,23.33,24.0,31.78,32.73,8.73,2.37,4.69
2025-10-10,40.8,23.14,30.07,22.19,23.04,29.54,29.75,8.6,2.27,4.6
2025-10-13,43.15,25.04,30.5,23.17,24.2,31.78,32.74,8.86,2.34,4.57
2025-10-14,42.44,24.3,28.7,23.0,23.33,30.26,33.84,8.98,2.27,4.52
2025-10-15,41.24,24.74,30.18,23.42,23.72,31.23,34.05,9.19,2.3,4.58
2025-10-16,39.41,23.96,29.67,22.8,23.31,30.81,31.93,9.24,2.27,4.6
2025-10-17,40.05,24.5,29.37,22.56,23.48,30.68,33.1,9.57,2.27,4.5
2025-10-20,37.48,23.17,28.95,21.17,22.37,28.56,29.84,9.27,2.17,4.52
2025-10-21,37.7,23.02,29.25,21.18,22.31,29.15,29.85,9.49,2.18,4.59
2025-10-22,36.55,22.44,28.65,20.23,21.9,28.15,28.37,9.1,2.12,4.57
2025-10-23,36.63,22.15,28.9,19.98,21.71,28.46,28.24,8.99,2.11,4.59
2025-10-24,36.22,21.87,29.23,19.83,21.3,28.56,27.82,8.95,2.11,4.65
2025-10-27,36.34,22.47,30.2,20.12,21.5,29.44,27.98,8.91,2.16,4.7
2025-10-28,35.33,21.67,29.04,19.65,20.87,28.16,27.35,8.6,2.08,4.68
2025-10-29,36.54,22.29,30.16,20.31,21.75,29.29,27.89,8.69,2.16,4.74
2025-10-30,36.03,21.84,30.31,20.0,21.32,29.34,27.47,8.7,2.14,4.7
2025-10-31,35.76,21.71,29.7,21.44,21.21,29.47,27.34,8.79,2.13,4.63
2025-11-03,35.41,21.37,29.2,20.9,20.79,29.6,27.26,8.8,2.09,4.64
2025-11-04,34.05,20.24,27.98,20.23,19.96,28.25,26.29,8.74,2.02,4.61
2025-11-05,34.59,20.39,28.21,20.35,20.18,28.94,27.23,8.71,2.04,4.61
2025-11-06,34.9,20.61,28.9,20.6,20.64,29.38,27.13,8.76,2.07,4.68
2025-11-07,34.93,20.62,29.37,20.63,20.55,29.31,27.12,8.79,2.08,4.67
2025-11-10,36.13,21.01,29.37,21.85,21.02,30.61,27.73,8.94,2.14,4.68
2025-11-11,35.82,20.95,28.82,22.27,20.62,30.26,27.59,9.06,2.12,4.64
2025-11-12,35.28,20.81,28.69,22.61,20.41,30.17,27.19,9.03,2.12,4.64
2025-11-13,36.25,21.56,29.92,22.96,21.01,31.12,27.71,9.18,2.18,4.69
2025-11-14,35.55,21.35,29.22,22.36,20.33,30.3,27.24,9.1,2.14,4.62
2025-11-17,34.84,21.19,28.18,21.94,20.03,29.64,26.58,8.88,2.08,4.59
2025-11-18,34.14,20.43,27.59,21.25,19.61,28.98,25.81,8.78,2.03,4.56
2025-11-19,36.2,22.26,28.54,22.13,20.63,31.03,26.69,8.95,2.12,4.57
2025-11-20,35.5,21.89,28.17,22.18,20.37,30.63,26.24,8.9,2.1,4.55
2025-11-21,34.82,20.98,27.34,21.05,19.87,29.93,25.25,8.83,2.04,4.44
2025-11-24,34.44,20.73,27.2,21.5,19.63,29.45,25.72,8.86,2.04,4.43
2025-11-25,35.32,21.61,27.71,22.11,20.16,30.35,27.06,9.01,2.08,4.47
2025-11-26,35.64,21.72,27.63,21.9,20.19,30.41,26.79,9.01,2.08,4.5
2025-11-27,36.01,21.68,27.8,21.69,20.46,30.76,26.66,9.01,2.08,4.5
2025-11-28,36.18,22.02,27.78,21.88,20.75,31.68,26.96,9.07,2.1,4.51
2025-12-01,36.82,22.41,29.26,22.15,21.95,31.88,27.1,9.16,2.17,4.56
2025-12-02,36.38,22.02,28.94,21.45,21.54,31.29,26.46,9.11,2.15,4.54
2025-12-03,36.03,21.91,29.17,20.99,21.52,30.56,26.04,9.1,2.14,4.52
2025-12-04,35.39,21.67,29.89,20.72,21.41,30.05,25.65,9.06,2.14,4.53
2025-12-05,36.05,22.39,30.52,21.16,21.74,30.72,26.56,9.14,2.19,4.58
2025-12-08,35.46,21.89,30.7,20.87,21.4,30.42,26.12,9.11,2.16,4.61
2025-12-09,34.46,20.85,29.6,20.44,21.06,29.49,25.72,9.05,2.09,4.58
2025-12-10,34.8,21.35,29.95,20.66,21.81,30.0,26.29,9.1,2.12,4.58
2025-12-11,34.7,21.34,30.16,20.43,23.16,30.24,25.7,9.11,2.12,4.54
2025-12-12,35.72,22.14,30.9,20.92,23.8,30.88,27.32,9.23,2.17,4.57
2025-12-15,36.39,22.7,30.61,21.21,24.01,32.37,28.09,9.35,2.19,4.54
2025-12-16,34.83,21.42,29.52,20.14,23.2,30.61,25.94,9.24,2.11,4.5
2025-12-17,35.9,22.16,30.07,20.72,24.29,31.68,26.54,9.31,2.16,4.58
2025-12-18,36.81,22.26,30.17,20.79,24.39,31.94,26.63,9.32,2.18,4.54
2025-12-19,36.14,22.41,30.32,20.95,24.31,31.63,26.31,9.31,2.17,4.57
2025-12-22,37.8,23.39,31.73,21.53,24.57,32.78,27.84,9.51,2.25,4.61
2025-12-23,40.43,23.67,31.29,21.61,24.97,33.04,28.27,9.64,2.28,4.62
2025-12-24,39.8,23.49,31.51,21.32,24.31,32.31,27.58,9.64,2.27,4.63
2025-12-25,38.69,22.74,31.23,20.77,23.6,31.47,26.63,9.57,2.24,4.64
2025-12-26,39.42,22.98,32.73,21.26,24.56,31.95,27.17,9.65,2.29,4.66
2025-12-29,38.37,22.42,31.85,20.96,23.82,31.42,27.36,9.56,2.23,4.64
2025-12-30,38.23,22.91,32.62,21.0,23.79,31.31,27.02,9.36,2.23,4.65
2025-12-31,38.43,22.9,33.67,20.79,23.85,30.92,26.52,9.3,2.23,4.63
2026-01-05,39.91,23.76,34.6,21.41,24.2,31.67,28.13,9.49,2.29,4.72
2026-01-06,40.7,24.26,36.8,21.89,24.54,31.69,28.24,9.58,2.35,4.8
2026-01-07,40.81,24.11,35.92,22.02,24.49,30.69,27.62,9.52,2.32,4.78
2026-01-08,41.1,23.79,35.5,21.8,24.22,30.09,27.66,9.51,2.31,4.74
2026-01-09,43.48,24.47,36.42,22.67,24.96,30.71,28.72,9.59,2.38,4.76
2026-01-26,55.46,32.54,38.7,24.97,37.5,42.37,37.59,10.92,3.08,4.71
2026-01-27,53.97,33.82,39.81,27.5,35.25,42.28,40.08,10.93,3.07,4.71
2026-01-28,59.38,37.25,41.5,30.28,38.21,46.54,44.1,11.28,3.35,4.72
2026-01-29,60.33,40.54,42.65,33.34,38.23,47.68,48.53,11.9,3.41,4.77
2026-01-30,54.27,36.44,39.34,36.7,34.36,42.88,44.56,11.01,3.07,4.71
2026-02-02,48.82,32.75,35.81,33.0,30.88,38.56,40.09,9.91,2.76,4.6
2026-02-03,48.53,32.49,38.01,36.33,31.38,39.46,39.53,10.42,2.88,4.66
2026-02-04,47.41,31.1,38.36,35.62,30.82,38.21,37.44,10.87,2.85,4.71
2026-02-05,45.54,29.46,36.65,32.41,29.98,36.51,35.34,10.52,2.7,4.68
2026-02-06,44.69,29.09,36.39,35.66,29.78,36.69,35.09,10.36,2.7,4.65
2026-02-09,45.27,29.72,37.83,35.11,29.62,36.81,35.03,10.72,2.76,4.73
2026-02-10,44.92,29.51,38.01,33.66,29.61,36.46,34.38,10.67,2.73,4.73
2026-02-11,47.07,30.21,38.68,33.6,30.5,37.9,34.93,10.76,2.8,4.72
2026-02-12,46.67,30.15,38.95,32.81,30.05,37.93,34.36,10.72,2.78,4.73
2026-02-13,45.12,29.05,36.98,32.2,29.05,36.98,33.74,10.57,2.68,4.67
2026-02-24,46.76,30.64,38.52,33.51,30.23,39.01,35.9,10.95,2.84,4.72
2026-02-25,46.92,31.03,38.83,33.63,30.58,38.88,35.73,10.96,2.87,4.75
2026-02-26,46.32,30.61,38.57,33.97,30.2,38.45,35.28,10.91,2.82,4.74
2026-02-27,47.03,31.38,38.75,37.4,30.5,39.6,36.1,10.93,2.88,4.72
2026-03-02,51.75,34.56,39.97,41.17,33.36,43.59,39.73,11.42,3.09,4.74
2026-03-03,49.99,33.2,38.06,40.38,31.23,42.38,40.79,11.26,2.93,4.68
2026-03-04,47.69,31.83,37.16,38.49,31.07,41.26,38.54,10.98,2.83,4.61
2026-03-05,46.57,31.44,36.87,36.57,30.51,40.02,37.05,10.96,2.78,4.65
2026-03-06,45.74,31.06,36.3,36.7,30.01,39.62,36.85,10.87,2.75,4.67
2026-03-09,46.65,30.94,35.6,36.69,31.11,40.23,38.11,10.87,2.75,4.63
2026-03-10,47.14,31.35,36.33,36.19,32.07,40.54,37.48,10.96,2.78,4.68
2026-03-11,46.95,31.57,36.44,35.18,32.67,41.41,37.12,10.97,2.78,4.71
2026-03-12,46.62,30.88,35.95,34.28,32.49,42.03,36.31,10.94,2.73,4.69
2026-03-13,46.23,30.31,34.97,32.68,32.3,40.59,35.14,10.8,2.66,4.68
2026-03-16,43.81,28.91,33.95,31.41,30.1,39.28,33.12,10.66,2.56,4.68
2026-03-17,44.22,28.87,34.1,31.25,30.1,39.69,33.94,10.64,2.57,4.65
2026-03-18,43.45,28.5,34.12,31.19,31.02,40.5,34.16,10.61,2.56,4.66
2026-03-23,36.76,23.45,29.78,27.0,25.58,36.42,29.0,8.94,2.18,4.43
2026-03-24,38.39,24.17,31.4,27.99,26.13,35.8,29.84,9.3,2.31,4.48
2026-03-25,39.28,25.06,32.44,28.63,26.95,38.01,30.29,9.64,2.38,4.54
2026-03-26,37.75,24.58,31.29,27.83,26.37,36.98,29.4,9.45,2.31,4.49
2026-03-27,38.3,25.08,31.67,28.95,27.77,39.48,30.16,9.49,2.37,4.51
2026-03-30,40.41,26.29,31.98,30.1,29.39,42.62,31.11,9.66,2.46,4.5
2026-03-31,39.97,26.25,31.92,30.6,29.2,42.83,31.29,9.7,2.44,4.46
2026-04-01,40.85,26.8,33.35,30.73,30.14,45.03,32.06,10.02,2.52,4.53
2026-04-02,39.75,25.94,32.32,29.03,29.3,44.68,30.89,9.74,2.45,4.49
2026-04-03,39.91,26.22,32.11,28.75,29.52,44.93,30.37,9.83,2.44,4.45
2026-04-07,39.42,25.79,31.61,28.85,28.87,43.37,30.02,9.84,2.42,4.45
2026-04-08,42.21,27.94,33.82,31.77,31.4,47.04,33.04,10.11,2.61,4.6
2026-04-09,40.99,27.32,33.1,30.73,30.79,45.53,35.27,9.91,2.54,4.57
2026-04-10,39.92,26.96,32.95,30.18,30.11,44.76,34.74,9.97,2.52,4.64
2026-04-13,39.22,26.48,32.86,29.3,30.22,43.86,33.94,9.92,2.48,4.65
2026-04-14,39.12,26.38,34.0,29.22,29.92,43.69,33.94,10.01,2.5,4.71
2026-04-15,38.5,26.28,34.11,28.88,29.37,42.98,33.45,10.06,2.49,4.69
2026-04-16,38.97,26.61,34.5,29.44,29.66,43.78,33.78,10.1,2.51,4.75
2026-04-17,38.16,26.44,33.93,29.85,29.25,43.1,32.91,10.03,2.48,4.74
2026-04-20,37.84,26.59,34.02,30.09,29.89,43.92,33.75,10.04,2.51,4.76
2026-04-21,37.52,26.8,34.86,30.58,29.86,44.01,33.67,10.01,2.52,4.78
2026-04-22,36.97,26.74,34.73,31.05,29.32,42.9,33.61,10.0,2.5,4.81
2026-04-23,35.56,25.37,33.6,29.59,27.73,40.85,32.13,9.9,2.41,4.8
2026-04-24,35.56,25.07,33.51,29.21,27.6,40.37,31.74,9.83,2.39,4.78
2026-04-27,35.36,25.27,32.76,28.55,27.45,38.66,31.8,9.9,2.37,4.78
2026-04-28,34.51,24.81,32.15,27.68,26.84,37.05,31.06,9.73,2.31,4.77
2026-04-29,35.12,25.61,33.34,28.69,27.21,38.56,32.1,9.64,2.37,4.82
2026-04-30,34.1,25.5,32.5,28.77,26.05,37.68,32.43,9.68,2.32,4.82
2026-05-06,35.37,26.58,33.41,29.96,27.58,40.79,34.01,9.79,2.42,4.89
2026-05-07,35.69,27.29,33.66,30.1,28.16,42.04,34.02,9.91,2.46,4.91
2026-05-08,36.22,27.76,34.0,30.21,29.23,44.08,35.42,9.88,2.52,4.89
2026-05-11,35.1,26.59,33.47,29.53,28.09,41.72,34.5,9.77,2.45,4.97
2026-05-12,34.55,26.37,33.78,28.94,28.06,40.63,33.68,9.81,2.43,4.96
2026-05-13,34.47,26.36,33.86,28.65,27.84,40.48,33.1,9.8,2.42,5.02
2026-05-14,33.31,25.56,32.72,27.45,27.0,39.36,31.8,9.79,2.34,4.94
2026-05-15,31.62,23.9,31.04,26.02,25.09,37.32,29.63,9.55,2.23,4.88
2026-05-18,30.98,23.33,30.5,25.72,24.4,36.34,29.13,9.51,2.18,4.85
2026-05-19,30.57,23.12,30.36,25.39,24.03,35.94,28.68,9.52,2.15,4.87
2026-05-20,30.17,22.85,29.59,25.21,23.65,35.36,28.22,9.37,2.12,4.87
2026-05-21,29.32,22.32,29.19,24.39,23.37,34.18,27.48,9.45,2.07,4.81
2026-05-22,29.77,22.83,30.16,24.89,23.89,34.83,27.97,9.46,2.12,4.86
2026-05-25,29.78,23.32,30.55,25.17,24.34,35.71,28.22,9.51,2.15,4.94
2026-05-26,31.18,24.2,32.1,25.74,25.37,37.85,30.44,9.45,2.23,4.97
2026-05-27,29.62,23.02,30.82,24.57,23.88,35.74,28.44,9.35,2.13,4.93
2026-05-28,28.68,21.93,29.91,24.34,22.8,34.0,27.64,9.13,2.06,4.93
2026-05-29,28.59,21.96,29.64,23.98,22.46,33.37,27.28,9.4,2.05,4.92
2026-06-01,29.13,22.1,29.39,24.09,22.7,33.5,27.32,9.34,2.06,4.87
2026-06-02,29.65,22.72,30.78,25.34,23.04,34.15,27.74,9.41,2.1,4.94
2026-06-03,29.11,22.67,30.47,25.18,22.82,33.45,27.27,9.28,2.08,4.96
2026-06-04,28.43,22.09,29.54,24.57,22.21,32.23,26.32,9.29,2.02,4.93
2026-06-05,27.77,21.74,28.83,24.15,21.84,31.36,25.9,9.25,1.98,4.84
2026-06-08,26.18,20.31,27.25,22.73,20.3,29.2,24.44,8.95,1.87,4.74
2026-06-09,27.02,20.61,27.67,23.4,20.74,29.37,24.96,9.01,1.89,4.83
2026-06-10,26.33,20.02,26.9,22.68,20.25,28.17,24.34,8.74,1.84,4.78
2026-06-11,26.67,20.18,26.53,23.33,20.52,28.26,24.79,8.51,1.85,4.75
2026-06-12,27.51,21.05,28.29,24.23,21.11,30.37,25.96,8.66,1.96,4.82
2026-06-15,28.38,22.12,30.51,25.65,22.15,32.63,27.14,8.93,2.08,4.92
2026-06-16,27.97,22.06,29.49,26.6,21.65,31.98,26.78,8.95,2.05,4.91
2026-06-17,27.98,22.24,29.63,26.5,21.88,32.5,27.1,8.96,2.05,4.96
2026-06-18,26.63,21.46,28.89,26.66,21.07,30.59,26.28,8.91,2.0,4.98
2026-06-22,27.01,21.8,29.64,29.15,21.28,31.09,26.9,8.72,2.02,5.09
2026-06-23,24.58,19.57,26.95,26.24,19.15,27.98,24.22,8.54,1.87,4.94
2026-06-24,24.48,19.42,26.85,26.06,19.12,28.19,24.23,8.52,1.86,4.97
2026-06-25,23.65,18.43,25.12,25.65,18.04,26.62,23.37,8.29,1.77,5.05
2026-06-26,22.72,17.84,24.68,24.24,17.31,25.93,22.47,8.39,1.72,4.91
2026-06-29,23.27,17.93,25.37,24.35,17.45,26.68,22.55,8.45,1.75,4.96
2026-06-30,22.81,17.59,24.72,23.87,17.0,26.32,22.0,8.38,1.72,5.02
2026-07-01,22.92,17.5,24.69,23.8,16.78,25.81,22.32,8.27,1.72,5.0
2026-07-02,23.9,18.63,25.88,24.56,18.04,28.39,23.55,8.47,1.8,4.85
2026-07-03,25.8,19.88,27.4,25.93,19.84,31.23,25.91,8.67,1.93,4.88
2026-07-06,25.52,20.14,27.86,24.22,20.21,31.6,25.34,8.63,1.9,4.88
2026-07-07,24.49,19.29,27.2,23.06,19.59,30.42,24.58,8.6,1.83,4.83
2026-07-08,24.37,19.42,26.94,22.91,19.45,31.32,25.12,8.59,1.83,4.8
2026-07-09,24.18,19.49,27.2,24.26,19.22,31.35,24.65,8.54,1.83,4.92
2026-07-10,24.86,19.88,27.3,23.76,20.03,32.84,24.9,8.54,1.86,4.83
2026-07-13,23.86,19.21,26.94,22.2,19.52,32.33,23.62,8.42,1.8,4.74
2026-07-14,25.16,20.01,28.64,22.72,19.9,34.95,24.08,8.37,1.88,4.84
2026-07-15,24.59,19.66,28.41,22.21,19.34,33.4,22.96,8.37,1.85,4.84
2026-07-16,24.66,19.53,28.83,21.96,19.3,34.62,23.17,8.36,1.86,4.75
2026-07-17,23.66,18.6,27.94,20.76,18.55,31.74,21.68,8.31,1.77,4.59
2026-07-20,24.32,19.07,28.93,20.83,19.0,32.25,21.88,8.32,1.79,4.65
2026-07-21,25.77,20.32,29.79,22.23,20.47,35.48,22.98,8.47,1.91,4.79
2026-07-22,27.3,21.65,31.78,23.01,22.52,38.22,23.96,8.56,2.01,4.76
2026-07-23,27.32,21.99,32.64,23.34,22.81,38.83,24.08,8.56,2.05,4.79
2026-07-24,25.84,20.9,31.09,22.18,21.8,36.49,22.52,8.38,1.94,4.7
2026-07-27,26.34,21.08,31.35,22.78,22.44,38.14,23.27,8.5,2.0,4.75
2026-07-28,26.5,20.88,31.27,22.31,21.94,37.29,22.9,8.4,1.96,4.63
2026-07-29,27.23,21.28,31.73,22.81,22.45,37.86,24.06,8.39,2.0,4.66
2026-07-30,27.59,21.44,32.28,22.44,23.17,37.17,24.41,8.36,2.0,4.61
2026-07-31,28.1,22.55,32.53,23.05,23.38,39.56,25.45,8.43,2.06,4.65
2026-08-03,27.57,22.08,32.13,22.81,22.83,38.86,25.47,8.42,2.04,4.6
2026-08-04,26.98,21.8,31.7,23.04,22.56,37.75,25.4,8.41,2.03,4.65
2026-08-05,28.85,23.79,33.68,24.68,24.22,40.84,26.98,8.64,2.18,4.71
2026-08-06,29.86,24.65,34.08,25.15,25.46,41.3,28.6,8.79,2.22,4.71
2026-08-07,30.38,25.64,34.73,25.78,26.35,42.09,28.51,8.89,2.29,4.75
2026-08-10,31.37,26.16,35.03,27.08,27.14,43.73,30.28,9.01,2.36,4.76
2026-08-11,29.95,24.49,32.76,25.7,25.96,40.3,28.72,9.01,2.23,4.73
2026-08-12,30.92,25.1,33.16,25.87,26.48,40.98,28.9,9.1,2.26,4.75
2026-08-13,29.4,24.31,31.79,24.73,25.31,38.66,27.54,9.04,2.16,4.73
2026-08-14,29.24,24.27,32.11,24.65,25.77,39.78,28.0,8.95,2.17,4.73
2026-08-17,30.0,25.48,32.94,25.1,26.92,40.78,28.4,9.07,2.25,4.8
2026-08-18,30.51,25.35,33.14,25.02,26.97,42.21,28.5,9.08,2.26,4.79
2026-08-19,32.5,25.19,32.34,24.56,26.8,42.72,29.46,8.97,2.25,4.65
2026-08-27,34.89,26.69,34.57,27.02,27.4,48.22,30.71,9.45,2.45,4.69
