date,alpha_momentum_20d_1309,alpha_momentum_20d_300475,alpha_momentum_20d_301308,alpha_momentum_20d_688008,alpha_momentum_20d_688525,alpha_volatility_20d_1309,alpha_volatility_20d_300475,alpha_volatility_20d_301308,alpha_volatility_20d_688008,alpha_volatility_20d_688525,alpha_supply_chain_score_1309,alpha_supply_chain_score_300475,alpha_supply_chain_score_301308,alpha_supply_chain_score_688008,alpha_supply_chain_score_688525,alpha_chokepoint_moat_1309,alpha_chokepoint_moat_300475,alpha_chokepoint_moat_301308,alpha_chokepoint_moat_688008,alpha_chokepoint_moat_688525
2025-06-09,0.0,0.0,0.0,0.0,0.0,0.3162,0.3162,0.3162,0.3162,0.3162,0.7565,0.7565,0.7565,0.7565,0.7565,0.88,0.72,0.72,0.72,0.88
2025-06-10,0.0,0.0,0.0,0.0,0.0,0.3162,0.3162,0.3162,0.3162,0.3162,0.7547,0.7547,0.7547,0.7547,0.7547,0.88,0.72,0.72,0.72,0.88
2025-06-11,0.0,0.0,0.0,0.0,0.0,0.3957,0.4961,0.4694,0.3108,0.4454,0.7542,0.7542,0.7542,0.7542,0.7542,0.88,0.72,0.72,0.72,0.88
2025-06-12,0.0,0.0,0.0,0.0,0.0,0.3373,0.4005,0.3335,0.2203,0.3173,0.7537,0.7537,0.7537,0.7537,0.7537,0.88,0.72,0.72,0.72,0.88
2025-06-13,0.0,0.0,0.0,0.0,0.0,0.3557,0.3333,0.343,0.2282,0.2659,0.753,0.753,0.753,0.753,0.753,0.88,0.72,0.72,0.72,0.88
2025-06-16,0.0,0.0,0.0,0.0,0.0,0.3192,0.4039,0.3143,0.2507,0.3123,0.7519,0.7519,0.7519,0.7519,0.7519,0.88,0.72,0.72,0.72,0.88
2025-06-17,0.0,0.0,0.0,0.0,0.0,0.4463,0.4013,0.5623,0.24,0.4591,0.7525,0.7525,0.7525,0.7525,0.7525,0.88,0.72,0.72,0.72,0.88
2025-06-18,0.0,0.0,0.0,0.0,0.0,0.4602,0.4935,0.5781,0.2453,0.4648,0.7537,0.7537,0.7537,0.7537,0.7537,0.88,0.72,0.72,0.72,0.88
2025-06-19,0.0,0.0,0.0,0.0,0.0,0.4654,0.482,0.5517,0.2423,0.4362,0.755,0.755,0.755,0.755,0.755,0.88,0.72,0.72,0.72,0.88
2025-06-20,0.0,0.0,0.0,0.0,0.0,0.5331,0.4804,0.5163,0.2298,0.416,0.7564,0.7564,0.7564,0.7564,0.7564,0.88,0.72,0.72,0.72,0.88
2025-06-23,0.0,0.0,0.0,0.0,0.0,0.5046,0.4561,0.488,0.298,0.418,0.7581,0.7581,0.7581,0.7581,0.7581,0.88,0.72,0.72,0.72,0.88
2025-06-24,0.0,0.0,0.0,0.0,0.0,0.4787,0.4353,0.4632,0.2992,0.4001,0.7593,0.7593,0.7593,0.7593,0.7593,0.88,0.72,0.72,0.72,0.88
2025-06-25,0.0,0.0,0.0,0.0,0.0,0.469,0.4159,0.4416,0.3113,0.3886,0.7602,0.7602,0.7602,0.7602,0.7602,0.88,0.72,0.72,0.72,0.88
2025-06-26,0.0,0.0,0.0,0.0,0.0,0.4702,0.4251,0.4247,0.3008,0.3813,0.7611,0.7611,0.7611,0.7611,0.7611,0.88,0.72,0.72,0.72,0.88
2025-06-27,0.0,0.0,0.0,0.0,0.0,0.4524,0.411,0.4149,0.291,0.3772,0.7627,0.7627,0.7627,0.7627,0.7627,0.88,0.72,0.72,0.72,0.88
2025-06-30,0.0,0.0,0.0,0.0,0.0,0.4715,0.3966,0.4079,0.3004,0.3648,0.7638,0.7638,0.7638,0.7638,0.7638,0.88,0.72,0.72,0.72,0.88
2025-07-01,0.0,0.0,0.0,0.0,0.0,0.4558,0.3925,0.4239,0.2903,0.3525,0.7646,0.7646,0.7646,0.7646,0.7646,0.88,0.72,0.72,0.72,0.88
2025-07-02,0.0,0.0,0.0,0.0,0.0,0.455,0.3973,0.4281,0.2914,0.3604,0.7644,0.7644,0.7644,0.7644,0.7644,0.88,0.72,0.72,0.72,0.88
2025-07-03,0.0,0.0,0.0,0.0,0.0,0.4567,0.4233,0.425,0.3014,0.3497,0.7646,0.7646,0.7646,0.7646,0.7646,0.88,0.72,0.72,0.72,0.88
2025-07-04,0.0,0.0,0.0,0.0,0.0,0.4545,0.4143,0.4312,0.2942,0.3507,0.7638,0.7638,0.7638,0.7638,0.7638,0.88,0.72,0.72,0.72,0.88
2025-07-07,0.0076,0.0817,0.118,-0.0436,0.0374,0.4425,0.4054,0.4261,0.2915,0.343,0.7628,0.7628,0.7628,0.7628,0.7628,0.88,0.72,0.72,0.72,0.88
2025-07-08,0.0241,0.0962,0.1628,0.0134,0.0927,0.4364,0.3988,0.4113,0.3036,0.316,0.762,0.762,0.762,0.762,0.762,0.88,0.72,0.72,0.72,0.88
2025-07-09,0.0119,0.0347,0.1196,-0.0128,0.0789,0.4333,0.4089,0.4216,0.315,0.3193,0.7617,0.7617,0.7617,0.7617,0.7617,0.88,0.72,0.72,0.72,0.88
2025-07-10,-0.0492,-0.0172,0.0997,-0.0057,0.1033,0.454,0.4099,0.4296,0.3133,0.3149,0.7615,0.7615,0.7615,0.7615,0.7615,0.88,0.72,0.72,0.72,0.88
2025-07-11,-0.05,-0.0352,0.1475,0.0514,0.146,0.4544,0.4029,0.4112,0.3094,0.3006,0.7621,0.7621,0.7621,0.7621,0.7621,0.88,0.72,0.72,0.72,0.88
2025-07-14,-0.0335,0.0003,0.1381,0.0401,0.1235,0.4646,0.3938,0.4127,0.3098,0.303,0.7627,0.7627,0.7627,0.7627,0.7627,0.88,0.72,0.72,0.72,0.88
2025-07-15,-0.0863,-0.0237,0.0709,0.0701,0.0495,0.4175,0.3762,0.3412,0.3268,0.2792,0.7624,0.7624,0.7624,0.7624,0.7624,0.88,0.72,0.72,0.72,0.88
2025-07-16,-0.1193,-0.0673,0.0369,0.0551,0.0072,0.3786,0.2941,0.2981,0.3269,0.2575,0.7622,0.7622,0.7622,0.7622,0.7622,0.88,0.72,0.72,0.72,0.88
2025-07-17,-0.1008,-0.0405,0.0481,0.0616,0.0233,0.3761,0.3036,0.2943,0.3293,0.2562,0.7619,0.7619,0.7619,0.7619,0.7619,0.88,0.72,0.72,0.72,0.88
2025-07-18,-0.0717,-0.0652,0.0171,0.0505,0.0096,0.3439,0.3317,0.3069,0.3313,0.2697,0.7607,0.7607,0.7607,0.7607,0.7607,0.88,0.72,0.72,0.72,0.88
2025-07-21,-0.0727,-0.0688,0.0009,0.0762,-0.0065,0.344,0.3314,0.3013,0.2964,0.252,0.7599,0.7599,0.7599,0.7599,0.7599,0.88,0.72,0.72,0.72,0.88
2025-07-22,-0.1052,-0.084,-0.0085,0.0544,-0.032,0.3567,0.3341,0.3003,0.2966,0.2481,0.7593,0.7593,0.7593,0.7593,0.7593,0.88,0.72,0.72,0.72,0.88
2025-07-23,-0.0754,-0.0902,-0.0124,0.0342,-0.0513,0.4127,0.3297,0.2989,0.2878,0.2339,0.759,0.759,0.759,0.759,0.759,0.88,0.72,0.72,0.72,0.88
2025-07-24,-0.0465,-0.0638,0.0372,0.049,-0.0198,0.4038,0.3227,0.3498,0.283,0.2432,0.7589,0.7589,0.7589,0.7589,0.7589,0.88,0.72,0.72,0.72,0.88
2025-07-25,-0.008,-0.0479,0.0268,0.0559,-0.0404,0.4269,0.3278,0.342,0.2846,0.2231,0.7594,0.7594,0.7594,0.7594,0.7594,0.88,0.72,0.72,0.72,0.88
2025-07-28,0.0246,-0.0479,-0.0178,0.0488,-0.0439,0.3997,0.3278,0.3289,0.2791,0.2233,0.7596,0.7596,0.7596,0.7596,0.7596,0.88,0.72,0.72,0.72,0.88
2025-07-29,0.0247,-0.0237,0.0706,0.0614,-0.0306,0.3997,0.3264,0.3764,0.2809,0.2351,0.7604,0.7604,0.7604,0.7604,0.7604,0.88,0.72,0.72,0.72,0.88
2025-07-30,-0.0211,-0.0056,0.0911,0.0872,-0.014,0.3925,0.3146,0.3649,0.2657,0.2205,0.7611,0.7611,0.7611,0.7611,0.7611,0.88,0.72,0.72,0.72,0.88
2025-07-31,0.0139,-0.0595,0.041,0.0333,-0.0413,0.3767,0.2541,0.3571,0.2729,0.2367,0.7608,0.7608,0.7608,0.7608,0.7608,0.88,0.72,0.72,0.72,0.88
2025-08-01,0.0168,-0.0603,0.0509,0.007,-0.0227,0.3794,0.2544,0.3491,0.2985,0.2269,0.7604,0.7604,0.7604,0.7604,0.7604,0.88,0.72,0.72,0.72,0.88
2025-08-04,0.0205,-0.0301,0.0712,0.0489,-0.0135,0.3799,0.2721,0.3436,0.3024,0.2261,0.7601,0.7601,0.7601,0.7601,0.7601,0.88,0.72,0.72,0.72,0.88
2025-08-05,0.0165,-0.0231,0.0643,0.0275,-0.0393,0.3808,0.2723,0.3417,0.2828,0.2202,0.7592,0.7592,0.7592,0.7592,0.7592,0.88,0.72,0.72,0.72,0.88
2025-08-06,0.0083,0.0288,0.0895,0.1236,-0.0114,0.3812,0.2588,0.33,0.354,0.2324,0.7589,0.7589,0.7589,0.7589,0.7589,0.88,0.72,0.72,0.72,0.88
2025-08-07,0.0579,0.08,0.1003,0.1513,-0.009,0.3454,0.2484,0.323,0.3571,0.2342,0.7594,0.7594,0.7594,0.7594,0.7594,0.88,0.72,0.72,0.72,0.88
2025-08-08,0.1058,0.044,0.0855,0.101,-0.0577,0.3347,0.2793,0.322,0.3588,0.2536,0.7592,0.7592,0.7592,0.7592,0.7592,0.88,0.72,0.72,0.72,0.88
2025-08-11,0.1282,0.0591,0.1085,0.0989,-0.0073,0.3599,0.289,0.3245,0.3595,0.3083,0.7599,0.7599,0.7599,0.7599,0.7599,0.88,0.72,0.72,0.72,0.88
2025-08-12,0.1553,0.0924,0.1145,0.0574,0.0193,0.3607,0.3166,0.3252,0.3479,0.297,0.761,0.761,0.761,0.761,0.761,0.88,0.72,0.72,0.72,0.88
2025-08-13,0.1236,0.0448,0.0756,0.0615,0.0367,0.3739,0.3304,0.3323,0.3471,0.2956,0.7618,0.7618,0.7618,0.7618,0.7618,0.88,0.72,0.72,0.72,0.88
2025-08-14,0.1086,0.0017,0.0856,0.0312,-0.0108,0.3791,0.3357,0.3322,0.3487,0.3282,0.7614,0.7614,0.7614,0.7614,0.7614,0.88,0.72,0.72,0.72,0.88
2025-08-15,0.1287,0.0724,0.1278,0.0863,0.0496,0.3701,0.3076,0.3184,0.38,0.3343,0.7625,0.7625,0.7625,0.7625,0.7625,0.88,0.72,0.72,0.72,0.88
2025-08-18,0.1403,0.1079,0.1259,0.0938,0.0575,0.3672,0.3197,0.3189,0.3748,0.3385,0.7631,0.7631,0.7631,0.7631,0.7631,0.88,0.72,0.72,0.72,0.88
2025-08-19,0.151,0.1164,0.1167,0.0759,0.0633,0.356,0.3141,0.3229,0.3859,0.3361,0.7635,0.7635,0.7635,0.7635,0.7635,0.88,0.72,0.72,0.72,0.88
2025-08-20,0.0916,0.1184,0.1376,0.1126,0.0739,0.2956,0.3144,0.3298,0.4027,0.3368,0.7639,0.7639,0.7639,0.7639,0.7639,0.88,0.72,0.72,0.72,0.88
2025-08-21,0.1481,0.1587,0.0851,0.0903,0.044,0.3459,0.3372,0.2858,0.4113,0.334,0.765,0.765,0.765,0.765,0.765,0.88,0.72,0.72,0.72,0.88
2025-08-22,0.1337,0.1688,0.109,0.1727,0.0917,0.3339,0.3405,0.3086,0.5052,0.3745,0.7665,0.7665,0.7665,0.7665,0.7665,0.88,0.72,0.72,0.72,0.88
2025-08-25,0.1539,0.2008,0.1269,0.1875,0.0886,0.3278,0.347,0.3001,0.5098,0.3756,0.7673,0.7673,0.7673,0.7673,0.7673,0.88,0.72,0.72,0.72,0.88
2025-08-26,0.1349,0.2713,0.0853,0.1921,0.064,0.3358,0.4054,0.2324,0.5103,0.372,0.7682,0.7682,0.7682,0.7682,0.7682,0.88,0.72,0.72,0.72,0.88
2025-08-27,0.1391,0.2332,0.0792,0.2423,0.084,0.3325,0.4369,0.2357,0.5244,0.3705,0.7692,0.7692,0.7692,0.7692,0.7692,0.88,0.72,0.72,0.72,0.88
2025-08-28,0.1476,0.2298,0.106,0.3847,0.1433,0.3328,0.4385,0.2245,0.5684,0.3621,0.7709,0.7709,0.7709,0.7709,0.7709,0.88,0.72,0.72,0.72,0.88
2025-08-29,0.073,0.2603,0.0875,0.4989,0.1103,0.3576,0.4326,0.251,0.5446,0.3843,0.7709,0.7709,0.7709,0.7709,0.7709,0.88,0.72,0.72,0.72,0.88
2025-09-01,0.1525,0.369,0.1356,0.4793,0.1509,0.4511,0.561,0.2977,0.5456,0.4017,0.7719,0.7719,0.7719,0.7719,0.7719,0.88,0.72,0.72,0.72,0.88
2025-09-02,0.086,0.2784,0.0568,0.3575,0.0939,0.5167,0.6273,0.3835,0.6346,0.4634,0.7715,0.7715,0.7715,0.7715,0.7715,0.88,0.72,0.72,0.72,0.88
2025-09-03,0.0527,0.2564,0.0322,0.2385,0.0511,0.5346,0.6275,0.3926,0.6195,0.4671,0.7705,0.7705,0.7705,0.7705,0.7705,0.88,0.72,0.72,0.72,0.88
2025-09-04,-0.0115,0.1098,-0.0186,0.1071,-0.0253,0.5749,0.7337,0.4437,0.707,0.5153,0.7674,0.7674,0.7674,0.7674,0.7674,0.88,0.72,0.72,0.72,0.88
2025-09-05,0.0665,0.2379,0.0584,0.1878,0.1392,0.6736,0.7625,0.5237,0.7211,0.6755,0.7678,0.7678,0.7678,0.7678,0.7678,0.88,0.72,0.72,0.72,0.88
2025-09-08,0.0191,0.4183,0.0771,0.205,0.0917,0.6534,0.9533,0.5342,0.7189,0.6592,0.7674,0.7674,0.7674,0.7674,0.7674,0.88,0.72,0.72,0.72,0.88
2025-09-09,-0.0307,0.4474,0.0216,0.1986,0.0347,0.6591,0.9623,0.5561,0.7208,0.6863,0.7672,0.7672,0.7672,0.7672,0.7672,0.88,0.72,0.72,0.72,0.88
2025-09-10,0.0116,0.4937,0.0292,0.2674,0.0265,0.6597,0.9486,0.5534,0.7385,0.686,0.7675,0.7675,0.7675,0.7675,0.7675,0.88,0.72,0.72,0.72,0.88
2025-09-11,0.0768,0.8349,0.0811,0.3221,0.1705,0.6807,1.1224,0.5896,0.7337,0.7429,0.7714,0.7714,0.7714,0.7714,0.7714,0.88,0.72,0.72,0.72,0.88
2025-09-12,0.1844,1.048,0.2136,0.2727,0.2143,0.7599,1.1891,0.759,0.725,0.7717,0.7743,0.7743,0.7743,0.7743,0.7743,0.88,0.72,0.72,0.72,0.88
2025-09-15,0.2675,1.0339,0.2189,0.279,0.1762,0.793,1.19,0.7583,0.7229,0.7745,0.7768,0.7768,0.7768,0.7768,0.7768,0.88,0.72,0.72,0.72,0.88
2025-09-16,0.3805,1.0424,0.2753,0.3469,0.1909,0.8013,1.188,0.7586,0.7113,0.7727,0.7806,0.7806,0.7806,0.7806,0.7806,0.88,0.72,0.72,0.72,0.88
2025-09-17,0.4382,1.1087,0.2391,0.2845,0.1712,0.8071,1.1833,0.7599,0.7133,0.7748,0.7844,0.7844,0.7844,0.7844,0.7844,0.88,0.72,0.72,0.72,0.88
2025-09-18,0.3284,0.952,0.228,0.3072,0.1566,0.8102,1.2145,0.762,0.7057,0.7797,0.7853,0.7853,0.7853,0.7853,0.7853,0.88,0.72,0.72,0.72,0.88
2025-09-19,0.4272,0.9612,0.3279,0.218,0.1315,0.8639,1.2139,0.8552,0.6512,0.7677,0.7852,0.7852,0.7852,0.7852,0.7852,0.88,0.72,0.72,0.72,0.88
2025-09-22,0.5594,1.1561,0.4593,0.2299,0.2051,0.9082,1.2577,0.9038,0.6559,0.7845,0.7869,0.7869,0.7869,0.7869,0.7869,0.88,0.72,0.72,0.72,0.88
2025-09-23,0.7392,0.9181,0.4665,0.2205,0.2522,0.935,1.2934,0.904,0.6557,0.7877,0.7894,0.7894,0.7894,0.7894,0.7894,0.88,0.72,0.72,0.72,0.88
2025-09-24,0.8823,1.0315,0.5482,0.257,0.3196,0.9289,1.2664,0.9008,0.6856,0.8095,0.794,0.794,0.794,0.794,0.794,0.88,0.72,0.72,0.72,0.88
2025-09-25,0.8122,0.9448,0.4635,0.1634,0.2464,0.95,1.2963,0.9333,0.628,0.8226,0.7982,0.7982,0.7982,0.7982,0.7982,0.88,0.72,0.72,0.72,0.88
2025-09-26,0.8303,0.8498,0.4821,0.0834,0.2795,0.9413,1.3186,0.925,0.6224,0.8101,0.8016,0.8016,0.8016,0.8016,0.8016,0.88,0.72,0.72,0.72,0.88
2025-09-29,0.8281,0.7986,0.4863,0.1572,0.3037,0.9404,1.2987,0.9263,0.6764,0.8211,0.8052,0.8052,0.8052,0.8052,0.8052,0.88,0.72,0.72,0.72,0.88
2025-09-30,1.1504,1.0803,0.9035,0.3432,0.5163,0.8964,1.2585,1.0704,0.6508,0.8175,0.8108,0.8108,0.8108,0.8108,0.8108,0.88,0.72,0.72,0.72,0.88
2025-10-09,1.265,1.2429,1.0335,0.3985,0.5825,0.8571,1.2587,1.0507,0.6328,0.8027,0.8154,0.8154,0.8154,0.8154,0.8154,0.88,0.72,0.72,0.72,0.88
2025-10-10,1.2849,1.5408,1.0843,0.4616,0.5219,0.8448,1.1492,1.0256,0.5558,0.8605,0.8174,0.8174,0.8174,0.8174,0.8174,0.88,0.72,0.72,0.72,0.88
2025-10-13,1.0027,1.1555,0.9646,0.3676,0.4363,0.8607,1.2363,1.0181,0.5519,0.7826,0.8216,0.8216,0.8216,0.8216,0.8216,0.88,0.72,0.72,0.72,0.88
2025-10-14,0.8315,0.7501,0.7404,0.3464,0.4542,0.9548,1.1717,1.1005,0.5576,0.7805,0.8246,0.8246,0.8246,0.8246,0.8246,0.88,0.72,0.72,0.72,0.88
2025-10-15,0.9275,0.6781,0.8302,0.3409,0.5277,0.9275,1.1671,1.0721,0.5605,0.7424,0.8247,0.8247,0.8247,0.8247,0.8247,0.88,0.72,0.72,0.72,0.88
2025-10-16,1.0743,0.9492,0.9833,0.2687,0.6617,0.954,1.2609,1.0678,0.5402,0.7718,0.8269,0.8269,0.8269,0.8269,0.8269,0.88,0.72,0.72,0.72,0.88
2025-10-17,0.8373,0.5597,0.8331,0.1763,0.3939,1.0248,1.1297,1.0829,0.5738,0.8153,0.8296,0.8296,0.8296,0.8296,0.8296,0.88,0.72,0.72,0.72,0.88
2025-10-20,0.6515,0.3036,0.622,0.1441,0.2957,1.0036,1.0605,1.0095,0.5833,0.7928,0.83,0.83,0.83,0.83,0.83,0.88,0.72,0.72,0.72,0.88
2025-10-21,0.6066,0.39,0.64,0.1873,0.3758,0.9908,1.0932,1.0069,0.5846,0.7964,0.8316,0.8316,0.8316,0.8316,0.8316,0.88,0.72,0.72,0.72,0.88
2025-10-22,0.511,0.4338,0.575,0.1341,0.3269,0.9835,1.09,1.0127,0.5874,0.8124,0.8321,0.8321,0.8321,0.8321,0.8321,0.88,0.72,0.72,0.72,0.88
2025-10-23,0.5013,0.3565,0.6634,0.1477,0.3543,0.9815,1.0926,1.0108,0.584,0.8084,0.8302,0.8302,0.8302,0.8302,0.8302,0.88,0.72,0.72,0.72,0.88
2025-10-24,0.6943,0.6905,0.9558,0.23,0.5315,1.0016,1.2477,1.1163,0.624,0.8558,0.8351,0.8351,0.8351,0.8351,0.8351,0.88,0.72,0.72,0.72,0.88
2025-10-27,0.6941,0.7251,1.0874,0.2551,0.5998,1.0014,1.2493,1.221,0.6292,0.8741,0.843,0.843,0.843,0.843,0.843,0.88,0.72,0.72,0.72,0.88
2025-10-28,0.4912,0.4643,0.8345,0.1946,0.4744,0.9855,1.2142,1.2253,0.6259,0.8841,0.8481,0.8481,0.8481,0.8481,0.8481,0.88,0.72,0.72,0.72,0.88
2025-10-29,0.3912,0.5697,0.8968,0.2162,0.4903,0.942,1.1852,1.2286,0.6286,0.8874,0.8562,0.8562,0.8562,0.8562,0.8562,0.88,0.72,0.72,0.72,0.88
2025-10-30,0.2428,0.5137,0.8817,0.1208,0.457,0.9507,1.1944,1.228,0.5822,0.8759,0.8656,0.8656,0.8656,0.8656,0.8656,0.88,0.72,0.72,0.72,0.88
2025-10-31,0.2882,0.6459,0.8216,-0.0007,0.4486,0.9399,1.1609,1.2589,0.7001,0.8802,0.8696,0.8696,0.8696,0.8696,0.8696,0.88,0.72,0.72,0.72,0.88
2025-11-03,0.3822,0.8463,0.9856,0.0017,0.4914,0.9312,1.1532,1.2481,0.6989,0.8757,0.8717,0.8717,0.8717,0.8717,0.8717,0.88,0.72,0.72,0.72,0.88
2025-11-04,0.2042,0.7072,0.7831,-0.0935,0.2787,0.9387,1.1437,1.2883,0.6387,0.9512,0.8709,0.8709,0.8709,0.8709,0.8709,0.88,0.72,0.72,0.72,0.88
2025-11-05,0.0978,0.6262,0.4574,-0.1666,0.1979,0.878,1.1262,1.1338,0.5609,0.9054,0.8691,0.8691,0.8691,0.8691,0.8691,0.88,0.72,0.72,0.72,0.88
2025-11-06,0.1881,0.633,0.446,-0.157,0.1996,0.9388,1.1292,1.1318,0.5687,0.9057,0.8665,0.8665,0.8665,0.8665,0.8665,0.88,0.72,0.72,0.72,0.88
2025-11-07,0.3492,0.684,0.5484,-0.1323,0.3079,0.9432,1.1335,1.1143,0.5532,0.821,0.8649,0.8649,0.8649,0.8649,0.8649,0.88,0.72,0.72,0.72,0.88
2025-11-10,0.4813,1.1181,0.5561,-0.136,0.2422,0.9335,1.1316,1.1139,0.5541,0.7988,0.8627,0.8627,0.8627,0.8627,0.8627,0.88,0.72,0.72,0.72,0.88
2025-11-11,0.5697,1.0045,0.8007,-0.1343,0.221,0.8701,1.1963,1.0472,0.5541,0.8001,0.8645,0.8645,0.8645,0.8645,0.8645,0.88,0.72,0.72,0.72,0.88
2025-11-12,0.6311,1.1765,0.8338,-0.1366,0.208,0.8795,1.2162,1.0439,0.5548,0.803,0.8649,0.8649,0.8649,0.8649,0.8649,0.88,0.72,0.72,0.72,0.88
2025-11-13,0.4875,0.8447,0.8004,-0.1153,0.2575,0.8379,1.1358,1.0365,0.5658,0.8718,0.8698,0.8698,0.8698,0.8698,0.8698,0.88,0.72,0.72,0.72,0.88
2025-11-14,0.4762,0.7376,0.6397,-0.121,0.2177,0.8481,1.1984,1.1359,0.572,0.9178,0.8702,0.8702,0.8702,0.8702,0.8702,0.88,0.72,0.72,0.72,0.88
2025-11-17,0.4597,0.7775,0.6073,-0.1022,0.2761,0.8545,1.1829,1.1425,0.5696,0.9232,0.8718,0.8718,0.8718,0.8718,0.8718,0.88,0.72,0.72,0.72,0.88
2025-11-18,0.3614,0.5348,0.4926,-0.1293,0.1116,0.8639,1.2027,1.1807,0.5561,0.9762,0.8698,0.8698,0.8698,0.8698,0.8698,0.88,0.72,0.72,0.72,0.88
2025-11-19,0.393,0.4998,0.4704,-0.1247,0.1097,0.8623,1.2049,1.1865,0.555,0.977,0.867,0.867,0.867,0.867,0.867,0.88,0.72,0.72,0.72,0.88
2025-11-20,0.2554,0.3731,0.3728,-0.1353,0.0474,0.9019,1.272,1.1893,0.5548,0.9921,0.857,0.857,0.857,0.857,0.857,0.88,0.72,0.72,0.72,0.88
2025-11-21,0.0267,-0.0088,0.0799,-0.2207,-0.1299,0.9248,1.1911,1.0999,0.4818,0.9566,0.8491,0.8491,0.8491,0.8491,0.8491,0.88,0.72,0.72,0.72,0.88
2025-11-24,-0.0861,-0.0504,-0.0981,-0.2464,-0.1858,0.8536,1.1791,0.8332,0.4532,0.9123,0.8396,0.8396,0.8396,0.8396,0.8396,0.88,0.72,0.72,0.72,0.88
2025-11-25,-0.0436,0.0229,-0.0616,-0.222,-0.1567,0.8487,1.175,0.8267,0.4695,0.9117,0.8341,0.8341,0.8341,0.8341,0.8341,0.88,0.72,0.72,0.72,0.88
2025-11-26,-0.0839,0.0204,-0.0983,-0.2367,-0.1953,0.8442,1.1746,0.798,0.4533,0.8899,0.8298,0.8298,0.8298,0.8298,0.8298,0.88,0.72,0.72,0.72,0.88
2025-11-27,-0.0528,0.0377,-0.1557,-0.2282,-0.2429,0.8297,1.1723,0.7871,0.4564,0.8701,0.8265,0.8265,0.8265,0.8265,0.8265,0.88,0.72,0.72,0.72,0.88
2025-11-28,-0.0366,0.0708,-0.0466,-0.131,-0.1678,0.8349,1.1876,0.7607,0.3115,0.9032,0.8283,0.8283,0.8283,0.8283,0.8283,0.88,0.72,0.72,0.72,0.88
2025-12-01,-0.1005,-0.0561,-0.1076,-0.0955,-0.1648,0.8233,1.1638,0.716,0.3155,0.905,0.831,0.831,0.831,0.831,0.831,0.88,0.72,0.72,0.72,0.88
2025-12-02,-0.0728,-0.0916,-0.0699,-0.0918,-0.0694,0.804,1.1709,0.6928,0.3128,0.8495,0.8338,0.8338,0.8338,0.8338,0.8338,0.88,0.72,0.72,0.72,0.88
2025-12-03,-0.0877,-0.146,-0.0664,-0.0841,-0.1018,0.8046,1.1676,0.6918,0.3127,0.8441,0.8363,0.8363,0.8363,0.8363,0.8363,0.88,0.72,0.72,0.72,0.88
2025-12-04,-0.1813,-0.2418,-0.1123,-0.0956,-0.1469,0.7064,1.1206,0.6759,0.2991,0.8406,0.8384,0.8384,0.8384,0.8384,0.8384,0.88,0.72,0.72,0.72,0.88
2025-12-05,-0.2431,-0.2684,-0.1445,-0.0837,-0.144,0.6245,1.099,0.6594,0.2957,0.8403,0.8381,0.8381,0.8381,0.8381,0.8381,0.88,0.72,0.72,0.72,0.88
2025-12-08,-0.2136,-0.268,-0.0391,-0.0368,-0.0793,0.6996,1.1002,0.852,0.3183,0.9037,0.8399,0.8399,0.8399,0.8399,0.8399,0.88,0.72,0.72,0.72,0.88
2025-12-09,-0.1888,-0.1742,-0.1042,-0.0319,-0.096,0.6974,1.0577,0.8194,0.318,0.9056,0.8405,0.8405,0.8405,0.8405,0.8405,0.88,0.72,0.72,0.72,0.88
2025-12-10,-0.2542,-0.2671,-0.1651,-0.0335,-0.1019,0.6479,0.9722,0.8209,0.3193,0.9067,0.8408,0.8408,0.8408,0.8408,0.8408,0.88,0.72,0.72,0.72,0.88
2025-12-11,-0.257,-0.2582,-0.2067,-0.066,-0.1916,0.6467,0.9735,0.7907,0.3044,0.7593,0.8429,0.8429,0.8429,0.8429,0.8429,0.88,0.72,0.72,0.72,0.88
2025-12-12,-0.2052,-0.1868,-0.088,-0.0064,-0.0821,0.6047,0.9242,0.7104,0.2465,0.6633,0.8458,0.8458,0.8458,0.8458,0.8458,0.88,0.72,0.72,0.72,0.88
2025-12-15,-0.2275,-0.219,-0.1525,-0.0502,-0.1749,0.6191,0.941,0.7618,0.2907,0.668,0.8431,0.8431,0.8431,0.8431,0.8431,0.88,0.72,0.72,0.72,0.88
2025-12-16,-0.2254,-0.199,-0.1134,-0.0608,-0.121,0.6184,0.9287,0.7386,0.2934,0.6085,0.8403,0.8403,0.8403,0.8403,0.8403,0.88,0.72,0.72,0.72,0.88
2025-12-17,-0.2253,-0.148,-0.054,-0.0176,-0.0564,0.6184,0.9669,0.7569,0.3171,0.6221,0.8395,0.8395,0.8395,0.8395,0.8395,0.88,0.72,0.72,0.72,0.88
2025-12-18,-0.1692,-0.0368,-0.0084,-0.0106,-0.0001,0.5926,0.9105,0.7617,0.3149,0.6058,0.8386,0.8386,0.8386,0.8386,0.8386,0.88,0.72,0.72,0.72,0.88
2025-12-19,-0.1415,0.0537,0.0181,0.0324,0.0555,0.5387,0.7912,0.7314,0.2878,0.5393,0.8362,0.8362,0.8362,0.8362,0.8362,0.88,0.72,0.72,0.72,0.88
2025-12-22,-0.0811,0.0761,0.0175,0.0573,0.0347,0.5699,0.7948,0.7314,0.2983,0.5433,0.8356,0.8356,0.8356,0.8356,0.8356,0.88,0.72,0.72,0.72,0.88
2025-12-23,-0.0841,0.0426,0.0049,0.0406,0.0262,0.5687,0.7874,0.7318,0.2908,0.5428,0.8359,0.8359,0.8359,0.8359,0.8359,0.88,0.72,0.72,0.72,0.88
2025-12-24,0.0168,0.1166,0.0381,0.0402,0.0674,0.6579,0.8431,0.7521,0.2907,0.5584,0.8362,0.8362,0.8362,0.8362,0.8362,0.88,0.72,0.72,0.72,0.88
2025-12-25,0.0145,0.1398,0.0677,0.0333,0.0757,0.6587,0.8442,0.7431,0.2915,0.5547,0.8355,0.8355,0.8355,0.8355,0.8355,0.88,0.72,0.72,0.72,0.88
2025-12-26,0.087,0.123,0.0713,0.0202,0.0372,0.7417,0.8323,0.7456,0.2907,0.5186,0.8367,0.8367,0.8367,0.8367,0.8367,0.88,0.72,0.72,0.72,0.88
2025-12-29,0.1246,0.1513,0.0394,-0.0111,0.0105,0.7324,0.8168,0.7555,0.2898,0.5091,0.8386,0.8386,0.8386,0.8386,0.8386,0.88,0.72,0.72,0.72,0.88
2025-12-30,0.1589,0.1516,0.0382,0.0149,0.039,0.7202,0.8166,0.7559,0.2822,0.5264,0.842,0.842,0.842,0.842,0.842,0.88,0.72,0.72,0.72,0.88
2025-12-31,0.1314,0.1397,0.0123,-0.0025,0.023,0.734,0.8235,0.7682,0.2897,0.5342,0.843,0.843,0.843,0.843,0.843,0.88,0.72,0.72,0.72,0.88
2026-01-05,0.2351,0.3346,0.1877,0.0675,0.1364,0.7706,0.9109,0.9431,0.4155,0.5921,0.8475,0.8475,0.8475,0.8475,0.8475,0.88,0.72,0.72,0.72,0.88
2026-01-06,0.264,0.3742,0.2088,0.1202,0.166,0.7699,0.9181,0.942,0.4395,0.5886,0.8518,0.8518,0.8518,0.8518,0.8518,0.88,0.72,0.72,0.72,0.88
2026-01-07,0.1242,0.221,0.0733,0.1026,0.0972,0.7059,0.7699,0.7963,0.4302,0.5121,0.857,0.857,0.857,0.857,0.857,0.88,0.72,0.72,0.72,0.88
2026-01-08,0.077,0.1589,0.0502,0.0732,0.0975,0.7256,0.786,0.8049,0.4447,0.5119,0.8599,0.8599,0.8599,0.8599,0.8599,0.88,0.72,0.72,0.72,0.88
2026-01-09,0.0824,0.1541,0.0719,0.0988,0.1143,0.7232,0.788,0.793,0.4349,0.5058,0.8637,0.8637,0.8637,0.8637,0.8637,0.88,0.72,0.72,0.72,0.88
2026-01-12,0.1057,0.2225,0.102,0.108,0.1245,0.7251,0.8087,0.7971,0.4323,0.5101,0.8656,0.8656,0.8656,0.8656,0.8656,0.88,0.72,0.72,0.72,0.88
2026-01-13,0.0854,0.1675,0.0414,0.0758,0.1607,0.7335,0.8377,0.804,0.4419,0.5266,0.8687,0.8687,0.8687,0.8687,0.8687,0.88,0.72,0.72,0.72,0.88
2026-01-14,0.1712,0.2251,0.1677,0.1508,0.3325,0.7076,0.8028,0.7439,0.4085,0.5156,0.8744,0.8744,0.8744,0.8744,0.8744,0.88,0.72,0.72,0.72,0.88
2026-01-15,0.2738,0.3232,0.2969,0.1911,0.4719,0.7221,0.7912,0.7965,0.4033,0.5355,0.8846,0.8846,0.8846,0.8846,0.8846,0.88,0.72,0.72,0.72,0.88
2026-01-16,0.3366,0.3033,0.4083,0.2163,0.6579,0.7539,0.7793,0.8994,0.4271,0.7577,0.9039,0.9039,0.9039,0.9039,0.9039,0.88,0.72,0.72,0.72,0.88
2026-01-19,0.3232,0.1721,0.3017,0.1901,0.5568,0.7564,0.8487,0.9293,0.4432,0.8011,0.9191,0.9191,0.9191,0.9191,0.9191,0.88,0.72,0.72,0.72,0.88
2026-01-20,0.4647,0.2332,0.4034,0.2169,0.7417,0.6873,0.819,0.8905,0.4489,0.8052,0.9375,0.9375,0.9375,0.9375,0.9375,0.88,0.72,0.72,0.72,0.88
2026-01-21,0.4234,0.1889,0.4212,0.3301,0.7689,0.6793,0.8215,0.8883,0.5913,0.7958,0.9523,0.9523,0.9523,0.9523,0.9523,0.88,0.72,0.72,0.72,0.88
2026-01-22,0.4195,0.1829,0.493,0.3888,0.7447,0.6798,0.8223,0.8872,0.6022,0.8039,0.9626,0.9626,0.9626,0.9626,0.9626,0.88,0.72,0.72,0.72,0.88
2026-01-23,0.2616,0.0599,0.4659,0.3148,0.667,0.6429,0.7748,0.8809,0.6431,0.8131,0.9635,0.9635,0.9635,0.9635,0.9635,0.88,0.72,0.72,0.72,0.88
2026-01-26,0.2653,0.0709,0.4141,0.3541,0.635,0.6412,0.7787,0.9009,0.6403,0.8279,0.9652,0.9652,0.9652,0.9652,0.9652,0.88,0.72,0.72,0.72,0.88
2026-01-27,0.1645,0.0461,0.3819,0.3995,0.6484,0.5524,0.7656,0.8954,0.6378,0.828,0.9639,0.9639,0.9639,0.9639,0.9639,0.88,0.72,0.72,0.72,0.88
2026-01-28,0.1558,0.1216,0.4356,0.456,0.689,0.5532,0.7771,0.8786,0.6267,0.8232,0.9642,0.9642,0.9642,0.9642,0.9642,0.88,0.72,0.72,0.72,0.88
2026-01-29,0.1231,0.1254,0.41,0.3537,0.5932,0.5676,0.7747,0.8901,0.6926,0.8381,0.9642,0.9642,0.9642,0.9642,0.9642,0.88,0.72,0.72,0.72,0.88
2026-01-30,0.1724,0.1679,0.3738,0.5455,0.6327,0.5447,0.7562,0.9151,0.7734,0.8229,0.9644,0.9644,0.9644,0.9644,0.9644,0.88,0.72,0.72,0.72,0.88
2026-02-02,-0.0056,-0.0937,0.0582,0.394,0.3536,0.5772,0.7549,0.8596,0.753,0.9141,0.9602,0.9602,0.9602,0.9602,0.9602,0.88,0.72,0.72,0.72,0.88
2026-02-03,-0.0113,-0.1017,0.0641,0.3644,0.3837,0.5746,0.7471,0.8607,0.7464,0.9169,0.9561,0.9561,0.9561,0.9561,0.9561,0.88,0.72,0.72,0.72,0.88
2026-02-04,-0.0181,-0.1743,0.031,0.2601,0.3069,0.5783,0.7629,0.8613,0.7956,0.9334,0.9485,0.9485,0.9485,0.9485,0.9485,0.88,0.72,0.72,0.72,0.88
2026-02-05,-0.0095,-0.1723,0.0312,0.2739,0.2874,0.5713,0.7618,0.8612,0.7896,0.9418,0.9402,0.9402,0.9402,0.9402,0.9402,0.88,0.72,0.72,0.72,0.88
2026-02-06,-0.009,-0.165,0.0378,0.2361,0.2695,0.5711,0.7601,0.859,0.8019,0.9464,0.9311,0.9311,0.9311,0.9311,0.9311,0.88,0.72,0.72,0.72,0.88
2026-02-09,0.0041,-0.1987,0.0304,0.3125,0.2658,0.5795,0.7236,0.8566,0.8185,0.9458,0.9299,0.9299,0.9299,0.9299,0.9299,0.88,0.72,0.72,0.72,0.88
2026-02-10,0.0196,-0.1719,0.0431,0.3718,0.1896,0.5717,0.7074,0.8514,0.8079,0.9458,0.9255,0.9255,0.9255,0.9255,0.9255,0.88,0.72,0.72,0.72,0.88
2026-02-11,-0.0126,-0.1869,-0.0021,0.2836,0.0899,0.5652,0.7119,0.8477,0.8348,0.9144,0.9223,0.9223,0.9223,0.9223,0.9223,0.88,0.72,0.72,0.72,0.88
2026-02-12,-0.0558,-0.2055,-0.0605,0.2441,0.089,0.5189,0.6937,0.7831,0.8387,0.9135,0.925,0.925,0.925,0.925,0.925,0.88,0.72,0.72,0.72,0.88
2026-02-13,-0.0871,-0.2304,-0.1413,0.1548,-0.0984,0.4611,0.6643,0.6164,0.8309,0.6784,0.927,0.927,0.927,0.927,0.927,0.88,0.72,0.72,0.72,0.88
2026-02-24,-0.0589,-0.1168,-0.0828,0.2578,-0.0073,0.474,0.6515,0.6007,0.8403,0.6831,0.9302,0.9302,0.9302,0.9302,0.9302,0.88,0.72,0.72,0.72,0.88
2026-02-25,-0.1045,-0.1277,-0.1297,0.1735,-0.1153,0.4626,0.6523,0.6052,0.8574,0.6121,0.9327,0.9327,0.9327,0.9327,0.9327,0.88,0.72,0.72,0.72,0.88
2026-02-26,-0.1007,-0.0869,-0.1354,0.0319,-0.1227,0.4657,0.6674,0.6028,0.7565,0.6118,0.9354,0.9354,0.9354,0.9354,0.9354,0.88,0.72,0.72,0.72,0.88
2026-02-27,-0.1092,-0.0793,-0.1943,-0.026,-0.1173,0.4636,0.6681,0.5763,0.7371,0.6112,0.9337,0.9337,0.9337,0.9337,0.9337,0.88,0.72,0.72,0.72,0.88
2026-03-02,-0.1155,-0.0825,-0.244,-0.0036,-0.1394,0.469,0.6696,0.5562,0.7228,0.6184,0.9319,0.9319,0.9319,0.9319,0.9319,0.88,0.72,0.72,0.72,0.88
2026-03-03,-0.168,-0.1699,-0.2715,-0.0991,-0.1882,0.5249,0.6921,0.588,0.7608,0.6751,0.9227,0.9227,0.9227,0.9227,0.9227,0.88,0.72,0.72,0.72,0.88
2026-03-04,-0.096,-0.157,-0.1809,-0.111,-0.0554,0.6483,0.7039,0.8198,0.7543,0.9969,0.9253,0.9253,0.9253,0.9253,0.9253,0.88,0.72,0.72,0.72,0.88
2026-03-05,-0.0796,-0.2095,-0.2023,-0.1193,0.0008,0.653,0.6708,0.8183,0.75,1.042,0.9334,0.9334,0.9334,0.9334,0.9334,0.88,0.72,0.72,0.72,0.88
2026-03-06,0.0033,-0.0837,-0.1476,-0.0653,0.1154,0.6808,0.8096,0.8268,0.7175,1.0868,0.948,0.948,0.948,0.948,0.948,0.88,0.72,0.72,0.72,0.88
2026-03-09,0.0302,-0.0639,-0.0176,-0.1855,0.157,0.69,0.8129,0.8509,0.5516,1.0903,0.9667,0.9667,0.9667,0.9667,0.9667,0.88,0.72,0.72,0.72,0.88
2026-03-10,0.1866,0.0956,0.1128,-0.1405,0.2734,0.6282,0.6795,0.7491,0.569,1.011,0.9892,0.9892,0.9892,0.9892,0.9892,0.88,0.72,0.72,0.72,0.88
2026-03-11,0.1826,0.0215,0.0608,-0.1774,0.2295,0.6278,0.6789,0.7559,0.5597,1.0081,1.0019,1.0019,1.0019,1.0019,1.0019,0.88,0.72,0.72,0.72,0.88
2026-03-12,0.1959,0.0566,0.0565,-0.1352,0.2041,0.6204,0.6499,0.7573,0.5255,1.0221,1.0057,1.0057,1.0057,1.0057,1.0057,0.88,0.72,0.72,0.72,0.88
2026-03-13,0.348,0.0976,0.1147,-0.1291,0.2885,0.6615,0.6363,0.7487,0.5244,1.0108,1.0058,1.0058,1.0058,1.0058,1.0058,0.88,0.72,0.72,0.72,0.88
2026-03-16,0.5123,0.1605,0.2049,-0.0677,0.4853,0.7109,0.6436,0.7696,0.5437,1.0866,1.0128,1.0128,1.0128,1.0128,1.0128,0.88,0.72,0.72,0.72,0.88
2026-03-17,0.4698,0.0956,0.1295,-0.1552,0.4366,0.7115,0.6635,0.7911,0.5027,1.0916,1.0202,1.0202,1.0202,1.0202,1.0202,0.88,0.72,0.72,0.72,0.88
2026-03-18,0.5754,0.2384,0.2468,-0.1348,0.6037,0.7101,0.7447,0.8277,0.5298,1.1113,1.0349,1.0349,1.0349,1.0349,1.0349,0.88,0.72,0.72,0.72,0.88
2026-03-19,0.4628,0.216,0.2556,-0.1193,0.5301,0.7902,0.7604,0.8251,0.5177,1.1431,1.0484,1.0484,1.0484,1.0484,1.0484,0.88,0.72,0.72,0.72,0.88
2026-03-20,0.3827,0.1599,0.1282,-0.1384,0.3977,0.8177,0.7719,0.8769,0.5257,1.1352,1.0581,1.0581,1.0581,1.0581,1.0581,0.88,0.72,0.72,0.72,0.88
2026-03-23,0.2881,0.0378,0.0083,-0.1693,0.3566,0.8314,0.8437,0.9129,0.5521,1.1557,1.0539,1.0539,1.0539,1.0539,1.0539,0.88,0.72,0.72,0.72,0.88
2026-03-24,0.3664,-0.0116,0.0488,-0.2126,0.3309,0.8724,0.8221,0.9323,0.4916,1.1507,1.0525,1.0525,1.0525,1.0525,1.0525,0.88,0.72,0.72,0.72,0.88
2026-03-25,0.4971,0.0361,0.1362,-0.1538,0.5046,0.8819,0.8272,0.9314,0.5031,1.167,1.0509,1.0509,1.0509,1.0509,1.0509,0.88,0.72,0.72,0.72,0.88
2026-03-26,0.4779,-0.007,0.091,-0.1708,0.4314,0.8829,0.8196,0.9427,0.5119,1.1963,1.0495,1.0495,1.0495,1.0495,1.0495,0.88,0.72,0.72,0.72,0.88
2026-03-27,0.4928,-0.0337,0.0975,-0.1744,0.4384,0.8801,0.8233,0.9403,0.5122,1.1949,1.0493,1.0493,1.0493,1.0493,1.0493,0.88,0.72,0.72,0.72,0.88
2026-03-30,0.6246,-0.0536,0.1136,-0.1725,0.446,0.8568,0.835,0.9344,0.5114,1.1921,1.0516,1.0516,1.0516,1.0516,1.0516,0.88,0.72,0.72,0.72,0.88
2026-03-31,0.6632,-0.0707,0.1305,-0.1533,0.4461,0.8266,0.8542,0.92,0.4808,1.192,1.0451,1.0451,1.0451,1.0451,1.0451,0.88,0.72,0.72,0.72,0.88
2026-04-01,0.481,-0.0886,-0.0096,-0.1357,0.2253,0.7955,0.8442,0.7547,0.5003,0.9885,1.0325,1.0325,1.0325,1.0325,1.0325,0.88,0.72,0.72,0.72,0.88
2026-04-02,0.4084,-0.0929,-0.0232,-0.1552,0.101,0.8172,0.8453,0.7608,0.4934,0.9529,1.0231,1.0231,1.0231,1.0231,1.0231,0.88,0.72,0.72,0.72,0.88
2026-04-03,0.3003,-0.2133,-0.067,-0.161,0.0046,0.8151,0.7105,0.752,0.4937,0.8968,1.0137,1.0137,1.0137,1.0137,1.0137,0.88,0.72,0.72,0.72,0.88
2026-04-07,0.3526,-0.2176,-0.0991,-0.1372,0.0036,0.8402,0.7078,0.7093,0.4928,0.8962,1.0088,1.0088,1.0088,1.0088,1.0088,0.88,0.72,0.72,0.72,0.88
2026-04-08,0.3359,-0.0845,-0.0288,-0.0902,0.0746,0.834,1.0252,0.7816,0.5836,0.9146,1.0148,1.0148,1.0148,1.0148,1.0148,0.88,0.72,0.72,0.72,0.88
2026-04-09,0.3633,-0.0592,0.0028,-0.0711,0.063,0.8363,1.0198,0.7754,0.5804,0.916,1.0187,1.0187,1.0187,1.0187,1.0187,0.88,0.72,0.72,0.72,0.88
2026-04-10,0.5259,-0.0095,0.0701,-0.0293,0.1908,0.8751,1.0193,0.7896,0.5915,0.9113,1.029,1.029,1.029,1.029,1.029,0.88,0.72,0.72,0.72,0.88
2026-04-13,0.5063,-0.0101,0.0871,0.0397,0.2203,0.8622,1.0193,0.7965,0.6296,0.9244,1.0442,1.0442,1.0442,1.0442,1.0442,0.88,0.72,0.72,0.72,0.88
2026-04-14,0.4236,-0.0082,0.1004,0.0057,0.2122,0.8154,1.0203,0.8102,0.6136,0.9117,1.0678,1.0678,1.0678,1.0678,1.0678,0.88,0.72,0.72,0.72,0.88
2026-04-15,0.4174,0.0019,0.1199,0.004,0.2107,0.8165,1.0158,0.7988,0.615,0.912,1.0865,1.0865,1.0865,1.0865,1.0865,0.88,0.72,0.72,0.72,0.88
2026-04-16,0.3833,-0.0776,0.0356,-0.0171,0.1113,0.8059,0.9417,0.7472,0.5974,0.8574,1.1063,1.1063,1.1063,1.1063,1.1063,0.88,0.72,0.72,0.72,0.88
2026-04-17,0.4907,-0.0158,0.0394,0.0074,0.1131,0.7309,0.9272,0.7466,0.5899,0.8559,1.116,1.116,1.116,1.116,1.116,0.88,0.72,0.72,0.72,0.88
2026-04-20,0.5553,0.0436,0.1371,0.0675,0.1249,0.6999,0.9264,0.6893,0.5826,0.8528,1.1203,1.1203,1.1203,1.1203,1.1203,0.88,0.72,0.72,0.72,0.88
2026-04-21,0.6051,0.1232,0.2286,0.1583,0.2267,0.676,0.8657,0.6227,0.5416,0.8193,1.1162,1.1162,1.1162,1.1162,1.1162,0.88,0.72,0.72,0.72,0.88
2026-04-22,0.5033,0.1276,0.1837,0.1879,0.214,0.632,0.8656,0.6,0.5478,0.8172,1.1148,1.1148,1.1148,1.1148,1.1148,0.88,0.72,0.72,0.72,0.88
2026-04-23,0.32,0.0536,0.0594,0.125,0.0433,0.6596,0.873,0.6369,0.5515,0.7911,1.1072,1.1072,1.1072,1.1072,1.1072,0.88,0.72,0.72,0.72,0.88
2026-04-24,0.2944,0.101,0.1417,0.1941,0.1153,0.6651,0.8789,0.6353,0.5318,0.7589,1.1059,1.1059,1.1059,1.1059,1.1059,0.88,0.72,0.72,0.72,0.88
2026-04-27,0.2796,0.1879,0.2302,0.3191,0.1102,0.6677,0.8886,0.6465,0.5941,0.7598,1.1045,1.1045,1.1045,1.1045,1.1045,0.88,0.72,0.72,0.72,0.88
2026-04-28,0.2413,0.2519,0.2124,0.3162,0.1243,0.6551,0.8629,0.6562,0.5959,0.7539,1.0994,1.0994,1.0994,1.0994,1.0994,0.88,0.72,0.72,0.72,0.88
2026-04-29,0.3772,0.3877,0.3959,0.3573,0.2692,0.6279,0.785,0.6569,0.5612,0.6729,1.0954,1.0954,1.0954,1.0954,1.0954,0.88,0.72,0.72,0.72,0.88
2026-04-30,0.4109,0.3642,0.3422,0.3344,0.2297,0.6148,0.7868,0.6791,0.5558,0.6796,1.0957,1.0957,1.0957,1.0957,1.0957,0.88,0.72,0.72,0.72,0.88
2026-05-06,0.6029,0.5514,0.6653,0.5441,0.4762,0.6497,0.8453,0.9189,0.7214,0.8773,1.1106,1.1106,1.1106,1.1106,1.1106,0.88,0.72,0.72,0.72,0.88
2026-05-07,0.7513,0.5513,0.6949,0.6514,0.4263,0.6419,0.8454,0.9107,0.7165,0.8971,1.1224,1.1224,1.1224,1.1224,1.1224,0.88,0.72,0.72,0.72,0.88
2026-05-08,0.5805,0.4663,0.6155,0.646,0.3362,0.6518,0.8771,0.9174,0.7179,0.9127,1.1323,1.1323,1.1323,1.1323,1.1323,0.88,0.72,0.72,0.72,0.88
2026-05-11,0.6252,0.3066,0.7207,0.7924,0.3748,0.6694,0.6045,1.0114,0.89,0.9365,1.1479,1.1479,1.1479,1.1479,1.1479,0.88,0.72,0.72,0.72,0.88
2026-05-12,0.52,0.2513,0.7277,0.7316,0.3583,0.6996,0.6387,1.0102,0.9135,0.942,1.1625,1.1625,1.1625,1.1625,1.1625,0.88,0.72,0.72,0.72,0.88
2026-05-13,0.52,0.287,0.7952,0.8053,0.3605,0.6996,0.6548,1.0306,0.9279,0.943,1.1683,1.1683,1.1683,1.1683,1.1683,0.88,0.72,0.72,0.72,0.88
2026-05-14,0.4988,0.3193,0.6916,0.7424,0.264,0.6861,0.6565,1.0467,0.9215,0.936,1.1762,1.1762,1.1762,1.1762,1.1762,0.88,0.72,0.72,0.72,0.88
2026-05-15,0.4223,0.2008,0.5493,0.6185,0.0632,0.6929,0.6858,1.0412,0.9777,0.8632,1.1815,1.1815,1.1815,1.1815,1.1815,0.88,0.72,0.72,0.72,0.88
2026-05-18,0.4666,0.2626,0.5954,0.6867,0.1602,0.6913,0.6707,1.0278,0.9517,0.9025,1.1866,1.1866,1.1866,1.1866,1.1866,0.88,0.72,0.72,0.72,0.88
2026-05-19,0.3529,0.2047,0.513,0.6381,0.0929,0.7313,0.6853,1.0595,0.9582,0.9291,1.1881,1.1881,1.1881,1.1881,1.1881,0.88,0.72,0.72,0.72,0.88
2026-05-20,0.3548,0.1715,0.5439,0.7083,0.1698,0.7308,0.69,1.0551,0.9537,0.8997,1.1841,1.1841,1.1841,1.1841,1.1841,0.88,0.72,0.72,0.72,0.88
2026-05-21,0.274,0.0839,0.4377,0.6969,0.1203,0.7748,0.7114,1.093,0.9543,0.9219,1.1767,1.1767,1.1767,1.1767,1.1767,0.88,0.72,0.72,0.72,0.88
2026-05-22,0.3098,0.1672,0.4628,0.7178,0.1316,0.7745,0.7271,1.0908,0.9546,0.9256,1.1787,1.1787,1.1787,1.1787,1.1787,0.88,0.72,0.72,0.72,0.88
2026-05-25,0.3238,0.2619,0.4787,0.7408,0.1416,0.7765,0.7817,1.0911,0.9563,0.9275,1.1752,1.1752,1.1752,1.1752,1.1752,0.88,0.72,0.72,0.72,0.88
2026-05-26,0.3323,0.2466,0.506,0.7067,0.1645,0.7692,0.7922,1.0747,0.9723,0.9117,1.1733,1.1733,1.1733,1.1733,1.1733,0.88,0.72,0.72,0.72,0.88
2026-05-27,0.3575,0.1894,0.4793,0.6253,0.1896,0.764,0.7911,1.0723,0.9907,0.9147,1.1734,1.1734,1.1734,1.1734,1.1734,0.88,0.72,0.72,0.72,0.88
2026-05-28,0.3466,0.0995,0.3938,0.4664,0.223,0.7672,0.7812,1.0696,0.9728,0.9131,1.181,1.181,1.181,1.181,1.181,0.88,0.72,0.72,0.72,0.88
2026-05-29,0.2893,0.0494,0.4455,0.4583,0.2555,0.7817,0.7994,1.0555,0.9764,0.9079,1.1861,1.1861,1.1861,1.1861,1.1861,0.88,0.72,0.72,0.72,0.88
2026-06-01,0.1424,-0.0414,0.2214,0.3681,0.1339,0.8163,0.8412,1.0862,1.0326,0.9488,1.1808,1.1808,1.1808,1.1808,1.1808,0.88,0.72,0.72,0.72,0.88
2026-06-02,0.1545,0.0025,0.2983,0.3684,0.1447,0.8164,0.8589,1.075,1.0326,0.9464,1.1793,1.1793,1.1793,1.1793,1.1793,0.88,0.72,0.72,0.72,0.88
2026-06-03,0.0722,-0.0906,0.1086,0.2765,0.0093,0.7446,0.7512,0.8276,0.9355,0.7296,1.1783,1.1783,1.1783,1.1783,1.1783,0.88,0.72,0.72,0.72,0.88
2026-06-04,0.1044,-0.0223,0.1786,0.2375,0.1384,0.7879,0.7641,0.8552,0.9237,0.7745,1.1842,1.1842,1.1842,1.1842,1.1842,0.88,0.72,0.72,0.72,0.88
2026-06-05,0.0549,-0.0504,0.0856,0.1387,0.0708,0.8284,0.7903,0.9177,0.9774,0.8368,1.1788,1.1788,1.1788,1.1788,1.1788,0.88,0.72,0.72,0.72,0.88
2026-06-08,-0.08,-0.178,-0.1271,-0.1001,-0.0862,0.8272,0.7842,0.7513,0.7536,0.8203,1.1733,1.1733,1.1733,1.1733,1.1733,0.88,0.72,0.72,0.72,0.88
2026-06-09,0.0125,-0.0613,-0.082,-0.0179,-0.0124,0.8514,0.8424,0.7864,0.7716,0.8446,1.1739,1.1739,1.1739,1.1739,1.1739,0.88,0.72,0.72,0.72,0.88
2026-06-10,-0.0763,-0.0846,-0.1701,-0.1076,-0.035,0.7696,0.8243,0.707,0.7224,0.8251,1.1749,1.1749,1.1749,1.1749,1.1749,0.88,0.72,0.72,0.72,0.88
2026-06-11,-0.1237,-0.0915,-0.1391,-0.1374,0.0028,0.7329,0.8207,0.7101,0.7145,0.827,1.1692,1.1692,1.1692,1.1692,1.1692,0.88,0.72,0.72,0.72,0.88
2026-06-12,-0.1329,-0.0152,-0.1266,-0.0933,0.0706,0.7352,0.809,0.7099,0.6825,0.8024,1.1748,1.1748,1.1748,1.1748,1.1748,0.88,0.72,0.72,0.72,0.88
2026-06-15,-0.1268,0.0512,-0.1049,-0.0319,0.0268,0.7406,0.8663,0.7193,0.7282,0.7612,1.192,1.192,1.192,1.192,1.192,0.88,0.72,0.72,0.72,0.88
2026-06-16,-0.0622,0.0823,-0.0378,-0.0119,0.087,0.7284,0.8582,0.7034,0.7308,0.7324,1.2039,1.2039,1.2039,1.2039,1.2039,0.88,0.72,0.72,0.72,0.88
2026-06-17,0.0196,0.3161,0.0021,0.0202,0.1695,0.7871,1.0959,0.732,0.7647,0.7871,1.2217,1.2217,1.2217,1.2217,1.2217,0.88,0.72,0.72,0.72,0.88
2026-06-18,0.0852,0.4341,0.0739,0.0295,0.284,0.7554,1.0733,0.6997,0.7681,0.7648,1.2424,1.2424,1.2424,1.2424,1.2424,0.88,0.72,0.72,0.72,0.88
2026-06-22,0.0936,0.5336,0.1233,0.0303,0.3021,0.759,1.1349,0.7319,0.7686,0.7725,1.2687,1.2687,1.2687,1.2687,1.2687,0.88,0.72,0.72,0.72,0.88
2026-06-23,0.0863,0.3861,0.0558,-0.0919,0.215,0.7563,1.115,0.7397,0.8026,0.7953,1.2853,1.2853,1.2853,1.2853,1.2853,0.88,0.72,0.72,0.72,0.88
2026-06-24,0.2289,0.4859,0.1525,-0.0213,0.356,0.7612,1.0878,0.725,0.7994,0.7976,1.3109,1.3109,1.3109,1.3109,1.3109,0.88,0.72,0.72,0.72,0.88
2026-06-25,0.3398,0.5893,0.2301,0.0515,0.5162,0.8228,1.0872,0.7829,0.8105,0.9299,1.3477,1.3477,1.3477,1.3477,1.3477,0.88,0.72,0.72,0.72,0.88
2026-06-26,0.4467,0.6013,0.2424,0.0032,0.5493,0.8353,1.083,0.7807,0.8409,0.9326,1.3861,1.3861,1.3861,1.3861,1.3861,0.88,0.72,0.72,0.72,0.88
2026-06-29,0.5156,0.6439,0.314,0.1705,0.5497,0.8173,1.0655,0.8014,0.947,0.9326,1.4197,1.4197,1.4197,1.4197,1.4197,0.88,0.72,0.72,0.72,0.88
2026-06-30,0.5783,0.7958,0.3942,0.3346,0.6232,0.7723,1.0015,0.7332,0.891,0.8871,1.4549,1.4549,1.4549,1.4549,1.4549,0.88,0.72,0.72,0.72,0.88
2026-07-01,0.4742,0.7277,0.2855,0.3334,0.5273,0.8185,1.0026,0.7708,0.891,0.9372,1.4703,1.4703,1.4703,1.4703,1.4703,0.88,0.72,0.72,0.72,0.88
2026-07-02,0.3103,0.4804,0.1253,0.0602,0.3347,0.9106,1.1567,0.872,1.0374,1.025,1.4498,1.4498,1.4498,1.4498,1.4498,0.88,0.72,0.72,0.72,0.88
2026-07-03,0.2953,0.4289,0.0871,0.0275,0.2545,0.8961,1.1545,0.8482,1.0363,0.9913,1.4253,1.4253,1.4253,1.4253,1.4253,0.88,0.72,0.72,0.72,0.88
2026-07-06,0.483,0.5419,0.3111,0.1226,0.4631,0.8459,1.1065,0.8443,0.9907,0.9287,1.4078,1.4078,1.4078,1.4078,1.4078,0.88,0.72,0.72,0.72,0.88
2026-07-07,0.447,0.5357,0.2945,0.129,0.4742,0.8801,1.1109,0.8604,0.9858,0.9196,1.3846,1.3846,1.3846,1.3846,1.3846,0.88,0.72,0.72,0.72,0.88
2026-07-08,0.3184,0.4087,0.1517,0.0455,0.2994,0.8816,1.0868,0.8763,0.9764,0.9601,1.3622,1.3622,1.3622,1.3622,1.3622,0.88,0.72,0.72,0.72,0.88
2026-07-09,0.3703,0.5041,0.2229,0.2376,0.3223,0.8856,1.1215,0.8814,1.1085,0.9682,1.3622,1.3622,1.3622,1.3622,1.3622,0.88,0.72,0.72,0.72,0.88
2026-07-10,0.2651,0.4879,0.1414,0.1724,0.1989,0.9381,1.1223,0.9095,1.1378,1.0166,1.3491,1.3491,1.3491,1.3491,1.3491,0.88,0.72,0.72,0.72,0.88
2026-07-13,0.1661,0.1563,0.0139,0.1243,0.036,1.0137,1.3694,1.0035,1.1592,1.1264,1.3106,1.3106,1.3106,1.3106,1.3106,0.88,0.72,0.72,0.72,0.88
2026-07-14,0.1467,0.1303,0.0175,0.1247,0.0548,1.0089,1.3535,1.0048,1.1594,1.1355,1.2883,1.2883,1.2883,1.2883,1.2883,0.88,0.72,0.72,0.72,0.88
2026-07-15,0.0103,0.0822,-0.0967,0.0349,-0.106,1.0779,1.3656,1.0581,1.1868,1.2621,1.2576,1.2576,1.2576,1.2576,1.2576,0.88,0.72,0.72,0.72,0.88
2026-07-16,-0.1599,-0.1599,-0.1891,-0.196,-0.1885,1.0934,1.1856,1.0449,1.2964,1.2179,1.218,1.218,1.218,1.218,1.218,0.88,0.72,0.72,0.72,0.88
2026-07-17,-0.2464,-0.3167,-0.3146,-0.3202,-0.3453,1.1413,1.2832,1.1487,1.3588,1.3112,1.1727,1.1727,1.1727,1.1727,1.1727,0.88,0.72,0.72,0.72,0.88
2026-07-20,-0.3449,-0.4659,-0.389,-0.3222,-0.3995,1.1682,1.2111,1.1115,1.3573,1.2862,1.1408,1.1408,1.1408,1.1408,1.1408,0.88,0.72,0.72,0.72,0.88
2026-07-21,-0.3272,-0.3756,-0.2922,-0.1491,-0.3043,1.1855,1.3676,1.2188,1.464,1.3657,1.1116,1.1116,1.1116,1.1116,1.1116,0.88,0.72,0.72,0.72,0.88
2026-07-22,-0.4356,-0.4246,-0.3734,-0.1634,-0.4046,1.1707,1.3653,1.2217,1.4595,1.3481,1.0928,1.0928,1.0928,1.0928,1.0928,0.88,0.72,0.72,0.72,0.88
2026-07-23,-0.5118,-0.4675,-0.4451,-0.1925,-0.4786,1.075,1.3317,1.1476,1.448,1.191,1.0762,1.0762,1.0762,1.0762,1.0762,0.88,0.72,0.72,0.72,0.88
2026-07-24,-0.5795,-0.463,-0.4555,-0.1077,-0.5282,1.0192,1.3329,1.1431,1.4401,1.1629,1.0707,1.0707,1.0707,1.0707,1.0707,0.88,0.72,0.72,0.72,0.88
2026-07-27,-0.586,-0.4396,-0.4829,-0.232,-0.5244,1.0084,1.3459,1.1017,1.3543,1.1676,1.0697,1.0697,1.0697,1.0697,1.0697,0.88,0.72,0.72,0.72,0.88
2026-07-28,-0.6167,-0.509,-0.5311,-0.3356,-0.5759,1.0279,1.3716,1.1439,1.3687,1.2149,1.0493,1.0493,1.0493,1.0493,1.0493,0.88,0.72,0.72,0.72,0.88
2026-07-29,-0.603,-0.5189,-0.5064,-0.3423,-0.5424,1.0314,1.3657,1.148,1.3656,1.223,1.0371,1.0371,1.0371,1.0371,1.0371,0.88,0.72,0.72,0.72,0.88
2026-07-30,-0.5191,-0.4624,-0.4346,-0.2678,-0.4751,1.1303,1.3125,1.1351,1.284,1.2274,1.0269,1.0269,1.0269,1.0269,1.0269,0.88,0.72,0.72,0.72,0.88
2026-07-31,-0.5624,-0.4481,-0.4385,-0.2309,-0.4719,1.0419,1.3254,1.1307,1.298,1.2309,1.0234,1.0234,1.0234,1.0234,1.0234,0.88,0.72,0.72,0.72,0.88
2026-08-03,-0.6267,-0.4941,-0.5309,-0.292,-0.5452,0.9924,1.3345,1.036,1.315,1.1974,1.0119,1.0119,1.0119,1.0119,1.0119,0.88,0.72,0.72,0.72,0.88
2026-08-04,-0.5721,-0.4178,-0.4648,-0.196,-0.4882,1.0266,1.3589,1.0647,1.3364,1.2306,1.0145,1.0145,1.0145,1.0145,1.0145,0.88,0.72,0.72,0.72,0.88
2026-08-05,-0.5318,-0.3797,-0.3843,-0.1409,-0.4118,1.0859,1.3921,1.1327,1.3465,1.2721,1.0216,1.0216,1.0216,1.0216,1.0216,0.88,0.72,0.72,0.72,0.88
2026-08-06,-0.5488,-0.4304,-0.4091,-0.27,-0.4439,1.0581,1.3269,1.1092,1.2064,1.2402,1.026,1.026,1.026,1.026,1.026,0.88,0.72,0.72,0.72,0.88
2026-08-07,-0.4948,-0.4143,-0.3421,-0.1948,-0.3697,1.0846,1.3409,1.1374,1.2027,1.256,1.0323,1.0323,1.0323,1.0323,1.0323,0.88,0.72,0.72,0.72,0.88
2026-08-10,-0.4433,-0.2772,-0.2098,-0.1802,-0.2872,1.0562,1.1674,1.1196,1.195,1.1919,1.044,1.044,1.044,1.044,1.044,0.88,0.72,0.72,0.72,0.88
2026-08-11,-0.4552,-0.3154,-0.2247,-0.2333,-0.3246,1.0457,1.1341,1.1124,1.1622,1.1652,1.0522,1.0522,1.0522,1.0522,1.0522,0.88,0.72,0.72,0.72,0.88
2026-08-12,-0.3847,-0.2592,-0.151,-0.1461,-0.1955,1.0206,1.1447,1.0681,1.1585,1.056,1.0562,1.0562,1.0562,1.0562,1.0562,0.88,0.72,0.72,0.72,0.88
2026-08-13,-0.3349,-0.2358,-0.1436,-0.0025,-0.2173,0.979,1.1304,1.064,0.9997,1.0618,1.0569,1.0569,1.0569,1.0569,1.0569,0.88,0.72,0.72,0.72,0.88
2026-08-14,-0.2429,-0.0751,0.0264,0.1566,-0.0429,0.9404,0.9996,0.9303,0.8698,0.915,1.0559,1.0559,1.0559,1.0559,1.0559,0.88,0.72,0.72,0.72,0.88
2026-08-17,-0.0983,0.1191,0.1136,0.1837,0.0524,0.9253,0.9307,0.9144,0.8833,0.9304,1.0609,1.0609,1.0609,1.0609,1.0609,0.88,0.72,0.72,0.72,0.88
2026-08-18,-0.1391,-0.0192,-0.0229,-0.0055,-0.0657,0.9028,0.7608,0.8134,0.7032,0.8433,1.0646,1.0646,1.0646,1.0646,1.0646,0.88,0.72,0.72,0.72,0.88
2026-08-19,-0.1387,-0.0732,-0.0244,-0.1016,-0.0668,0.9021,0.8323,0.8151,0.7593,0.8447,1.0602,1.0602,1.0602,1.0602,1.0602,0.88,0.72,0.72,0.72,0.88
2026-08-20,-0.0848,-0.036,0.0084,-0.1155,-0.0629,0.8895,0.8321,0.8061,0.7571,0.8455,1.0601,1.0601,1.0601,1.0601,1.0601,0.88,0.72,0.72,0.72,0.88
2026-08-21,0.0381,-0.0216,0.0288,-0.1403,0.0109,0.8538,0.8318,0.8036,0.7431,0.8234,1.059,1.059,1.059,1.059,1.059,0.88,0.72,0.72,0.72,0.88
2026-08-24,-0.0031,-0.0774,-0.0241,-0.1552,-0.0644,0.8647,0.8334,0.8178,0.7515,0.8449,1.0486,1.0486,1.0486,1.0486,1.0486,0.88,0.72,0.72,0.72,0.88
2026-08-25,0.0985,0.0437,0.1202,-0.0546,0.0858,0.78,0.7274,0.6915,0.6806,0.6982,1.0401,1.0401,1.0401,1.0401,1.0401,0.88,0.72,0.72,0.72,0.88
2026-08-26,0.1018,0.0479,0.1049,-0.0313,0.0541,0.7788,0.7264,0.6952,0.6914,0.7033,1.0374,1.0374,1.0374,1.0374,1.0374,0.88,0.72,0.72,0.72,0.88
2026-08-27,0.1018,0.174,0.1401,0.1242,0.0846,0.7788,0.7671,0.718,0.7507,0.7298,1.0386,1.0386,1.0386,1.0386,1.0386,0.88,0.72,0.72,0.72,0.88
