code,name,student_group,sector,sub_industry,alpha_ann,alpha_daily,alpha_t_stat,alpha_p_value,ir_ann,beta_mkt,beta_smb,beta_hml,beta_mom,r_squared,resid_vol_ann,classification,n_obs
300750,宁德时代,同学A（科技与先进制造组）,tech,硬科技与半导体,0.711495021589853,0.002823392942816877,3.304726233329493,0.0009506921374274322,2.0550843301526416,1.3711733988901142,-0.08136269941753782,-0.02332316552940456,-0.038024801589364825,0.29004542051688054,0.3462120805217792,True Alpha (显著高信息比),693
002594,比亚迪,同学A（科技与先进制造组）,tech,硬科技与半导体,0.5913437603310294,0.002346602223535831,2.912794471277029,0.003582102824148978,1.7098315050926722,1.2052648287359535,0.13709669881566747,0.17739866025888315,-0.07162006597343927,0.23798994360309778,0.34584914277794815,True Alpha (显著高信息比),693
688981,中芯国际,同学A（科技与先进制造组）,tech,硬科技与半导体,0.41086424349637374,0.0016304136646681498,2.1239612223470843,0.033673386272233305,1.217020943348979,1.3523945086155276,-0.07968068368171721,0.12048017621681363,-0.2088364375253633,0.2968115218834654,0.3375983344754644,True Alpha (显著高信息比),693
002415,海康威视,同学A（科技与先进制造组）,tech,硬科技与半导体,-0.058953719310665405,-0.0002339433305978786,-0.2878102439545696,0.773491995471708,-0.1696429829347936,1.259654335715276,0.02668273258939285,0.10456672691128341,0.12442346517682591,0.25250752385864206,0.34751640351269764,Pure Beta (纯风格暴露),693
002230,科大讯飞,同学A（科技与先进制造组）,tech,硬科技与半导体,0.12373644225528688,0.0004910176279971702,0.6137107866136114,0.539406459188158,0.35296639170678995,1.4513673302633874,-0.11304231478079292,0.2116757993672236,0.06029287114980368,0.30740663207468144,0.35056154116246585,Pure Beta (纯风格暴露),693
688111,金山办公,同学A（科技与先进制造组）,tech,硬科技与半导体,0.21415050945398423,0.0008498036089443819,1.0424015324524032,0.2972255563118076,0.6202250676119175,1.381051861857631,-0.06598291460991808,-0.008896377344817706,0.011367469702753456,0.29340072380798865,0.3452787070966645,Pure Beta (纯风格暴露),693
603986,兆易创新,同学A（科技与先进制造组）,tech,硬科技与半导体,0.2929121739067474,0.0011623498964553468,1.5759401689117587,0.11503959251593786,0.8500356451195398,1.4135094678218398,0.03432311163436336,0.10515973930748745,0.14711668615207762,0.3020224508933912,0.3445881070852687,Pure Beta (纯风格暴露),693
688525,佰维存储,同学A（科技与先进制造组）,tech,硬科技与半导体,0.2993283338204119,0.0011878108484936981,1.2961724688990683,0.19491607232125174,0.7958425611447604,1.5679059432915325,-0.11232421869440398,0.10267479342686238,-0.27430641659028016,0.3147997274797796,0.3761150112276609,Pure Beta (纯风格暴露),693
601138,工业富联,同学A（科技与先进制造组）,tech,硬科技与半导体,0.06869473103144928,0.00027259813901368764,0.3028541241202039,0.7620010340217913,0.190270045771614,1.3347326306726757,-0.09194357267691276,0.007601929595104334,0.06184930722951395,0.26192347310011777,0.3610380748733583,Pure Beta (纯风格暴露),693
000063,中兴通讯,同学A（科技与先进制造组）,tech,硬科技与半导体,0.2449375645760689,0.0009719744626034481,1.0435851149601092,0.2966773825844893,0.6763256969506942,1.2789212882646988,-0.036249473919516766,-0.14404663062705234,-0.09786662978857476,0.24656981333209982,0.3621591870313416,Pure Beta (纯风格暴露),693
000725,京东方A,同学A（科技与先进制造组）,tech,硬科技与半导体,0.26712165048914543,0.0010600065495601008,1.204701286554801,0.22831863919285234,0.7288816693262145,1.3078357653267079,0.3856556948380354,0.10764312419541336,-0.04425808065014818,0.2473240745616595,0.36648150410487806,Pure Beta (纯风格暴露),693
688012,中微公司,同学A（科技与先进制造组）,tech,硬科技与半导体,0.5304815118958931,0.0021050853646662425,2.6638569756269015,0.007725039954530579,1.4664597554916987,1.4120104504777515,-0.09335574061290804,-0.15322856553637415,0.30926807126645417,0.2866012436239008,0.3617429731087469,True Alpha (显著高信息比),693
002371,北方华创,同学A（科技与先进制造组）,tech,硬科技与半导体,0.4075212076743898,0.001617147649501547,2.172545465317633,0.029814544196364083,1.2012606727687969,1.4220360848466918,0.20205115025574988,0.05507413411990932,0.1794796796206069,0.3109414057248163,0.33924460936117257,True Alpha (显著高信息比),693
603501,韦尔股份,同学A（科技与先进制造组）,tech,硬科技与半导体,0.18355560360880677,0.0007283952524158999,0.9461225193350765,0.3440860990388178,0.5352184063449577,1.3906864517351654,0.21098325049106423,0.2075273321338463,-0.05244847008673755,0.29674821501172977,0.34295457972441623,Pure Beta (纯风格暴露),693
688008,澜起科技,同学A（科技与先进制造组）,tech,硬科技与半导体,0.05492490138850664,0.00021795595789089937,0.25752144180478015,0.7967762651522075,0.15994747191809677,1.4576542494801679,0.06958085586779034,-0.3696788481310266,-0.0074619563201699995,0.32211626136005966,0.3433933698972852,Pure Beta (纯风格暴露),693
300782,卓胜微,同学A（科技与先进制造组）,tech,硬科技与半导体,0.31595827705582147,0.0012538026867294503,1.3263498286208744,0.18472384902292693,0.8812796745524478,1.3504476767920182,0.011040969483995758,-0.06741704827903952,0.07080890453398722,0.2685743229989198,0.3585221424927097,Pure Beta (纯风格暴露),693
002475,立讯精密,同学A（科技与先进制造组）,tech,硬科技与半导体,0.18244897009126956,0.00072400384956853,0.9170361445747082,0.3591237001534201,0.5424642535987333,1.2812048794396635,0.16461013759208995,-0.2341541322745949,0.02623534960286977,0.27453079095408084,0.33633362729598226,Pure Beta (纯风格暴露),693
002241,歌尔股份,同学A（科技与先进制造组）,tech,硬科技与半导体,0.6166045261498623,0.0024468433577375485,2.519789637936006,0.011742498803555459,1.6995549974589648,1.2983686013796272,-0.02966342202768032,-0.7496163569801584,-0.09025976875244787,0.264413035208075,0.3628035144915927,True Alpha (显著高信息比),693
600703,三安光电,同学A（科技与先进制造组）,tech,硬科技与半导体,0.3262802949795348,0.0012947630753156144,1.3878738519909282,0.16517546134566874,0.9042657732031973,1.0965014785428149,0.04336717855027974,0.00028774791945306575,-0.19090474995329648,0.19515805224319016,0.3608234488669698,Pure Beta (纯风格暴露),693
002049,紫光国微,同学A（科技与先进制造组）,tech,硬科技与半导体,0.06780318543611116,0.0002690602596671078,0.32855312318964897,0.7424934848538323,0.1972991971599329,1.3444757083404364,-0.24580192578986673,0.037369736111812234,0.1774051002263422,0.2873591768737389,0.3436566717559888,Pure Beta (纯风格暴露),693
600745,闻泰科技,同学A（科技与先进制造组）,tech,硬科技与半导体,0.26912073325474717,0.001067939417677568,1.3196201467970967,0.18696187292414113,0.7790264139667885,1.2036832770997479,-0.05753275984907549,-0.4310041257681723,-0.08699195628546093,0.2471499578762465,0.345457777078943,Pure Beta (纯风格暴露),693
688396,华润微,同学A（科技与先进制造组）,tech,硬科技与半导体,0.030342269500337415,0.0001204058313505453,0.15612824886180696,0.8759319320258335,0.0852190949771111,0.9940077693657906,0.2836432961685953,-0.07525710269491682,0.2084125437955473,0.1693495410555792,0.3560501259545999,Pure Beta (纯风格暴露),693
002156,通富微电,同学A（科技与先进制造组）,tech,硬科技与半导体,0.3096959396863928,0.00122895214161267,1.5822975882261134,0.11358165106869006,0.8851899727081751,1.394027731701925,-0.06739216212142188,0.2359143153689163,0.16591071146973133,0.29083425054264045,0.3498638136838586,Pure Beta (纯风格暴露),693
600584,长电科技,同学A（科技与先进制造组）,tech,硬科技与半导体,0.47147828874825887,0.0018709455902708686,2.0563238143818885,0.03975131432591706,1.352272044813146,1.3573846639356744,-0.2732339733938965,0.21149014749497186,0.04302947271428407,0.28528173371899834,0.3486563894866338,True Alpha (显著高信息比),693
688099,晶晨股份,同学A（科技与先进制造组）,tech,硬科技与半导体,0.2511136656218085,0.0009964828000865416,1.1888688732040964,0.23449127050092222,0.724628787058341,1.3439922913750963,0.22148630144882228,-0.07926849945308094,0.01885302718295428,0.2795621608125407,0.34654111195501125,Pure Beta (纯风格暴露),693
688126,沪硅产业,同学A（科技与先进制造组）,tech,硬科技与半导体,0.30769177204473547,0.001220999095415617,1.6191132266901012,0.10542290345666236,0.8972006100432149,1.2154656743223775,-0.11943753810708771,-0.3831918378679938,-0.05516052507097279,0.25291797880917677,0.34294645879689617,Pure Beta (纯风格暴露),693
002185,华天科技,同学A（科技与先进制造组）,tech,硬科技与半导体,0.14796431243977046,0.0005871599699990892,0.6789935965650638,0.4971419192779657,0.4242272497146466,1.2472110272157264,0.030516488425057983,0.2023432940416612,0.0002341124898208327,0.24739142081590537,0.34878549772391476,Pure Beta (纯风格暴露),693
688256,寒武纪,同学A（科技与先进制造组）,tech,硬科技与半导体,0.6574470186501372,0.0026089167406751477,3.246850152654185,0.0011668980972411645,1.8225788432875318,1.7741640162310723,0.3551159842785627,0.19101079253545192,0.11086965416487415,0.38247256954425646,0.360723499601393,True Alpha (显著高信息比),693
688521,芯原股份,同学A（科技与先进制造组）,tech,硬科技与半导体,-0.05724098507332372,-0.00022714676616398302,-0.27300348070202785,0.7848505399631607,-0.1629102337448121,1.4460168754123521,-0.03266994077985456,-0.0711055409359817,-0.153215272120798,0.3072895844744923,0.3513651890217521,Pure Beta (纯风格暴露),693
688123,聚辰股份,同学A（科技与先进制造组）,tech,硬科技与半导体,0.6017213895070921,0.00238778329169481,3.064144346431029,0.0021829355612034158,1.7259898620080525,1.2947267994245883,-0.04935076008655666,-0.2556014862780049,-0.07704688901040799,0.2671893270408521,0.3486239419778729,True Alpha (显著高信息比),693
688608,恒玄科技,同学A（科技与先进制造组）,tech,硬科技与半导体,0.2264176811770827,0.0008984828618138202,1.0715303141365158,0.28393104782496326,0.6737591873281268,1.427405088280867,-0.32146144606060223,-0.6387940254270711,0.00890656825839874,0.33491677073271386,0.3360513451029429,Pure Beta (纯风格暴露),693
688002,睿创微纳,同学A（科技与先进制造组）,tech,硬科技与半导体,0.4052099138135414,0.001607975848466434,1.774752252562694,0.07593880337828138,1.111086895181516,1.3785005390962668,-0.14740049780595513,0.07677543507640547,0.026682375313189385,0.27115209672747964,0.3646968707585585,Pure Beta (纯风格暴露),693
300474,景嘉微,同学A（科技与先进制造组）,tech,硬科技与半导体,0.31248169738347037,0.001240006735648692,1.5223754851602955,0.12791502379941216,0.9085680861279894,1.4973965162470788,0.21952928925834275,0.023888073389781703,0.12549140591470956,0.32734505803469904,0.3439276617288661,Pure Beta (纯风格暴露),693
688508,芯朋微,同学A（科技与先进制造组）,tech,硬科技与半导体,0.3356281291165921,0.001331857655224572,1.5735818010068914,0.11558416333881495,0.9808901923555094,1.2060775726983626,-0.0004265880837116587,0.21851008751114337,-0.017271242798112523,0.24252887871550577,0.34216687222717035,Pure Beta (纯风格暴露),693
688766,普冉股份,同学A（科技与先进制造组）,tech,硬科技与半导体,0.12572512795674423,0.0004989092379235882,0.5935104336413359,0.5528396024859783,0.3901269541229706,1.5588531560472672,0.010541596404253693,-0.1451348384939479,0.01585515384012786,0.37812128255482,0.3222672174481819,Pure Beta (纯风格暴露),693
688110,东芯股份,同学A（科技与先进制造组）,tech,硬科技与半导体,0.4362374619968353,0.0017311010396699811,2.059893034111882,0.039408767793406296,1.217840123159488,1.672434382914117,-0.1270796950018,0.03176041587930942,0.17250166656788102,0.36153207484966576,0.35820585452964726,True Alpha (显著高信息比),693
300475,香农芯创,同学A（科技与先进制造组）,tech,硬科技与半导体,0.7139263568153037,0.0028330410984734274,3.1132280039853972,0.0018505299516080509,2.053398580385051,1.6286021508467654,0.09438586697859185,-0.31254058254993655,0.07349226593598579,0.3644769298535374,0.3476803595926462,True Alpha (显著高信息比),693
001309,德明利,同学A（科技与先进制造组）,tech,硬科技与半导体,0.41149007862532216,0.001632897137402072,1.9632815959522332,0.0496134627208068,1.1980189105042156,1.6292936693244782,0.41244557736759263,-0.18859035195172197,-0.10325942229812174,0.3698578362548174,0.34347544518486484,True Alpha (显著高信息比),693
301308,江波龙,同学A（科技与先进制造组）,tech,硬科技与半导体,0.43733967620123915,0.0017354749055604728,2.108481039413802,0.03498940113390803,1.2207751194233154,1.419411792129257,-0.39476539451218146,0.04346268412942693,0.10792366153102737,0.2956935666949624,0.35824753408132615,True Alpha (显著高信息比),693
300223,北京君正,同学A（科技与先进制造组）,tech,硬科技与半导体,0.21206888798518259,0.0008415432062904071,1.0551534541807503,0.2913551479840488,0.625815481400537,1.3613985623989129,0.3715981992844313,-0.0974928416556344,-0.2250838342948783,0.29817745545997576,0.3388680757954171,Pure Beta (纯风格暴露),693
000021,深科技,同学A（科技与先进制造组）,tech,硬科技与半导体,-0.1763342773846842,-0.0006997391959709691,-0.8578339376765707,0.39098416697257543,-0.5185955310798558,1.4725293656072183,0.31620676559128025,0.039000542960367195,0.093526496737226,0.32508511528596007,0.34002274762666906,Pure Beta (纯风格暴露),693
300059,东方财富,同学A（科技与先进制造组）,tech,硬科技与半导体,0.42222995520752193,0.0016755156952679442,1.9811040337734716,0.04757960802968912,1.2130529129771188,1.4579858868255235,0.13959997512793423,0.03187626393660081,-0.19589086739883863,0.31340835671579337,0.34807216625964793,True Alpha (显著高信息比),693
600570,恒生电子,同学A（科技与先进制造组）,tech,硬科技与半导体,0.42377196511636356,0.0016816347822077918,2.052536338449959,0.04011756726977217,1.1910857373330683,1.3766240492713442,-0.110110549124014,-0.07019260239694526,-0.14660535849074294,0.2828143877794226,0.35578628123381045,True Alpha (显著高信息比),693
300812,易天股份,同学A（科技与先进制造组）,tech,硬科技与半导体,-0.028501717261029656,-0.00011310205262313355,-0.13673702110748961,0.8912386657430059,-0.07958668938079953,1.460672800936355,0.005025053271046709,-0.083230209860912,-0.08654232557052967,0.3021919494026202,0.35812165932241624,Pure Beta (纯风格暴露),693
300196,长海股份,同学A（科技与先进制造组）,tech,硬科技与半导体,-0.2351642945230184,-0.0009331916449326127,-1.1869417324746867,0.23525060462960978,-0.6850065880736668,1.009828124177651,0.3011839677238857,-0.21654902686315858,0.10606024551577065,0.18558252162159905,0.3433022376972066,Pure Beta (纯风格暴露),693
300274,阳光电源,同学A（科技与先进制造组）,tech,硬科技与半导体,0.38672209321304957,0.0015346114810041648,1.8050592929705556,0.07106540415010254,1.1209224489392489,1.468252395981056,-0.1382072786417367,0.5806513985967655,-0.08822500357069762,0.3227579772055673,0.34500343318042426,Pure Beta (纯风格暴露),693
300014,亿纬锂能,同学A（科技与先进制造组）,tech,硬科技与半导体,0.6013252716120608,0.0023862113952859555,2.7506177830521015,0.005948300312009278,1.670259798422875,1.243986777284013,0.043327036739880455,-0.2564382395446132,0.047350393451233326,0.23833287350427446,0.36001900553426225,True Alpha (显著高信息比),693
002460,赣锋锂业,同学A（科技与先进制造组）,tech,硬科技与半导体,0.07737127629801024,0.00030702887419845336,0.3630186024387565,0.7165909881558654,0.21929159109394158,1.4137393247580368,0.28939444593326474,-0.1021155310686122,0.011936448953268364,0.29326579430270516,0.3528237262178714,Pure Beta (纯风格暴露),693
002466,天齐锂业,同学A（科技与先进制造组）,tech,硬科技与半导体,-0.060109815238019004,-0.00023853101284928178,-0.26541459583773414,0.7906900933987324,-0.16552188826291803,1.461911289707345,0.09173553073693796,-0.13414439803362185,-0.10718278272849627,0.2967802839522282,0.36315327156333227,Pure Beta (纯风格暴露),693
603799,华友钴业,同学A（科技与先进制造组）,tech,硬科技与半导体,0.1497177849391189,0.0005941181942028527,0.7266308133683126,0.4674521469366484,0.4450472217312352,1.2278438382975052,-0.21093853515970093,-0.24470772245885045,-0.20026683718765556,0.26583469766099466,0.33640876210105575,Pure Beta (纯风格暴露),693
600900,长江电力,同学B（新能源与周期资源组）,defensive,绿电与清洁公用,0.22140189002931285,0.0008785789286877494,2.4311333653072156,0.015051673099707537,1.4046547097617115,0.6535050305004098,0.06810477934422735,-0.16871629022368118,0.05622488948185253,0.31149265137326865,0.15762015283234407,True Alpha (显著高信息比),693
601985,中国核电,同学B（新能源与周期资源组）,defensive,绿电与清洁公用,0.0874554717266156,0.0003470455227246651,0.941138559069947,0.3466338577749203,0.5562083429225205,0.7042392279465406,-0.09275269946821056,-0.1145101450433381,-0.08417483260460938,0.34943000427176274,0.1572350951571363,Pure Beta (纯风格暴露),693
600905,三峡能源,同学B（新能源与周期资源组）,growth,绿电与清洁公用,-0.03056764700369456,-0.00012130018652259745,-0.19304439222515193,0.8469242019391339,-0.11187186404030161,0.9154243497689548,-0.17339012887689587,0.211433036673003,-0.06467479332348104,0.2291362266128878,0.27323802339328707,Pure Beta (纯风格暴露),693
600886,国投电力,同学B（新能源与周期资源组）,defensive,绿电与清洁公用,-0.024585142953657935,-9.756009108594419e-05,-0.24440258809692816,0.8069190375357665,-0.15653773754115655,0.7677782450824555,-0.05045555580505582,0.1315818814868806,0.008380332189241889,0.38218481648537184,0.15705569366105135,Pure Beta (纯风格暴露),693
600011,华能国际,同学B（新能源与周期资源组）,growth,绿电与清洁公用,0.4472328342100939,0.0017747334690876742,2.5460847961543105,0.010893872189815251,1.5527400680982797,1.1078598091468312,0.4450371821935475,0.06105964589624972,-0.21660465655699215,0.28203665756925156,0.2880281403170351,True Alpha (显著高信息比),693
600795,国电电力,同学B（新能源与周期资源组）,defensive,绿电与清洁公用,0.14048068475453293,0.0005574630347402101,1.4694484760346744,0.141711187155946,0.8911741276569042,0.8081014586021112,-0.0070903470417105876,-0.1585757426858772,-0.04211959123586796,0.4091980163156862,0.15763550623253397,Pure Beta (纯风格暴露),693
001289,龙源电力,同学B（新能源与周期资源组）,growth,绿电与清洁公用,0.5646717123502155,0.0022407607632945062,3.133929846318481,0.0017248208734821882,2.0000659699384897,0.9448444422367384,-0.09631941623396847,-0.25375995505098176,-0.2312455433660276,0.23568553371871448,0.2823265436427488,True Alpha (显著高信息比),693
000591,太阳能,同学B（新能源与周期资源组）,growth,绿电与清洁公用,0.15453556634718757,0.0006132363743936015,0.8948362081668485,0.3708746516088083,0.5618587536100167,1.0615593956588874,0.1311785494599039,0.13801640462641537,0.05364002741052896,0.2759451203931911,0.27504344348873483,Pure Beta (纯风格暴露),693
601016,节能风电,同学B（新能源与周期资源组）,growth,绿电与清洁公用,0.3483774500076272,0.001382450198442965,1.878629705117368,0.060295072183367694,1.1925578651084046,0.8140498708352791,-0.04385215257747813,-0.1581689845271436,0.14223175108708974,0.17040201092916785,0.29212624410133714,Pure Beta (纯风格暴露),693
001258,立新能源,同学B（新能源与周期资源组）,growth,绿电与清洁公用,0.198021474670996,0.0007857995026626826,1.2332048795477153,0.21749933533509935,0.6832651646024107,1.0074901455868295,-0.09862580702600046,0.2834335375080633,-0.09508253135544031,0.2408536685401994,0.2898164357409088,Pure Beta (纯风格暴露),693
688223,晶科能源,同学B（新能源与周期资源组）,growth,绿电与清洁公用,0.14059554358145845,0.0005579188237359462,0.7651900213669363,0.44415840077866775,0.4730952398614528,1.3093104107508131,0.034772941180206976,0.16685790364921765,0.10325341543515515,0.33258118851626184,0.29718232553477447,Pure Beta (纯风格暴露),693
601012,隆基绿能,同学B（新能源与周期资源组）,growth,绿电与清洁公用,0.06616051775247728,0.00026254173711300505,0.36646195080358634,0.714020399699099,0.22775250878072015,1.1901750215612104,-0.022377280311565606,0.3613806664980993,0.10857616019508316,0.30238676105455076,0.2904930360884698,Pure Beta (纯风格暴露),693
600438,通威股份,同学B（新能源与周期资源组）,growth,绿电与清洁公用,0.35468757230134207,0.0014074903662751668,1.9595645446688608,0.050046708862580516,1.3282963561004788,1.2853408513124764,-0.2710120631119562,0.04102379334658609,0.2771529974626054,0.3813893809727249,0.2670244261925174,Pure Beta (纯风格暴露),693
688599,天合光能,同学B（新能源与周期资源组）,growth,绿电与清洁公用,0.17179282104349994,0.0006817175438234125,0.9986159422138421,0.31798077431633254,0.6193399425827983,1.3526530142480182,0.017836894348573263,-0.29144206591214716,-0.0032640309543305918,0.38474373358833935,0.2773804969320759,Pure Beta (纯风格暴露),693
002812,恩捷股份,同学B（新能源与周期资源组）,growth,绿电与清洁公用,0.15640008447485715,0.0006206352558526077,0.8943376128768818,0.37114128122753565,0.5487197156304527,1.3254014173984021,-0.044914840223833644,-0.16145309129074156,0.0029557480546826306,0.36107518110712455,0.2850272735237168,Pure Beta (纯风格暴露),693
603659,璞泰来,同学B（新能源与周期资源组）,growth,绿电与清洁公用,0.3238332699751732,0.0012850526586316397,1.920124278188773,0.054842203314314664,1.1543617076601724,1.3240629280984464,-0.17062557192661326,0.024080715315015162,-0.03784514544610924,0.3686418993692063,0.28053015603884285,Pure Beta (纯风格暴露),693
300450,先导智能,同学B（新能源与周期资源组）,growth,绿电与清洁公用,-0.3166073369165952,-0.0012563783210976,-1.752754704764121,0.07964412114200421,-1.0953986058102112,1.2182407833412565,-0.08011685090802334,-0.1596206463846093,-0.043477752276431546,0.3183290628724106,0.2890339053174316,Pure Beta (纯风格暴露),693
605117,德业股份,同学B（新能源与周期资源组）,growth,绿电与清洁公用,-0.1473696958594591,-0.000584800380394679,-0.8382446072234031,0.401893339008772,-0.5018859675354701,1.3813264167396184,-0.06515021097283952,-0.09849399997819608,0.008703718250279232,0.3657504998184319,0.29363183151567984,Pure Beta (纯风格暴露),693
688032,禾迈股份,同学B（新能源与周期资源组）,growth,绿电与清洁公用,0.19920267651022688,0.0007904868115485193,1.035941999412579,0.3002292021703772,0.6804550360911433,1.4681143710854108,0.06485783976106219,0.05559764642967713,-0.06438928556964775,0.39359854306556996,0.2927492133125234,Pure Beta (纯风格暴露),693
688063,派能科技,同学B（新能源与周期资源组）,growth,绿电与清洁公用,0.5544863406061479,0.0022003426214529677,3.600568593887367,0.0003175220446507982,2.041138472876482,1.348508762655494,-0.1743771122611011,0.06582771116535086,0.000810563682136272,0.39175759272388666,0.2716554256236893,True Alpha (显著高信息比),693
600025,华能水电,同学B（新能源与周期资源组）,defensive,绿电与清洁公用,0.2095481464886029,0.0008315402638436623,1.9975474635817352,0.045765743820707534,1.3272132673714288,0.7043046276323475,-0.05662281096082356,-0.009099982302970417,-0.05287397600131297,0.3426624874757658,0.15788581356153636,True Alpha (显著高信息比),693
600027,华电国际,同学B（新能源与周期资源组）,defensive,绿电与清洁公用,0.11836050065762961,0.00046968452641916515,1.2612045397598715,0.20723516345181847,0.7318704496859171,0.8139412397726166,0.05511270908711293,0.0009406403896844523,0.0414869897379139,0.39453256180278107,0.16172329502909177,Pure Beta (纯风格暴露),693
600674,川投能源,同学B（新能源与周期资源组）,defensive,绿电与清洁公用,0.154610482949782,0.000613533662499135,1.5495085338768093,0.12125952165703308,1.0106090831393202,0.704982492103194,0.08889762298745475,0.18134994251798342,-0.023109353879339694,0.35298171246827903,0.15298742662148407,Pure Beta (纯风格暴露),693
600023,浙能电力,同学B（新能源与周期资源组）,defensive,绿电与清洁公用,0.2004888577554702,0.00079559070537885,2.1917812552459806,0.028395305242409376,1.2598063555898604,0.8262001495546701,-0.04678922653491564,-0.05263921069987582,-0.026644897454776623,0.41314789129938057,0.15914259907158376,True Alpha (显著高信息比),693
600863,内蒙华电,同学B（新能源与周期资源组）,defensive,绿电与清洁公用,0.16522222609232676,0.0006556437543346299,1.8159237637072516,0.0693820674358991,1.053511135945273,0.7789943065235314,0.05233391115904812,-0.08816874480072323,0.0860741376758697,0.3903569454345235,0.15683007085072673,Pure Beta (纯风格暴露),693
000037,深南电A,同学B（新能源与周期资源组）,growth,绿电与清洁公用,0.07840445345072537,0.0003111287835346245,0.4908196126342641,0.6235540371686425,0.2654402513642068,1.1677493639558827,-0.03488729908168714,-0.05134065126714421,0.03508734078202338,0.2885693161753239,0.29537514769434015,Pure Beta (纯风格暴露),693
000539,粤电力A,同学B（新能源与周期资源组）,defensive,绿电与清洁公用,0.002148678458448572,8.526501819240365e-06,0.023034482095973804,0.9816227675051306,0.013402707698064696,0.8849797800814548,0.19154804694773073,0.19360054454739634,-0.06699980146400449,0.43990090721190034,0.16031674396352266,Pure Beta (纯风格暴露),693
600578,京能电力,同学B（新能源与周期资源组）,defensive,绿电与清洁公用,0.418876285437126,0.0016622074818933572,4.286473403612711,1.8153192476942452e-05,2.537693847486852,0.8330877490212129,-0.03629169037588941,-0.08679239553659059,-0.035894880206494104,0.40013908972000434,0.16506178862038492,True Alpha (显著高信息比),693
600780,通宝能源,同学B（新能源与周期资源组）,defensive,绿电与清洁公用,-0.10555942650210266,-0.000418886613103582,-1.0473868330723337,0.29492120197659677,-0.653117300867137,0.755033511112274,-0.047470842226442295,0.07065504478499689,0.012166737003964681,0.3610282391740265,0.1616239936715082,Pure Beta (纯风格暴露),693
600452,涪陵电力,同学B（新能源与周期资源组）,defensive,绿电与清洁公用,-0.011774661339522917,-4.67248465854084e-05,-0.1267152299898187,0.899165791221595,-0.07204383542406241,0.7677971618979584,0.03947679536405695,0.11192513202569179,-0.0197895926390199,0.3619757347994442,0.1634374581838298,Pure Beta (纯风格暴露),693
601991,大唐发电,同学B（新能源与周期资源组）,defensive,绿电与清洁公用,0.05704100203342956,0.00022635318267233951,0.5362142774592819,0.5918104671523851,0.344193510477066,0.8066830066489385,-0.1212291217044066,0.04455593998607519,-0.008329359643076321,0.3832043296540014,0.16572364178037075,Pure Beta (纯风格暴露),693
600098,广州发展,同学B（新能源与周期资源组）,defensive,绿电与清洁公用,-0.06447041301641755,-0.00025583497228737125,-0.6214850534762822,0.5342805256941505,-0.41638180697058386,0.7878707017986298,0.022898921414513853,0.13272613316643078,0.07031360694749701,0.3992297376135586,0.15483484613671464,Pure Beta (纯风格暴露),693
000690,宝新能源,同学B（新能源与周期资源组）,defensive,绿电与清洁公用,0.1861197254207787,0.0007385703389713441,1.7906663840851902,0.07334684722173895,1.183640653206833,0.7056379066559388,-0.07697837237812913,-0.07894171600293806,0.04731101618822531,0.34605731311905186,0.15724343779214178,Pure Beta (纯风格暴露),693
600167,联美量子,同学B（新能源与周期资源组）,defensive,绿电与清洁公用,-0.09334755538005038,-0.00037042680706369195,-0.9246931191510182,0.3551255596347116,-0.5823925500350541,0.7514323758955519,0.01813863454641909,0.08760327761578593,-0.06173444737587874,0.362519703651365,0.16028288029170673,Pure Beta (纯风格暴露),693
000862,银星能源,同学B（新能源与周期资源组）,growth,绿电与清洁公用,0.07036932656215689,0.0002792433593736384,0.37854498474342024,0.7050257825277086,0.2383043776128876,1.0619224547280286,-0.13408453679220045,-0.10362399553744851,-0.24762580757707725,0.25955401426524605,0.295291791393224,Pure Beta (纯风格暴露),693
600642,申能股份,同学B（新能源与周期资源组）,defensive,绿电与清洁公用,0.31694210841456766,0.0012577067794228875,3.168982236649115,0.001529737440895372,1.991767998836451,0.6752852963244703,-0.02924438724133565,0.032650862986403094,0.12290552525720755,0.3186776151876263,0.15912601698577272,True Alpha (显著高信息比),693
600236,桂冠电力,同学B（新能源与周期资源组）,defensive,绿电与清洁公用,0.2003336015070362,0.0007949746091549055,1.8829391488150748,0.059708614987730155,1.258002742080484,0.6769067454745197,0.007411871013531415,-0.09382163926373711,0.04671969751752637,0.32011658671397025,0.15924734883782896,Pure Beta (纯风格暴露),693
000966,杉杉股份,同学B（新能源与周期资源组）,growth,绿电与清洁公用,0.24710479387500056,0.0009805745788690498,1.299265577537409,0.1938528032354081,0.8640687858902022,1.2304262218534596,-0.029770806972652962,-0.09415690288452462,0.04288091793290815,0.3248759166351902,0.28597815117279374,Pure Beta (纯风格暴露),693
300769,德方纳米,同学B（新能源与周期资源组）,growth,绿电与清洁公用,0.48049975984694426,0.0019067450787577152,2.810022249401363,0.004953807522877587,1.63738266739479,1.3532532278241192,-0.24048408996798282,0.013473603001395874,-0.24008067199867114,0.36357462118870976,0.2934559949944131,True Alpha (显著高信息比),693
300037,新宙邦,同学B（新能源与周期资源组）,growth,绿电与清洁公用,0.058027672299437456,0.00023026854087078357,0.32722356950382947,0.7434987954142618,0.20231008349658303,1.2056377930207887,0.1434118899025352,-0.2881547470717158,-0.09620262825251433,0.3180613418570307,0.28682540828676756,Pure Beta (纯风格暴露),693
002407,多氟多,同学B（新能源与周期资源组）,growth,绿电与清洁公用,0.1940279649089359,0.0007699522417021266,1.1298633323291778,0.2585338167341197,0.676197126033246,1.2174001209255587,0.15989148165974568,-0.025040074085523355,-0.08146486169489704,0.3176206313642066,0.28693994316000143,Pure Beta (纯风格暴露),693
300073,当升科技,同学B（新能源与周期资源组）,growth,绿电与清洁公用,0.5261464109509505,0.0020878825831386924,3.1738316022849773,0.001504409459291033,1.8580724781274585,1.40326652318859,-0.11843472177088235,-0.10544280296867377,-0.17711297182605587,0.3938540514051795,0.28316786193464,True Alpha (显著高信息比),693
300568,星源材质,同学B（新能源与周期资源组）,growth,绿电与清洁公用,0.2739262482361036,0.0010870089215718397,1.6687797362049,0.09516104005204638,0.9946031779463587,1.2812876318196778,0.15815771211089164,-0.027792112465964847,0.1284479981136499,0.3577616683132042,0.27541260103522125,Pure Beta (纯风格暴露),693
688772,珠海冠宇,同学B（新能源与周期资源组）,growth,绿电与清洁公用,0.23866585499690676,0.0009470867261782014,1.2791656640089464,0.20083872429586003,0.8593806384386559,1.3242636130862302,-0.04338882789141671,0.3167349673081112,0.0937608061428113,0.3696878888466928,0.27771844549642266,Pure Beta (纯风格暴露),693
688005,容百科技,同学B（新能源与周期资源组）,growth,绿电与清洁公用,0.24951080128524425,0.0009901222273223978,1.4185413785682408,0.15603276689792273,0.8891837335351048,1.2734455456277098,0.049012527672495476,0.2822620114425413,-0.07374287100511101,0.3469854229354893,0.2806065741815481,Pure Beta (纯风格暴露),693
002709,天赐材料,同学B（新能源与周期资源组）,growth,绿电与清洁公用,0.3041427225577026,0.001206915565705169,1.5854226058954002,0.11287034837124035,1.051897633971498,1.2623409732738637,-0.17041394817471966,0.15853389750598418,0.19997473933782633,0.3325178870688893,0.28913718667604077,Pure Beta (纯风格暴露),693
002074,国轩高科,同学B（新能源与周期资源组）,growth,绿电与清洁公用,0.20227025279402905,0.0008026597333096391,1.2427262668005035,0.21396872118206245,0.7365821140881338,1.2837882094194586,0.01713936157340518,0.029389221986246754,-0.0099841653113769,0.3606777286264038,0.2746065223758976,Pure Beta (纯风格暴露),693
002080,中材科技,同学B（新能源与周期资源组）,growth,绿电与清洁公用,-0.029916932431278295,-0.00011871798583840593,-0.1776668102778754,0.8589846520671893,-0.10883976340048296,1.0489649678635429,0.21420438768434694,-0.07086335025255229,-0.020827396628521858,0.27362682160923735,0.27487134753497217,Pure Beta (纯风格暴露),693
601865,福莱特,同学B（新能源与周期资源组）,growth,绿电与清洁公用,0.24936604982148186,0.000989547816751912,1.4433137187350116,0.1489321169515549,0.8691864416800231,1.2102993551955945,-0.3427845855671375,-0.21740182488825505,0.2349295720382187,0.32695944394118104,0.2868959268847891,Pure Beta (纯风格暴露),693
600875,东方电气,同学B（新能源与周期资源组）,growth,绿电与清洁公用,0.15494283319812974,0.000614852512690991,0.8436824006512607,0.398846904668825,0.5325107288147628,1.170396925041433,-0.08567946992867158,0.22868453641946307,0.2627151098105545,0.2968134466128791,0.29096659431255817,Pure Beta (纯风格暴露),693
600547,山东黄金,同学B（新能源与周期资源组）,global,黄金有色与周期资源,0.04993754983066525,0.00019816488028041765,0.2573002851298386,0.7969469723603488,0.16506080871282675,0.976200067328463,-0.2821731760462241,0.19345778999991986,0.04805795692106619,0.21784435919403022,0.30254031965605316,Pure Beta (纯风格暴露),693
600489,中金黄金,同学B（新能源与周期资源组）,global,黄金有色与周期资源,0.07606334702977026,0.00030183867868956453,0.4033757017330251,0.6866718590683702,0.242580925277789,0.8949726098127259,-0.09535092774298014,0.051523097770262524,0.2414901646889778,0.17687193044272675,0.3135586482847616,Pure Beta (纯风格暴露),693
601899,紫金矿业,同学B（新能源与周期资源组）,global,黄金有色与周期资源,0.36874010617137987,0.0014632543895689678,1.8921899131909947,0.058465681825433,1.251149005884894,1.0515009573588194,-0.16193450047439462,0.1801592151658995,-0.05438478147421404,0.25061107417794193,0.29472117584474516,Pure Beta (纯风格暴露),693
002155,湖南黄金,同学B（新能源与周期资源组）,global,黄金有色与周期资源,0.39131606944149655,0.001552841545402764,1.9594450746259584,0.05006068630469344,1.2571128110396348,1.0334965354618086,0.2961632854849327,0.02798829964649681,0.05285748602451477,0.22123215821529285,0.31128158587285215,Pure Beta (纯风格暴露),693
000975,银泰黄金,同学B（新能源与周期资源组）,global,黄金有色与周期资源,0.28609593325213084,0.0011353013224290906,1.6536538965286955,0.09819785509905252,0.9675875051408396,0.958863082550722,0.23337748989278206,0.0021023243519288823,0.10459260362015041,0.21321043006019857,0.2956796483337054,Pure Beta (纯风格暴露),693
600988,赤峰黄金,同学B（新能源与周期资源组）,global,黄金有色与周期资源,-0.11119849298390155,-0.00044126386104722837,-0.6177830839179058,0.5367183356986236,-0.37240264186323857,1.006649968861611,-0.015310872262301713,-0.017996761715581608,0.11084759204991916,0.227355162711393,0.29859748692314103,Pure Beta (纯风格暴露),693
601069,西部黄金,同学B（新能源与周期资源组）,global,黄金有色与周期资源,-0.09444290207801363,-0.00037477342094449856,-0.5323535314768121,0.5944811628057558,-0.3159952149315803,1.138552794728246,0.08091193646324461,0.18499905747137393,-0.11038605986326996,0.2727606236336938,0.29887446902783815,Pure Beta (纯风格暴露),693
603993,洛阳钼业,同学B（新能源与周期资源组）,global,黄金有色与周期资源,0.3620160386959628,0.0014365715821268365,1.8480494260968099,0.06459519299740969,1.1901325289941358,1.037870108863528,0.3780492727252863,-0.25578578861179585,-0.052748109159276156,0.2367066128197608,0.3041812822324316,Pure Beta (纯风格暴露),693
600362,江西铜业,同学B（新能源与周期资源组）,global,黄金有色与周期资源,0.5126540634593268,0.0020343415216639953,2.547511087399243,0.010849440539809232,1.6512314025792483,1.167293261350297,-0.13552637677258408,0.31330903551034633,-0.030753747795723027,0.26978037622620066,0.31046772890738,True Alpha (显著高信息比),693
000630,铜陵有色,同学B（新能源与周期资源组）,global,黄金有色与周期资源,-0.08764718858198924,-0.00034780630389678267,-0.4990151719799228,0.6177686956969115,-0.2918352298096875,1.1372320218456384,0.1962637281545382,0.17603732056641155,-0.09441016618529513,0.2697419866403272,0.3003310759949921,Pure Beta (纯风格暴露),693
000878,云南铜业,同学B（新能源与周期资源组）,global,黄金有色与周期资源,0.027752804520464927,0.00011013017666851161,0.14062115021640226,0.8881692388095671,0.09048621849289883,1.143895660472111,-0.3197980595893475,-0.07968330804623865,0.07432075785261809,0.27224452714224745,0.3067075294194432,Pure Beta (纯风格暴露),693
601600,中国铝业,同学B（新能源与周期资源组）,global,黄金有色与周期资源,0.3426898716137831,0.0013598804429118378,1.9645941502841664,0.0494612295662631,1.1735702298439512,1.0748555302075617,-0.08271418476067237,0.24081569873752937,0.006056970545976405,0.2600421171964987,0.29200627529496076,True Alpha (显著高信息比),693
002532,天山铝业,同学B（新能源与周期资源组）,global,黄金有色与周期资源,0.19648211830297962,0.0007796909456467446,1.0691944822261348,0.284982044528047,0.627007853637639,1.1283209755236159,0.026933242747546816,-0.4520953522747248,0.20469845683934274,0.2599576916507139,0.3133646846097255,Pure Beta (纯风格暴露),693
600219,南山铝业,同学B（新能源与周期资源组）,global,黄金有色与周期资源,0.0957200732399587,0.00037984156047602655,0.5519166143787549,0.5810054847657103,0.308442014043698,0.9314118394562013,0.10098216838376488,0.20196473857239425,0.07919633996415566,0.18736021420098592,0.3103340948435051,Pure Beta (纯风格暴露),693
600549,厦门钨业,同学B（新能源与周期资源组）,global,黄金有色与周期资源,-0.12432055059337746,-0.0004933355182276883,-0.691682856347762,0.4891365154158177,-0.42204956270154725,1.00025467928044,0.07521415199742199,0.237594538521608,-0.013816532236446525,0.22848056409658968,0.29456386543229485,Pure Beta (纯风格暴露),693
600392,盛和资源,同学B（新能源与周期资源组）,global,黄金有色与周期资源,0.3555934780763364,0.0014110852304616524,1.9289218160783042,0.053740569036621985,1.1478371628082322,1.420141056985579,0.13065910102796763,-0.3079015422629401,-0.23525854724892353,0.3587026163006303,0.3097943589893552,Pure Beta (纯风格暴露),693
600111,北方稀土,同学B（新能源与周期资源组）,global,黄金有色与周期资源,0.4279682977243321,0.0016982868957314766,2.335733315250976,0.019505145018228285,1.3777031944877147,1.3787613420846396,0.05394234691858977,-0.06784381461206578,-0.03262774965272053,0.337819276071597,0.31063896740361985,True Alpha (显著高信息比),693
000831,中国稀土,同学B（新能源与周期资源组）,global,黄金有色与周期资源,0.38103340301473376,0.0015120373135505307,2.1753760312793364,0.029601949146718747,1.3083503004324533,1.2972593137889905,-0.014046422501207285,0.1269673575096515,0.13431783197310307,0.3382322460909465,0.2912319452128299,True Alpha (显著高信息比),693
002240,盛新锂能,同学B（新能源与周期资源组）,global,黄金有色与周期资源,0.3051231653191676,0.0012108062115839984,1.5798424992828566,0.11414294013997367,0.9972601206264887,1.2715344183463262,0.1396254246753425,-0.17839186498948156,-0.12823017060986308,0.31138831376141896,0.3059614628202382,Pure Beta (纯风格暴露),693
002756,永兴材料,同学B（新能源与周期资源组）,global,黄金有色与周期资源,0.01309309702015758,5.195673420697452e-05,0.06450647728159539,0.9485669497305098,0.04038204470539277,1.2368367133786475,-0.10281272303584672,0.08284995446897639,-0.08726664959021918,0.2753442495334484,0.32423066032634745,Pure Beta (纯风格暴露),693
002738,中矿资源,同学B（新能源与周期资源组）,global,黄金有色与周期资源,0.3627268220076082,0.001439392150823842,1.9014961788548341,0.05723705253190386,1.1825411319161765,1.3340673787846118,0.1934621661378313,0.24680412724350867,0.007305523262950576,0.3262778324871872,0.30673505742658586,Pure Beta (纯风格暴露),693
002497,雅化集团,同学B（新能源与周期资源组）,global,黄金有色与周期资源,0.42513176018615434,0.0016870307943895014,2.2040433717054344,0.027521294030330903,1.3823238781594496,1.2595006913190134,-0.07547280213644667,-0.1787210487076306,0.07831030166297993,0.3053593889101578,0.3075485903869454,True Alpha (显著高信息比),693
000960,锡业股份,同学B（新能源与周期资源组）,global,黄金有色与周期资源,0.10922303186179895,0.0004334247296103133,0.6213158594979579,0.5343918207950682,0.375121890646448,1.2092932727108345,0.3303647965737405,-0.12530151718537041,0.003104110709302882,0.30954223686577365,0.2911667769470206,Pure Beta (纯风格暴露),693
600961,株冶集团,同学B（新能源与周期资源组）,global,黄金有色与周期资源,0.37011975853713747,0.0014687292005441963,1.9383032169992387,0.052586240163684767,1.189763353853022,1.0061840469183798,0.0815477380041069,-0.0048880158961553495,-0.055345423619760824,0.2127957919604343,0.3110868706272663,Pure Beta (纯风格暴露),693
600497,驰宏锌锗,同学B（新能源与周期资源组）,global,黄金有色与周期资源,0.23918587508640166,0.0009491502979619113,1.3297645144928125,0.18359587108202713,0.7994032968397349,1.0938145872253777,-0.2077951164010582,0.04203047291454302,-0.09135611527036223,0.2618723235179172,0.2992055149534289,Pure Beta (纯风格暴露),693
000060,中金岭南,同学B（新能源与周期资源组）,global,黄金有色与周期资源,-0.04876338079787297,-0.00019350547935663879,-0.29882050987475717,0.7650770009323264,-0.16623046875016861,0.9723081299506366,-0.0751564067795033,0.16232156068837528,0.14869467703815178,0.22180932611194615,0.29334803158836376,Pure Beta (纯风格暴露),693
600338,西藏珠峰,同学B（新能源与周期资源组）,global,黄金有色与周期资源,0.06711673109513072,0.000266336234504487,0.36596051326693285,0.7143945405569054,0.22436991025992545,1.2166744318739624,-0.19280783027517534,-0.23296288122191802,0.0807551695852887,0.3059109506411979,0.29913427793137737,Pure Beta (纯风格暴露),693
601168,西部矿业,同学B（新能源与周期资源组）,global,黄金有色与周期资源,0.14880513352361396,0.0005904965616016427,0.8046449780641228,0.42102457908014246,0.5002035306509645,1.1439476992378155,0.1607458650010945,0.20051849348414255,0.027469949121094038,0.2744847307334237,0.29748917071808567,Pure Beta (纯风格暴露),693
000688,国城矿业,同学B（新能源与周期资源组）,global,黄金有色与周期资源,0.4760829660154514,0.001889218119108934,2.6597162107779746,0.007820651621938882,1.512600797595707,1.1265366170354598,-0.11681679052056645,-0.1214505477383624,-0.3162356695298727,0.25928326824906356,0.3147446218276426,True Alpha (显著高信息比),693
002114,罗平锌电,同学B（新能源与周期资源组）,global,黄金有色与周期资源,0.3598806905523894,0.0014280979783824978,2.065634016423202,0.03886304996419547,1.2249043414204785,1.0951997429125047,-0.11990827855934443,-0.16070466630631508,-0.003970708137902451,0.26839245590881466,0.29380309823626594,True Alpha (显著高信息比),693
600019,宝钢股份,同学B（新能源与周期资源组）,bluechip,黄金有色与周期资源,-0.02416085940406426,-9.58764262066042e-05,-0.18687631466150384,0.8517576101993622,-0.11733708661994978,0.7305789994957097,-0.17796160032092403,-0.23006716631540158,-0.033853557693256944,0.25723553789533615,0.20590982868289834,Pure Beta (纯风格暴露),693
000932,华菱钢铁,同学B（新能源与周期资源组）,bluechip,黄金有色与周期资源,0.20888384643011082,0.0008289041525004398,1.6840378511062704,0.09217435386949056,0.993953860648503,0.9899823851888271,-0.017642167359938003,0.14235942757580095,0.044247124586207644,0.3636237781076086,0.2101544696388875,Pure Beta (纯风格暴露),693
600585,海螺水泥,同学B（新能源与周期资源组）,bluechip,黄金有色与周期资源,0.16405579327394945,0.0006510150526744026,1.3462881779804685,0.1782095969477815,0.7839844415111573,0.7483181393742346,0.28728522977054394,-0.02156450123425797,-0.09277429550020795,0.25193613780742163,0.20925899110666815,Pure Beta (纯风格暴露),693
600309,万华化学,同学B（新能源与周期资源组）,bluechip,黄金有色与周期资源,0.2054134015863762,0.0008151325459776833,1.8084115210416918,0.0705424761477966,1.0146431548094381,1.0565610871173652,-0.03631533452789735,0.21698676881679135,0.011203793836711592,0.41284679349799447,0.20244891084388703,Pure Beta (纯风格暴露),693
600346,恒力石化,同学B（新能源与周期资源组）,bluechip,黄金有色与周期资源,0.20009691978328267,0.0007940353959654074,1.6020399577582007,0.10914677381730561,0.9784910308337346,1.0370247242662376,0.0934148054758313,-0.1123792721081374,0.05697452124827582,0.399767717909138,0.20449540514723755,Pure Beta (纯风格暴露),693
002493,荣盛石化,同学B（新能源与周期资源组）,bluechip,黄金有色与周期资源,0.11245936193429501,0.00044626730926307546,0.8725814519335205,0.38289125401611224,0.5637409187396449,1.0916076193116035,-0.020429886048181863,0.06872896245896387,0.05954917849464389,0.4357165087308098,0.19948766923948028,Pure Beta (纯风格暴露),693
000301,东方盛虹,同学B（新能源与周期资源组）,bluechip,黄金有色与周期资源,0.22650905219600923,0.0008988454452222588,1.7610169872436614,0.07823552787525266,1.0698038545476352,1.1373468988314464,-0.1250521112706771,-0.02609464351567318,0.07264507935187346,0.4297569298927726,0.21172951586698877,Pure Beta (纯风格暴露),693
002648,卫星化学,同学B（新能源与周期资源组）,growth,黄金有色与周期资源,-0.0691226930705915,-0.0002742964010737758,-0.40234327266107006,0.6874314122594871,-0.24013406366133946,1.2373742739069236,0.08721546506672177,0.09304372316098507,-0.04811660123782493,0.32230511044921906,0.28785042828440655,Pure Beta (纯风格暴露),693
000792,盐湖股份,同学B（新能源与周期资源组）,growth,黄金有色与周期资源,0.06361654511947769,0.00025244660761697494,0.3388056795065195,0.7347561224483184,0.21660895276225925,1.1961366228584287,-0.1630552087098104,-0.0012014794058664625,0.10548243222855126,0.30274807111766966,0.29369305519564787,Pure Beta (纯风格暴露),693
000408,藏格矿业,同学B（新能源与周期资源组）,growth,黄金有色与周期资源,0.04769765392541567,0.00018927640446593519,0.26717782628498327,0.7893322478354867,0.16373810114290432,1.2427957188116834,0.05653887935199084,-0.10138566938849222,-0.07971073337156398,0.32140665036413885,0.2913045503305733,Pure Beta (纯风格暴露),693
600426,华鲁恒升,同学B（新能源与周期资源组）,bluechip,黄金有色与周期资源,0.24867124328452037,0.000986790647954446,1.9720947376154072,0.04859879259668662,1.2425594070565942,0.9840349136686058,-0.01385186648888878,-0.12218516216247027,0.02487667708617111,0.3867043341978267,0.2001282529207831,True Alpha (显著高信息比),693
002064,华峰化学,同学B（新能源与周期资源组）,growth,黄金有色与周期资源,-0.11088673965202657,-0.0004400267446508991,-0.6501914592595277,0.5155685572099105,-0.3778347390481438,0.9562198866700099,0.20579493111575803,-0.113783658574796,-0.06431969811414413,0.21671709229514025,0.2934794718224609,Pure Beta (纯风格暴露),693
600141,兴发集团,同学B（新能源与周期资源组）,growth,黄金有色与周期资源,0.05892806160596375,0.00023384151430937996,0.3529822763900758,0.7241017277851458,0.20875776914170072,1.1609873523390233,0.20451208133722895,0.03978281696407921,-0.02925880538100876,0.3031098691812353,0.2822796097517431,Pure Beta (纯风格暴露),693
600096,云天化,同学B（新能源与周期资源组）,growth,黄金有色与周期资源,0.15772029589167819,0.0006258741900463421,0.8633435115711584,0.3879486275888765,0.5417263543760334,1.030384953734886,0.11155823901628092,-0.15355921129852326,0.11201220151579903,0.2457271576078197,0.2911438489518241,Pure Beta (纯风格暴露),693
000553,安道麦A,同学B（新能源与周期资源组）,bluechip,黄金有色与周期资源,0.08542748908284756,0.00033899797255098235,0.6689194144834987,0.5035468849469018,0.41681428370483464,0.8451159485140894,0.08591947505690806,0.19489547590024578,-0.05049449078418733,0.30443542865174245,0.20495336273874598,Pure Beta (纯风格暴露),693
601225,陕西煤业,同学B（新能源与周期资源组）,bluechip,黄金有色与周期资源,0.11919194075142837,0.0004729838918707475,0.9545819258669462,0.3397891609083228,0.5600555856818229,0.6813854061686394,0.03943696246359831,0.048560117395610565,0.05723801260644665,0.20828431925184587,0.21282162663608062,Pure Beta (纯风格暴露),693
601088,中国神华,同学B（新能源与周期资源组）,defensive,黄金有色与周期资源,0.08603197168813097,0.00034139671304813876,0.9078142631487585,0.3639763613438852,0.5262380902532583,0.6425697604077814,-0.0318646225604244,-0.014279648402604256,0.06054750550745239,0.28624209611615214,0.16348488123831376,Pure Beta (纯风格暴露),693
600188,兖矿能源,同学B（新能源与周期资源组）,bluechip,黄金有色与周期资源,0.14420806963945282,0.0005722542446010032,1.1879393226557315,0.23485731602200566,0.7037305577555751,0.8246562110687127,0.0212366831635596,0.04006953331080554,0.07741284898959254,0.29412689857202146,0.20491943692111242,Pure Beta (纯风格暴露),693
600971,恒源煤电,同学B（新能源与周期资源组）,defensive,黄金有色与周期资源,0.24604115469666554,0.0009763537884788315,2.91111674339758,0.0036013942839246893,1.6187154417382459,0.7403311545099152,-0.011164279512940125,0.05020724099312602,0.0032640478943279025,0.3797582993039884,0.15199778068000394,True Alpha (显著高信息比),693
601699,潞安环能,同学B（新能源与周期资源组）,bluechip,黄金有色与周期资源,0.20151561279739416,0.0007996651301483895,1.5198667958757763,0.12854445712293971,0.9885968901632065,0.8133841492242547,-0.09000565854234188,0.0729661622163712,0.08539949746122417,0.29289926225573704,0.20384002296843778,Pure Beta (纯风格暴露),693
600036,招商银行,同学C（大金融与消费医药组）,bluechip,大金融与央国企,0.27062474509237533,0.001073907718620537,2.214263181423862,0.02681067982122768,1.3764184785417284,0.6895531512477062,0.19387589268886643,-0.015382100465982812,-0.041781784034826235,0.2419058659950406,0.1966151641462222,True Alpha (显著高信息比),693
002142,宁波银行,同学C（大金融与消费医药组）,bluechip,大金融与央国企,-0.07289908544103856,-0.00028928208508348634,-0.6010276113695185,0.5478215959243035,-0.35879972692344314,0.9795942731664717,0.016238333579020745,-0.04681947287389979,-0.001061791635252751,0.37578947646106775,0.20317486321998512,Pure Beta (纯风格暴露),693
000001,平安银行,同学C（大金融与消费医药组）,bluechip,大金融与央国企,0.5913561803128256,0.002346651509177879,4.806016070023751,1.539675287261609e-06,2.9207839959769895,0.9662435332584287,-0.09019867601707697,-0.05647024356555379,-0.03564358261736435,0.3738968690373278,0.20246487967865612,True Alpha (显著高信息比),693
601398,工商银行,同学C（大金融与消费医药组）,defensive,大金融与央国企,0.03232466028692324,0.0001282724614560446,0.3349424044213979,0.7376685336430926,0.20009432861273005,0.4874133901079916,0.006198542637573211,0.025926828447341625,0.06839541225562257,0.19012865148606373,0.16154710886126902,Noise / Low Signal,693
601939,建设银行,同学C（大金融与消费医药组）,defensive,大金融与央国企,0.17429569796326194,0.0006916495950923093,1.906418293331766,0.05659595717555338,1.1072918885744831,0.6395313801721064,-0.019823512217430717,0.023872503895918412,-0.1061868268907169,0.302855981813018,0.15740718392478115,Pure Beta (纯风格暴露),693
601288,农业银行,同学C（大金融与消费医药组）,defensive,大金融与央国企,0.15235221939673532,0.0006045722991933942,1.5875400720831885,0.11239037872270867,0.947081420280325,0.461815646326888,0.17503528752517417,0.07658756408485592,-0.019201228388347046,0.17629779236600895,0.1608649648639933,Noise / Low Signal,693
601988,中国银行,同学C（大金融与消费医药组）,defensive,大金融与央国企,0.18766072691318209,0.000744685424258659,1.920194555895905,0.05483332903442827,1.1974458270954598,0.545403978349995,0.02051094199329139,-0.07598767994128522,0.011139023277542974,0.23972800546968132,0.15671750877313123,Pure Beta (纯风格暴露),693
601166,兴业银行,同学C（大金融与消费医药组）,bluechip,大金融与央国企,0.2602228531492128,0.0010326303696397332,2.0338651227296953,0.04196519631302079,1.2852923293829597,0.7791131740760573,0.13690109921551105,-0.18122004541422945,0.023961344186904945,0.27973258566028414,0.20246199809979418,True Alpha (显著高信息比),693
600000,浦发银行,同学C（大金融与消费医药组）,bluechip,大金融与央国企,0.0564340074627627,0.00022394447405858214,0.42795624660386933,0.6686829754170102,0.25604951095311496,0.7523817058220071,0.061825245513679794,-0.21699249587401492,0.0008397069048554868,0.23561833479965044,0.22040271529007643,Pure Beta (纯风格暴露),693
600016,民生银行,同学C（大金融与消费医药组）,bluechip,大金融与央国企,0.16446572971962511,0.0006526417846016869,1.2374813916156004,0.21590841853028242,0.8236466499468796,0.7763763482935393,-0.04344912824915137,-0.04577634744099681,0.05631806613169376,0.282365977332688,0.1996799595193305,Pure Beta (纯风格暴露),693
601998,中信银行,同学C（大金融与消费医药组）,defensive,大金融与央国企,0.20071996157375518,0.000796507784022838,2.236200789029339,0.025338621563764263,1.333516264655063,0.6205784365557623,0.05140032163143033,0.05380556793181165,-0.01355870739920872,0.3039550695779716,0.15051932015667982,True Alpha (显著高信息比),693
601818,光大银行,同学C（大金融与消费医药组）,bluechip,大金融与央国企,0.27576344716902823,0.0010942993935278897,2.2178645472682144,0.026564069439543456,1.3900154491214005,0.7094903304131809,0.0018358178579994783,-0.21273912810905526,-0.03584392428288224,0.2543167513779684,0.19838876419922707,True Alpha (显著高信息比),693
600015,华夏银行,同学C（大金融与消费医药组）,bluechip,大金融与央国企,0.04904889441496259,0.00019463846990064518,0.3916781115677928,0.6952960648724591,0.24265254165346994,0.6853066545257108,0.037968930179069514,0.11072620741800505,0.026862320313490208,0.22757654969263574,0.2021363307416285,Pure Beta (纯风格暴露),693
601916,浙商银行,同学C（大金融与消费医药组）,bluechip,大金融与央国企,0.15371844766334344,0.0006099938399339026,1.1638492191757772,0.24448512178235193,0.7441725353452823,0.6893548548716856,0.03324268289246986,-0.1799021934964746,0.0028008457738859607,0.2271257624674604,0.20656291432741597,Pure Beta (纯风格暴露),693
601009,南京银行,同学C（大金融与消费医药组）,bluechip,大金融与央国企,0.21934911704068122,0.0008704330041296874,1.6370423468544126,0.10162162163561754,1.0494967502344696,0.8029741169806346,-0.2210724982780689,0.035176784323048965,0.020744836702562865,0.282987303567676,0.2090040936207531,Pure Beta (纯风格暴露),693
601169,北京银行,同学C（大金融与消费医药组）,defensive,大金融与央国企,0.09161247451783994,0.00036354156554698386,0.8594123284447148,0.3901130703674526,0.5725199705527007,0.6204121119951561,0.03871760898796713,0.10340065671337562,-0.03479792628030425,0.27907102665170713,0.16001620769560038,Pure Beta (纯风格暴露),693
600919,江苏银行,同学C（大金融与消费医药组）,bluechip,大金融与央国企,0.15936760921926219,0.0006324111476954849,1.224119758090788,0.22090705355581286,0.7593103683111472,0.8128544632596781,0.045331509385339544,-0.03774247040792095,0.06879263270288412,0.27911158648830536,0.20988467413361753,Pure Beta (纯风格暴露),693
600926,杭州银行,同学C（大金融与消费医药组）,bluechip,大金融与央国企,0.2408362840137972,0.0009556995397372904,1.7152846417875252,0.08629305296645301,1.1732898663496327,0.9612913455377791,0.0524010790221364,0.034847317751585775,0.06765302361725911,0.3604406308249817,0.2052658008230249,Pure Beta (纯风格暴露),693
601229,上海银行,同学C（大金融与消费医药组）,defensive,大金融与央国企,0.1135539946815147,0.0004506110900060107,1.1686922299194726,0.2425276536290072,0.6996677298792056,0.6679375177422756,-0.08102852269309066,0.20075816539513744,-0.07498521461814057,0.3090610035420934,0.16229703019334518,Pure Beta (纯风格暴露),693
601838,成都银行,同学C（大金融与消费医药组）,bluechip,大金融与央国企,0.05656586056399708,0.00022446770065078208,0.488219207170245,0.6253945811819903,0.2766208095533214,0.9369938394613699,0.16172859640252266,0.0902242414505828,-0.07076823617875484,0.35101416919600337,0.20448881143590703,Pure Beta (纯风格暴露),693
600030,中信证券,同学C（大金融与消费医药组）,bluechip,大金融与央国企,0.2814671516275155,0.0011169331413790299,2.173054258719455,0.029776233807423298,1.3324772785868215,1.1146450916159254,-0.1833250326349797,-0.01215597223047485,-0.18346080663961528,0.42715571944071395,0.21123598589690754,True Alpha (显著高信息比),693
601688,华泰证券,同学C（大金融与消费医药组）,bluechip,大金融与央国企,0.29036319790053206,0.0011522349123036985,2.495385626578312,0.012582030969404152,1.443892741287274,1.2291232971197439,-0.1902797985509632,0.3407447495129617,0.018209983324103365,0.49482428928824407,0.20109748431982868,True Alpha (显著高信息比),693
601211,国泰君安,同学C（大金融与消费医药组）,bluechip,大金融与央国企,0.00771312269695338,3.0607629749815e-05,0.060006445530840266,0.9521505011519302,0.03747530766423276,1.0961776425387526,-0.03681137860411674,-0.06885748498732912,0.16113737150620544,0.4248882913062969,0.20581879583379514,Pure Beta (纯风格暴露),693
600837,海通证券,同学C（大金融与消费医药组）,bluechip,大金融与央国企,-0.039239727125592386,-0.00015571320287933486,-0.3069786612918631,0.7588596143772457,-0.18210510681388978,1.067512167847617,0.11799110068575737,0.19216149661636603,-0.036826851660965415,0.38650271661729396,0.21547845533895507,Pure Beta (纯风格暴露),693
000776,广发证券,同学C（大金融与消费医药组）,bluechip,大金融与央国企,0.2897158181341595,0.0011496659449768234,2.391322893128904,0.016787781318236997,1.4298988939182138,1.1185449783385368,-0.08494502384843736,-0.025678179236961182,0.02700619413277985,0.44242305612086696,0.20261279966465268,True Alpha (显著高信息比),693
600999,招商证券,同学C（大金融与消费医药组）,bluechip,大金融与央国企,0.35885830678243413,0.0014240408999302942,2.7530887359997256,0.005903589233940065,1.7599247179372037,1.2137580459195856,0.19783943131034012,-0.029529056282866683,-0.007535987106566976,0.47719043862328525,0.20390548705006523,True Alpha (显著高信息比),693
000166,申万宏源,同学C（大金融与消费医药组）,bluechip,大金融与央国企,-0.040268465434749635,-0.000159795497756943,-0.35455158494783223,0.7229255521943336,-0.2030790922644545,1.0096180568421933,-0.04742397664686256,-0.058887588651289124,-0.0328899924622158,0.40345516083675514,0.1982895678020417,Pure Beta (纯风格暴露),693
600958,东方证券,同学C（大金融与消费医药组）,bluechip,大金融与央国企,-0.06785548869860862,-0.000269267812296066,-0.6067077500636088,0.5440448780102944,-0.33637264852773635,1.2032887312183795,-0.05573814706568011,-0.022069378404932352,-0.0531003203254037,0.4809754505407797,0.20172712910994442,Pure Beta (纯风格暴露),693
601881,中国银河,同学C（大金融与消费医药组）,bluechip,大金融与央国企,0.3590872496962948,0.0014249494035567254,2.563357906656392,0.01036651240268218,1.7492175886956878,1.2382984345518284,0.01147045471776393,0.14151517483509402,-0.013082171189611323,0.48377602106629114,0.20528449520339542,True Alpha (显著高信息比),693
601995,中金公司,同学C（大金融与消费医药组）,bluechip,大金融与央国企,0.2373240925569548,0.0009417622720514079,1.788486908371068,0.07369748594876742,1.165073377606093,1.2261632890971803,0.020730620950755774,0.02316694564340453,0.11835917782027143,0.48292956317786206,0.20369883744540696,Pure Beta (纯风格暴露),693
601788,光大证券,同学C（大金融与消费医药组）,bluechip,大金融与央国企,0.289291367486541,0.0011479816170100834,2.2526063758087522,0.02428397875889834,1.4074063455805792,1.282697814244048,0.10886179336945712,0.012295520604902238,0.0076067517178317265,0.5004442214721114,0.2055492846077821,True Alpha (显著高信息比),693
601377,兴业证券,同学C（大金融与消费医药组）,bluechip,大金融与央国企,0.0010392591117928385,4.124044094416026e-06,0.00847867418649311,0.9932350778233093,0.004976611128464203,1.2556345368906772,-0.05353686805452787,0.11766518602528069,0.15076317828774702,0.48300354042767657,0.20882867577269534,Pure Beta (纯风格暴露),693
601066,中信建投,同学C（大金融与消费医药组）,bluechip,大金融与央国企,0.05982443582071869,0.00023739855484412178,0.5015225042661287,0.616003443885575,0.28901635562078687,1.3263537096713205,0.029305435091044753,-0.031192479913991607,-0.06559547008717335,0.5156241614594989,0.20699325369396485,Pure Beta (纯风格暴露),693
601456,国联证券,同学C（大金融与消费医药组）,growth,大金融与央国企,0.4572212818911881,0.0018143701662348734,2.5458049654160346,0.010902608395047827,1.6211565782771624,1.3457906173962482,0.052649441313960155,0.0213363116412257,-0.1593439122994236,0.37214002359403575,0.28203400462223516,True Alpha (显著高信息比),693
601108,财通证券,同学C（大金融与消费医药组）,bluechip,大金融与央国企,0.29779552062092574,0.001181728256432245,2.9028452753927367,0.003697892823469918,1.5025635781140396,1.103812711650665,0.11669183058523627,0.242661443405452,-0.0627105051884875,0.4438306051670452,0.19819162726858275,True Alpha (显著高信息比),693
600918,中泰证券,同学C（大金融与消费医药组）,bluechip,大金融与央国企,0.186592191316233,0.0007404452036358452,1.342911362314878,0.17930067682073525,0.8981475819416631,1.1222564036167164,0.0031034357900458684,-0.0008694555328275399,0.0324026425027235,0.4297375247573617,0.20775226150790066,Pure Beta (纯风格暴露),693
002736,国信证券,同学C（大金融与消费医药组）,bluechip,大金融与央国企,0.0465463422309204,0.00018470770726555715,0.3493068822638135,0.7268589321862826,0.22567439728521352,1.0948393679137696,-0.1076147354652217,-0.008256487572959605,0.08678635753338948,0.42341534116424784,0.20625442137370087,Pure Beta (纯风格暴露),693
002926,华西证券,同学C（大金融与消费医药组）,bluechip,大金融与央国企,0.06466635714583875,0.000256612528356503,0.5465817102015791,0.5846661373070702,0.3247663186271252,1.1267071971786642,-0.06102971112160224,0.0009164666636734502,-0.10526326173481976,0.455795683359594,0.19911657532468544,Pure Beta (纯风格暴露),693
000783,长江证券,同学C（大金融与消费医药组）,bluechip,大金融与央国企,0.14363726985756703,0.0005699891661014565,1.0922230121091279,0.27473509005900554,0.6685398776217574,1.1585488594642015,0.04585926397985335,-0.024073811063731285,0.039119454404569244,0.42856806321361274,0.21485220951746026,Pure Beta (纯风格暴露),693
601318,中国平安,同学C（大金融与消费医药组）,bluechip,大金融与央国企,0.15099778815572215,0.0005991975720465165,1.2183821721175245,0.2230787766852227,0.7008107875090893,0.9441343843240517,0.01901731458161534,0.07788065464703613,-0.2207362771699909,0.33725970518532067,0.21546156373022976,Pure Beta (纯风格暴露),693
601628,中国人寿,同学C（大金融与消费医药组）,bluechip,大金融与央国企,0.21841493224440608,0.000866725921604786,1.9157954324655122,0.055391139361054276,1.1037777428297686,0.8851135827170035,0.0035092196457619114,-0.221421839707,-0.16008250904267335,0.34986391381557624,0.1978794496113439,Pure Beta (纯风格暴露),693
601601,中国太保,同学C（大金融与消费医药组）,bluechip,大金融与央国企,0.27954805685006345,0.0011093176859129502,2.149622917110714,0.03158505416356156,1.2778464118893516,0.9081221977084539,0.30925731766864245,0.07786710966079007,-0.2928666183761353,0.31821640932080264,0.21876498947689615,True Alpha (显著高信息比),693
601336,新华保险,同学C（大金融与消费医药组）,bluechip,大金融与央国企,0.3694027587540606,0.0014658839633097643,2.9827213846566605,0.0028569794244495857,1.7333590414407014,1.0532169784966319,0.014107908842361542,0.005649921881030119,0.031472577504429236,0.38653591546969013,0.21311381538531526,True Alpha (显著高信息比),693
601319,中国人保,同学C（大金融与消费医药组）,defensive,大金融与央国企,0.24217200003529993,0.0009610000001400791,2.6170029135818633,0.008870558413840714,1.5628562335763105,0.677302476180153,0.14154035156502862,0.07472187985461877,-0.07670518102342971,0.3307893009147109,0.15495475196789765,True Alpha (显著高信息比),693
600649,城投控股,同学C（大金融与消费医药组）,bluechip,大金融与央国企,0.0087052434726839,3.454461695509484e-05,0.07223362057991398,0.9424159896932823,0.03999471844956273,0.8425970236271174,-0.05424854258355382,0.07523484323858169,-0.027128813145062786,0.28009790310841376,0.21765982635087347,Pure Beta (纯风格暴露),693
600048,保利发展,同学C（大金融与消费医药组）,bluechip,大金融与央国企,0.031895976519578484,0.00012657133539515272,0.2512122553879228,0.8016500098918022,0.15019975481767806,1.0974184024058693,0.003453057368165408,0.025945541960880683,0.08642824430422666,0.4078029612157178,0.21235704784136192,Pure Beta (纯风格暴露),693
000002,万科A,同学C（大金融与消费医药组）,bluechip,大金融与央国企,0.22802817964516833,0.000904873728750668,2.0795361376983643,0.03756809984886187,1.1164819598642324,1.1512816195542628,-0.05431228468565415,-0.015288723017701187,0.011185958976424989,0.4520261646101732,0.2042381228200922,True Alpha (显著高信息比),693
001979,招商蛇口,同学C（大金融与消费医药组）,bluechip,大金融与央国企,0.3565355098028982,0.0014148234515988024,2.8208825298833147,0.004789173654479138,1.7215279147813964,1.0857744269807008,0.07169909040082634,-0.052811970288748344,0.0906720519247213,0.4149643145497651,0.20710411184251515,True Alpha (显著高信息比),693
600383,金地集团,同学C（大金融与消费医药组）,bluechip,大金融与央国企,-0.056641952410979676,-0.00022476965242452252,-0.4492860731626152,0.6532253029800525,-0.2758849187118936,1.2240577860045336,-0.04694535182839109,0.005133690050070785,-0.014990227662549045,0.479751476978709,0.20531007158869322,Pure Beta (纯风格暴露),693
600606,绿地控股,同学C（大金融与消费医药组）,bluechip,大金融与央国企,-0.027791851425288304,-0.00011028512470352502,-0.21097364647551525,0.8329078355808035,-0.13613507398662864,1.139653752097803,0.17981811898324443,-0.03501567953257398,0.07299253479874092,0.4450526486965738,0.2041490896608912,Pure Beta (纯风格暴露),693
600519,贵州茅台,同学C（大金融与消费医药组）,bluechip,核心消费与医药生物,0.18536294584295276,0.0007355672454085427,1.3858678350869575,0.16578726403596122,0.8866311816939838,0.8635983914229004,-0.0076834369979107645,0.15735177793143065,0.14431242769116107,0.30577529588561025,0.2090643208473688,Pure Beta (纯风格暴露),693
000858,五粮液,同学C（大金融与消费医药组）,bluechip,核心消费与医药生物,0.01582647082495629,6.280345565458846e-05,0.12165724226660773,0.9031704773529428,0.07865447950967201,0.9364400589152847,-0.1573107225211219,0.0755141520580478,0.09824642717361805,0.3621928499140884,0.20121512371091513,Pure Beta (纯风格暴露),693
000568,泸州老窖,同学C（大金融与消费医药组）,growth,核心消费与医药生物,0.25458062503160883,0.0010102405755222572,1.4519652967216998,0.14651125483615704,0.8587935196710508,1.0690675150110633,0.12498591148007744,-0.2036731763452688,0.002109680180664137,0.25355083127829137,0.29643985335278555,Pure Beta (纯风格暴露),693
600809,山西汾酒,同学C（大金融与消费医药组）,growth,核心消费与医药生物,0.4047542138269382,0.0016061675151862627,2.2324318111247248,0.025586437301424913,1.433720396869787,1.1026557768456657,0.07778458213811318,-0.16201491315924318,-0.09451732143975702,0.2854583596592555,0.2823104244806937,True Alpha (显著高信息比),693
002304,洋河股份,同学C（大金融与消费医药组）,bluechip,核心消费与医药生物,0.12573635443351677,0.0004989537874345904,1.000350913068758,0.3171407162802029,0.6263228351932584,0.8386023540857229,-0.04613479031207279,-0.03382159911135989,0.10424346115043735,0.3123022394858598,0.20075326551796494,Pure Beta (纯风格暴露),693
000596,古井贡酒,同学C（大金融与消费医药组）,growth,核心消费与医药生物,0.12350795984831628,0.0004901109517790328,0.7046616438139665,0.4810208264645808,0.43234240185132167,0.9062543071455333,0.08813483438411945,0.11139411023507169,-0.14624549487796304,0.20770233511593927,0.28567163276016005,Pure Beta (纯风格暴露),693
603369,今世缘,同学C（大金融与消费医药组）,growth,核心消费与医药生物,0.1377067450206368,0.0005464553373834793,0.8109449384764692,0.4173972917568394,0.48989369461245624,0.8493184924309608,-0.12690860681093613,0.25006486180400445,0.07371550587906697,0.1929212473242109,0.2810951570413117,Pure Beta (纯风格暴露),693
603198,迎驾贡酒,同学C（大金融与消费医药组）,growth,核心消费与医药生物,0.004472387211938159,1.7747568301341903e-05,0.024721917799875714,0.9802767725459073,0.016107446793885195,1.0962796355313575,0.10509300163566322,0.21203589527041267,-0.020755457608489562,0.2856797567909949,0.27765959864203893,Pure Beta (纯风格暴露),693
600702,舍得酒业,同学C（大金融与消费医药组）,growth,核心消费与医药生物,0.13469107796450194,0.0005344884046210394,0.7811289509857355,0.43472665589823123,0.4769018515917382,1.1634919336375664,-0.06467526051456897,-0.10715226224370304,0.14839439610748,0.3071851686537822,0.2824293458181141,Pure Beta (纯风格暴露),693
000799,酒鬼酒,同学C（大金融与消费医药组）,growth,核心消费与医药生物,0.232203347609905,0.0009214418555948611,1.1510148758399785,0.24972611568883507,0.8018925401322164,1.2227103344623462,-0.10961867535551481,0.18894118382630992,-0.19417312745242296,0.3199960304992815,0.2895691579467982,Pure Beta (纯风格暴露),693
600887,伊利股份,同学C（大金融与消费医药组）,defensive,核心消费与医药生物,0.1283135820092441,0.0005091808809890638,1.284909872105553,0.19882378076127638,0.8032317272600521,0.7220961756215897,-0.0706455035547356,0.11149841672939953,0.026017263257488942,0.34654349920557026,0.1597466554850138,Pure Beta (纯风格暴露),693
603288,海天味业,同学C（大金融与消费医药组）,defensive,核心消费与医药生物,0.1898631404016259,0.0007534251603239123,1.7612333618707159,0.07819891357061613,1.1703172977079794,0.786580792801954,0.10302589387783237,-0.14776197066751098,-0.03845531923603291,0.38093888229140516,0.16223219187947185,Pure Beta (纯风格暴露),693
000895,双汇发展,同学C（大金融与消费医药组）,defensive,核心消费与医药生物,0.21662279595898246,0.0008596142696785018,2.2835506721665184,0.022397951611922946,1.3849920580745851,0.5857048563109868,0.006391375375528617,0.18604072844485087,0.013211178590044085,0.26567593898901964,0.15640724774994835,True Alpha (显著高信息比),693
600600,青岛啤酒,同学C（大金融与消费医药组）,defensive,核心消费与医药生物,0.32884692339775856,0.0013049481087212642,3.4829107322843984,0.0004959937229568666,2.0537707729576518,0.6865386151585585,0.026875784286414413,-0.012345655190867605,0.08104091334163224,0.3218158792170228,0.16011861096074687,True Alpha (显著高信息比),693
600132,重庆啤酒,同学C（大金融与消费医药组）,growth,核心消费与医药生物,0.17569429371530582,0.0006971995782353405,1.0061459312328527,0.31434537677103636,0.6079044339889004,0.8517120687447058,0.014294443256197411,-0.4355703698654682,0.08707651953416108,0.192928266088907,0.28901630567562825,Pure Beta (纯风格暴露),693
605499,东鹏饮料,同学C（大金融与消费医药组）,growth,核心消费与医药生物,0.6739876974455979,0.002674554354942849,4.026597324327389,5.658982237029991e-05,2.445387979837995,1.007221233648473,0.04188338497755993,-0.18790566913905163,-0.18279705718939593,0.2624964785819043,0.27561585441760833,True Alpha (显著高信息比),693
603517,绝味食品,同学C（大金融与消费医药组）,growth,核心消费与医药生物,0.02544996453004734,0.0001009919227382831,0.14335483879480532,0.8860099479288535,0.09393618682424479,0.9110280693301381,0.15806908517004858,-0.03878122502140713,-0.0409290758667776,0.22616449597636967,0.27092822681491635,Pure Beta (纯风格暴露),693
002557,洽洽食品,同学C（大金融与消费医药组）,defensive,核心消费与医药生物,0.14552206608002663,0.0005774685161905819,1.5856236506058115,0.11282470793067613,0.9311492844915968,0.7261291259833889,-0.04355228983332797,0.09516457011666445,-0.11783104639537348,0.36235612339011714,0.15628220791629668,Pure Beta (纯风格暴露),693
600276,恒瑞医药,同学C（大金融与消费医药组）,bluechip,核心消费与医药生物,0.11129025836577348,0.00044162800938799,0.92818958168811,0.3533092377005461,0.5505894781360512,0.8507081267852369,-0.16377809525416812,0.1254683185401252,0.03756347282777221,0.3177249826281532,0.20212928649223763,Pure Beta (纯风格暴露),693
603259,药明康德,同学C（大金融与消费医药组）,growth,核心消费与医药生物,0.02039981094649032,8.095163074004096e-05,0.11654364910727245,0.9072216947775,0.07231522611321957,1.1458709081035334,0.34805981861581936,-0.12514586615649398,0.0861152990374357,0.3005389007676573,0.2820956531969018,Pure Beta (纯风格暴露),693
300760,迈瑞医疗,同学C（大金融与消费医药组）,bluechip,核心消费与医药生物,0.4449084713595341,0.0017655098069822783,3.557815535588898,0.00037395176528984183,2.19043661215488,0.8165639427982959,-0.10419064594383123,0.025696240906361908,-0.07462659794175275,0.2985780949178818,0.20311405903768548,True Alpha (显著高信息比),693
300015,爱尔眼科,同学C（大金融与消费医药组）,growth,核心消费与医药生物,0.2843982626907673,0.0011285645344871718,1.764155613532881,0.07770578339658049,1.041860907392097,1.1627004329218356,0.2088902956641682,-0.13652317795621585,0.039832049341542435,0.3197759669273633,0.272971430901127,Pure Beta (纯风格暴露),693
600436,片仔癀,同学C（大金融与消费医药组）,bluechip,核心消费与医药生物,0.31666874230073083,0.0012566219932568683,2.6007206256499247,0.009302817905117446,1.5982843161975444,0.9763352069625503,0.15151855344352713,-0.3780483718401789,0.0013343517853714913,0.3944438683735123,0.19813041965781972,True Alpha (显著高信息比),693
000538,云南白药,同学C（大金融与消费医药组）,defensive,核心消费与医药生物,0.14197097068239972,0.0005633768677873004,1.5552430002663484,0.11988820681303748,0.9416778461327718,0.6741142633296823,0.016063273404024622,0.014567230756079684,0.03558813465772576,0.33988070218131383,0.15076384271482854,Pure Beta (纯风格暴露),693
600085,同仁堂,同学C（大金融与消费医药组）,defensive,核心消费与医药生物,0.18295549696843807,0.0007260138768588813,1.824454646318596,0.06808336697642417,1.1584795069588687,0.6964293934531949,-0.02000161184389571,-0.09698678164685226,0.03094194144419347,0.33697973405530146,0.1579272623032544,Pure Beta (纯风格暴露),693
600196,复星医药,同学C（大金融与消费医药组）,growth,核心消费与医药生物,0.22134647726571535,0.0008783590367687117,1.2255429116469758,0.22037073232510418,0.8028156223636945,1.066945003690682,0.13002044883818745,0.25797862113846926,-0.11206206127683505,0.27912539389774715,0.2757127179638268,Pure Beta (纯风格暴露),693
300122,智飞生物,同学C（大金融与消费医药组）,growth,核心消费与医药生物,0.18498892665366282,0.0007340830422764398,1.0335999016565152,0.3013232453888428,0.6325015471775493,1.1677694587969907,-0.042664895525476296,0.15431595970763504,0.020286412315432486,0.2915165864347753,0.29247189588571026,Pure Beta (纯风格暴露),693
300142,沃森生物,同学C（大金融与消费医药组）,growth,核心消费与医药生物,0.2582884406309114,0.0010249541294877437,1.4417191990596847,0.14938160520479976,0.916279409897645,1.225958864782996,0.0130183990535625,0.039732001547892935,-0.07823641215667057,0.32887286537879856,0.2818882950341142,Pure Beta (纯风格暴露),693
000661,长春高新,同学C（大金融与消费医药组）,growth,核心消费与医药生物,0.0933887770329188,0.0003705903850512651,0.6008365674129952,0.5479488457771209,0.33175456420413724,1.0709664677737791,-0.05573237558842694,-0.03352866223682667,0.05328842904959905,0.2732274028600462,0.281499599732573,Pure Beta (纯风格暴露),693
000963,华东医药,同学C（大金融与消费医药组）,growth,核心消费与医药生物,0.12837630919117685,0.000509429798377686,0.8096447063962011,0.41814440578702217,0.4541668362854801,0.9682954657097457,0.2515512174790185,-0.15185209017105575,-0.0591106313483361,0.2350674675146509,0.28266332751447776,Pure Beta (纯风格暴露),693
300347,泰格医药,同学C（大金融与消费医药组）,growth,核心消费与医药生物,0.18400109952777896,0.0007301630933642023,1.047673117889868,0.29478923703363347,0.66095644149007,1.1021266875924132,0.17589565119246225,-0.08890618157128685,-0.08004043528409928,0.28929203148254967,0.2783861204423156,Pure Beta (纯风格暴露),693
300759,康龙化成,同学C（大金融与消费医药组）,growth,核心消费与医药生物,-0.06981843917572209,-0.0002770572983163575,-0.3912479861266465,0.6956139416676694,-0.2488846413482252,1.2746250487927413,0.15211622170385397,0.13854962495728038,-0.1116691556608803,0.34746898733229836,0.28052530199336856,Pure Beta (纯风格暴露),693
603127,昭衍新药,同学C（大金融与消费医药组）,growth,核心消费与医药生物,0.3955333897230102,0.0015695769433452787,1.9926150712841133,0.046303613575326814,1.332841462472105,1.3208872729586876,0.1784837907200005,0.3153845571622672,0.05392316334329173,0.33648137759517294,0.29675951781196064,True Alpha (显著高信息比),693
002821,凯莱英,同学C（大金融与消费医药组）,growth,核心消费与医药生物,0.25889105297024484,0.0010273454482946224,1.483583896469821,0.1379193441473112,0.9356113489173982,1.237975182936049,-0.16981910937890182,0.021287566989150727,-0.014240356507983434,0.34412317628443434,0.276707901491158,Pure Beta (纯风格暴露),693
300363,博腾股份,同学C（大金融与消费医药组）,growth,核心消费与医药生物,0.36080177894676485,0.0014317530910585906,2.213062298174324,0.026893350924547064,1.2722645329826807,1.3675578399011772,0.1281711982537284,-0.29368190102776204,-0.08503252480026877,0.37946906276312964,0.2835902201100472,True Alpha (显著高信息比),693
002030,达安基因,同学C（大金融与消费医药组）,growth,核心消费与医药生物,0.15226096037870987,0.0006042101602329756,0.8796278705358194,0.37906093548997044,0.5176514457595626,0.968025320815203,-0.18524531404378863,0.0973538225678939,0.14048763365658634,0.221943976911274,0.294137998890921,Pure Beta (纯风格暴露),693
300676,华大基因,同学C（大金融与消费医药组）,growth,核心消费与医药生物,0.20644489673817684,0.0008192257807070509,1.2204424339833067,0.222297199489357,0.7348988011056071,1.123307552350962,-0.043680149696989704,0.29167023348103405,0.0792718139800409,0.29223645424839284,0.2809160886200849,Pure Beta (纯风格暴露),693
300244,迪安诊断,同学C（大金融与消费医药组）,growth,核心消费与医药生物,-0.1266602221669372,-0.0005026199292338778,-0.7040069711197823,0.4814284323079261,-0.43370925496192236,1.031866695027964,0.15518437319460326,0.17410156937944787,-0.010551685878243311,0.24232822688565048,0.2920394727985627,Pure Beta (纯风格暴露),693
603882,金域医学,同学C（大金融与消费医药组）,growth,核心消费与医药生物,0.2582915298687725,0.001024966388368145,1.5725065239899507,0.11583312734868575,0.8963345288584494,1.0526934686866616,0.2661916170480512,-0.26226187468816436,-0.15775397561951676,0.26265715781391386,0.2881642082869736,Pure Beta (纯风格暴露),693
600332,白云山,同学C（大金融与消费医药组）,defensive,核心消费与医药生物,0.30948310874040375,0.0012281075743666816,3.0327509983875447,0.0024233547095863545,1.9482574811837399,0.7070900594454739,0.03823963156853107,-0.016501092391947216,-0.02270224948352405,0.33870858575740603,0.15885123590151198,True Alpha (显著高信息比),693
000423,东阿阿胶,同学C（大金融与消费医药组）,defensive,核心消费与医药生物,0.14952075603075493,0.0005933363334553767,1.638782999646171,0.10125846095352181,0.972622229905806,0.7401621498258568,-0.16962141908673445,-0.1246083359345124,-0.03690508002965448,0.3848890323729799,0.15372952769672488,Pure Beta (纯风格暴露),693
600998,九州通,同学C（大金融与消费医药组）,defensive,核心消费与医药生物,0.1185967265022459,0.00047062193056446783,1.287232630474031,0.19801321710871744,0.7576220024121056,0.6776364027392126,-0.05860570654270844,0.0691415798626667,0.1342795626562495,0.32823184116657134,0.15653812339749826,Pure Beta (纯风格暴露),693
603899,晨光股份,同学C（大金融与消费医药组）,defensive,核心消费与医药生物,0.08792068633217949,0.0003488916124292837,0.873623387116768,0.38232338559704404,0.5472401865398503,0.7403460539815433,-0.02443688442139868,-0.1630650454821085,0.06326382757369702,0.35895723499497423,0.16066196981638717,Pure Beta (纯风格暴露),693
603605,珀莱雅,同学C（大金融与消费医药组）,growth,核心消费与医药生物,0.4369196545114235,0.001733808152823109,2.579481969781977,0.009894862380991713,1.506667074561093,1.2404698695312413,0.13653982744412368,0.14450697140671126,0.10169032690653745,0.31896980249810825,0.28999084262772684,True Alpha (显著高信息比),693
300957,贝泰妮,同学C（大金融与消费医药组）,growth,核心消费与医药生物,0.23040840005349097,0.0009143190478313134,1.4756981709656627,0.14002493719741607,0.8127163629818427,1.3006344448564522,0.20981666630052934,-0.13449014349375346,-0.07335167314528089,0.3535214237545531,0.2835040741743238,Pure Beta (纯风格暴露),693
600380,健康元,同学C（大金融与消费医药组）,defensive,核心消费与医药生物,0.19475962474080927,0.0007728556537333701,2.075979869168868,0.037895812887473596,1.2261146861713075,0.7661648135773637,0.107321152441216,0.025231002135547232,-0.054531213953715116,0.37509113310707165,0.15884290999642942,True Alpha (显著高信息比),693
002294,信立泰,同学C（大金融与消费医药组）,growth,核心消费与医药生物,0.2370308131493579,0.0009405984648784044,1.3708240012673245,0.1704298270698391,0.8400620940342712,1.0781894070171965,0.11258881117857204,-0.09333349037830284,0.0050751803326518,0.27416935075631677,0.2821586818791612,Pure Beta (纯风格暴露),693
002422,科伦药业,同学C（大金融与消费医药组）,growth,核心消费与医药生物,0.013719228637627093,5.44413834826472e-05,0.07503240821907915,0.9401889265314057,0.0477284771074894,0.9300708315689318,0.07179634777926262,-0.02143194902507912,0.0725874030431167,0.2123622809627429,0.2874432512633913,Pure Beta (纯风格暴露),693
600521,华海药业,同学C（大金融与消费医药组）,growth,核心消费与医药生物,0.09088853482617054,0.00036066878899274025,0.5551759942844308,0.5787742870152213,0.3236948764830183,1.1057323092023998,0.008542181507041438,0.12109716097403597,-0.10884742165990416,0.28695266135666486,0.28078459509055204,Pure Beta (纯风格暴露),693
002007,华兰生物,同学C（大金融与消费医药组）,growth,核心消费与医药生物,0.4037073882648676,0.0016020134454955062,2.3313391760168587,0.01973548201932166,1.4276907604671598,0.9833452083801942,0.087989873807569,0.07411004413036772,0.010859008546468938,0.23677048655440625,0.2827694900349212,True Alpha (显著高信息比),693
601766,中国中车,同学A（科技与先进制造组）,bluechip,高端制造与综合工业,0.3079430443018067,0.001221996207546852,2.6213760723340966,0.008757559594471047,1.4405797865337058,0.7579551240850402,0.04523822978508896,0.19596487539418012,-0.07995169323938608,0.24580455214778174,0.2137632689146452,True Alpha (显著高信息比),693
601668,中国建筑,同学A（科技与先进制造组）,bluechip,高端制造与综合工业,0.1035277009607315,0.0004108242101616329,0.7849288389395324,0.43249529231726225,0.5003538818480211,0.7561378254479983,-0.034166455917248796,-0.027444509740544513,-0.13439210753997327,0.2613180162715272,0.2069089592717046,Pure Beta (纯风格暴露),693
601186,中国铁建,同学A（科技与先进制造组）,bluechip,高端制造与综合工业,0.1871612393647906,0.0007427033308126611,1.4808277373089325,0.13865248318395834,0.9010320847719261,0.804450111947341,-0.008323316121099756,0.12990005006547514,0.06040344811871547,0.2784368927297828,0.20771872891980958,Pure Beta (纯风格暴露),693
601800,中国交建,同学A（科技与先进制造组）,bluechip,高端制造与综合工业,-0.09677057073678728,-0.0003840102013364575,-0.7434944987322998,0.4571823509252221,-0.4535839357255927,0.8927864652412387,-0.010128882016226656,0.06310052232703284,0.0015880459621738854,0.31121732895069243,0.213346556425074,Pure Beta (纯风格暴露),693
601669,中国电建,同学A（科技与先进制造组）,bluechip,高端制造与综合工业,0.06556766794500704,0.0002601891585119327,0.5241303219117508,0.6001878999975947,0.3269682141018889,0.8645219903460437,0.20618852511123645,0.21449666632380424,0.09204061763302365,0.3229151838910086,0.20053223866150807,Pure Beta (纯风格暴露),693
601868,中国能建,同学A（科技与先进制造组）,bluechip,高端制造与综合工业,0.25341310898394215,0.0010056075753331038,2.0729780230101857,0.03817432490334556,1.2083763325608268,0.9120459437736292,-0.17232616065338402,-0.08418965210840175,0.05340475977386743,0.3340535623885529,0.20971373085974107,True Alpha (显著高信息比),693
600150,中国船舶,同学A（科技与先进制造组）,growth,高端制造与综合工业,0.4778053056268914,0.0018960528001067119,2.7621417729600197,0.005742353769132715,1.6599841848143657,1.257750179818458,-0.191598974812425,0.10125758374450822,0.16313664162101268,0.3332898369029881,0.28783726375099405,True Alpha (显著高信息比),693
600685,中船防务,同学A（科技与先进制造组）,growth,高端制造与综合工业,0.42425941694678043,0.0016835691148681764,2.334566176550461,0.019566095222636793,1.5021483038920214,1.2651285835687893,0.05117643078672039,0.46261637084386,0.058752302160516516,0.34113909857887503,0.2824351070047724,True Alpha (显著高信息比),693
601989,中国重工,同学A（科技与先进制造组）,growth,高端制造与综合工业,0.17552486713193216,0.0006965272505235403,1.077758243408554,0.28114165866679763,0.6316745706395739,1.2978282130073795,0.1749436878227734,0.08350851152951849,-0.12184978310961081,0.36039844060084636,0.27787230211628167,Pure Beta (纯风格暴露),693
600893,航发动力,同学A（科技与先进制造组）,growth,高端制造与综合工业,0.5111039885763616,0.002028190430858578,2.947112621207626,0.00320756359596602,1.8324924647045286,1.2500471694135844,0.036160540801316504,0.15837943762158008,-0.2266438107547079,0.3449387853338429,0.2789119182865356,True Alpha (显著高信息比),693
000768,中航西飞,同学A（科技与先进制造组）,growth,高端制造与综合工业,0.08375204573011924,0.0003323493878179335,0.49684745906447486,0.6192966249026599,0.28699810906417256,1.128120390105148,0.15141047143267627,-0.058182413170345004,-0.04036006784263665,0.27862934498403613,0.291820897368325,Pure Beta (纯风格暴露),693
600760,中航沈飞,同学A（科技与先进制造组）,growth,高端制造与综合工业,0.10788975367723623,0.0004281339431636358,0.634312540768139,0.5258768738242032,0.36461168034822805,1.2588314731444,-0.04994832273498193,0.014382127533842503,0.019500773777759946,0.31919376050675974,0.295903174506627,Pure Beta (纯风格暴露),693
600031,三一重工,同学A（科技与先进制造组）,bluechip,高端制造与综合工业,0.01166319750481687,4.628252978101933e-05,0.09405254245055517,0.9250674188368355,0.05612052837390335,1.0138959680561426,0.07298139045591935,-0.08010835827054569,0.11229040778657848,0.38113963442937426,0.20782408581599143,Pure Beta (纯风格暴露),693
000157,中联重科,同学A（科技与先进制造组）,bluechip,高端制造与综合工业,0.09820014018854224,0.00038968309598627876,0.7313587697341042,0.46456004208601176,0.47029949879238975,1.0243691789593343,-0.05180367887349918,-0.037571505037258965,-0.04088388428006431,0.38558071747759715,0.20880341238018624,Pure Beta (纯风格暴露),693
000425,徐工机械,同学A（科技与先进制造组）,bluechip,高端制造与综合工业,0.018215803623275937,7.228493501299975e-05,0.14925997367625501,0.8813484977903476,0.08764876843502668,1.1743710099427067,-0.005174941312594808,0.23666703603431063,0.2547749528991908,0.4528278169228096,0.2078272627045429,Pure Beta (纯风格暴露),693
601100,恒立液压,同学A（科技与先进制造组）,growth,高端制造与综合工业,0.19941052150590613,0.0007913115932774052,1.1602169127507747,0.24596050275360992,0.672426413247752,1.163559980595122,-0.14210310463069772,-0.09291139693523559,0.07953175796781355,0.2878304767722448,0.29655367126757165,Pure Beta (纯风格暴露),693
000338,潍柴动力,同学A（科技与先进制造组）,bluechip,高端制造与综合工业,0.352482742312847,0.001398741040923996,3.239182855510969,0.0011987269556466007,1.8380856639627234,1.009189691601195,-0.06334270130546411,-0.13779986814729742,-0.005682153864587237,0.4209282693962506,0.19176622135930843,True Alpha (显著高信息比),693
600660,福耀玻璃,同学A（科技与先进制造组）,bluechip,高端制造与综合工业,0.20172725851409906,0.0008005049941035678,1.6342647786011437,0.10220326587722812,0.9571552947808872,0.8547370256618777,-0.0352407237154022,-0.14621284224244266,-0.060251688538833004,0.3027207965524483,0.21075708363529314,Pure Beta (纯风格暴露),693
600104,上汽集团,同学A（科技与先进制造组）,bluechip,高端制造与综合工业,0.040312183441026266,0.00015996898190883438,0.3114005704386788,0.7554961202994892,0.19211650573698885,0.8683737964476153,0.029634570682307983,0.06890752643504931,0.02247722204175193,0.30560581004007326,0.20983196257074554,Pure Beta (纯风格暴露),693
000625,长安汽车,同学A（科技与先进制造组）,growth,高端制造与综合工业,0.08290368721916845,0.00032898288579035097,0.4219653067560857,0.6730503405973778,0.2853318866457074,1.1900153188557523,0.1947325297426908,-0.20898083950139237,-0.1467166466770365,0.30634384069058573,0.29055177882067135,Pure Beta (纯风格暴露),693
601633,长城汽车,同学A（科技与先进制造组）,growth,高端制造与综合工业,0.17635491854318083,0.0006998211053300826,0.9559024045651825,0.3391215440497919,0.5868506989358817,1.1286574919918615,0.14897391775442717,0.08455909521779557,-0.021627717997128863,0.2658151684239771,0.30051070717468653,Pure Beta (纯风格暴露),693
601238,广汽集团,同学A（科技与先进制造组）,bluechip,高端制造与综合工业,0.17273127887377931,0.0006854415828324576,1.3943419341593914,0.16321437350912804,0.8591945508058021,1.0364532926074543,0.0911199817537282,-0.24710699912519132,0.11091170022516719,0.4112252805475364,0.20103861076840165,Pure Beta (纯风格暴露),693
002352,顺丰控股,同学A（科技与先进制造组）,growth,高端制造与综合工业,0.2343101696896015,0.0009298022606730219,1.3357785345984345,0.18162167103544558,0.8058051360732149,1.0391646490925823,-0.08797696682535369,-0.23094898685820825,0.06888277200436005,0.25283842834309456,0.29077770691736105,Pure Beta (纯风格暴露),693
601919,中远海控,同学A（科技与先进制造组）,global,高端制造与综合工业,0.39588735758754157,0.0015709815777283395,2.3825846855223562,0.017191577303984146,1.3157285887163939,1.0508719326271065,-0.0891324160628309,-0.007041158480397307,-0.03807695631109228,0.24159703256872023,0.3008883146438003,True Alpha (显著高信息比),693
601816,京沪高铁,同学A（科技与先进制造组）,defensive,高端制造与综合工业,0.05094809099010795,0.0002021749642464601,0.5057861920415666,0.6130067528505082,0.3174396796086489,0.5703013106805682,-0.10890667936044013,0.017950891099452852,0.1645732574463013,0.2525719610081054,0.16049692040049499,Pure Beta (纯风格暴露),693
601006,大秦铁路,同学A（科技与先进制造组）,defensive,高端制造与综合工业,0.11127481403103281,0.0004415667223453683,1.0154265735466947,0.3099025312226886,0.676821081064035,0.6112844935419169,-0.10518419122888646,-0.03572978141103601,-0.06840863233940475,0.2694741285728711,0.16440802029407378,Pure Beta (纯风格暴露),693
600009,上海机场,同学A（科技与先进制造组）,bluechip,高端制造与综合工业,0.30024726222621967,0.001191457389786586,2.2504450019353848,0.024420711035234962,1.5156503962127856,0.8608940564617541,0.041547671506147806,0.04964236075539989,-0.019977689033802534,0.3271913615862383,0.19809796703544508,True Alpha (显著高信息比),693
600004,白云机场,同学A（科技与先进制造组）,bluechip,高端制造与综合工业,0.10625986561202126,0.00042166613338103675,0.8631579526942175,0.3880506283179789,0.5015337925585157,0.7836065578714644,-0.1185649549532418,-0.142330657065244,0.10512995663281487,0.267024985629023,0.21186980257092758,Pure Beta (纯风格暴露),693
601111,中国国航,同学A（科技与先进制造组）,growth,高端制造与综合工业,0.28969068507595674,0.001149566210618876,1.6019372299178702,0.10916949069331662,0.9941044956371408,1.07484944119903,0.08258755001187199,0.0664684528590239,0.07577080636635085,0.2586914546057725,0.291408686257161,Pure Beta (纯风格暴露),693
600029,南方航空,同学A（科技与先进制造组）,growth,高端制造与综合工业,0.0614824193382114,0.0002439778545167119,0.37242286972790867,0.7095780290106906,0.2140801766814005,0.9905415823831005,0.20785702578225515,-0.10894548103197109,0.06943690601294263,0.23562008811891855,0.2871934258056555,Pure Beta (纯风格暴露),693
600115,中国东航,同学A（科技与先进制造组）,growth,高端制造与综合工业,0.0874421694544364,0.0003469927359303032,0.45670748489671437,0.6478813102158534,0.28958339932394,1.1447205316264564,-0.22353948250604205,-0.22391983160150658,-0.13348114670261874,0.2802672283858386,0.30195850196723456,Pure Beta (纯风格暴露),693
601872,招商轮船,同学A（科技与先进制造组）,global,高端制造与综合工业,0.3419556125863236,0.0013569667166123953,2.0680912325435865,0.03863144498467274,1.1452189864686106,1.0321837171847552,0.10911812807508885,0.3104988657173905,-0.041852362419797784,0.23534070628554948,0.29859408255252184,True Alpha (显著高信息比),693
600428,中远海特,同学A（科技与先进制造组）,global,高端制造与综合工业,0.0997112166436874,0.00039567943112574363,0.514682388658757,0.6067749820394526,0.325571211327784,1.0239896638767392,-0.04679116716798487,0.19505192683474815,-0.013609091260700912,0.22431163821770117,0.30626545951969475,Pure Beta (纯风格暴露),693
600798,宁波海运,同学A（科技与先进制造组）,global,高端制造与综合工业,-0.03163784694840048,-0.0001255470117000019,-0.19145418684699603,0.848169770159582,-0.10604634091132734,1.0093217795301987,-0.1553151169836285,0.5270784027757869,0.13365720057302202,0.23383102580640058,0.29833982649957785,Pure Beta (纯风格暴露),693
600278,东方创业,同学A（科技与先进制造组）,global,高端制造与综合工业,0.29509368228532423,0.0011710066757354136,1.8068610115593322,0.07078395292143895,0.9842256877459463,1.0336698260847703,-0.15963893534740603,-0.18229118316931225,0.13483001584332005,0.24038324953342727,0.29982318685579307,Pure Beta (纯风格暴露),693
000089,深圳机场,同学A（科技与先进制造组）,bluechip,高端制造与综合工业,-0.032271139317377295,-0.0001280600766562591,-0.24709340711829908,0.8048359359274068,-0.15817266213163086,0.8394332153989889,-0.05447348576614822,0.1022563054929958,0.012469701135500423,0.30467611114980486,0.20402475928818434,Pure Beta (纯风格暴露),693
600018,上港集团,同学A（科技与先进制造组）,defensive,高端制造与综合工业,0.13617842375999095,0.0005403905704761546,1.3358010415336834,0.18161431247027982,0.8177129397825346,0.7178990700280767,-0.0688811233313556,-0.036079649435311556,-0.015321213824127594,0.32734052278156733,0.1665357329385135,Pure Beta (纯风格暴露),693
601018,宁波港,同学A（科技与先进制造组）,defensive,高端制造与综合工业,0.1118835181464903,0.000443982214867025,1.0534993148382115,0.2921122081391212,0.728225193148734,0.7055209189876618,0.04881278194396315,-0.09509259160519608,0.009270313625517538,0.3540579392923813,0.15363862607214002,Pure Beta (纯风格暴露),693
601298,青岛港,同学A（科技与先进制造组）,defensive,高端制造与综合工业,0.10103801512460114,0.000400944504462703,1.060111792404975,0.28909374358664375,0.6314018966547347,0.6176530591890615,-0.07297268616603843,-0.14794201953872965,0.04573611313183445,0.28419730044900415,0.16002171621579894,Pure Beta (纯风格暴露),693
600317,营口港,同学A（科技与先进制造组）,defensive,高端制造与综合工业,0.05570801650239032,0.00022106355754916796,0.617161263253568,0.5371283632783154,0.3549512578123455,0.5966640801431561,0.04004083581661642,0.04209740984755293,-0.05992520540730582,0.272302675333536,0.15694553907410538,Pure Beta (纯风格暴露),693
600026,中远海能,同学A（科技与先进制造组）,global,高端制造与综合工业,0.4910345926160652,0.0019485499706986713,2.586666896663101,0.009690922610771398,1.564534756820994,1.3064443346040993,-0.11938718535490289,-0.12511569126327676,0.004549947727564579,0.31243169544384963,0.31385342541945643,True Alpha (显著高信息比),693
000528,柳工,同学A（科技与先进制造组）,bluechip,高端制造与综合工业,0.1942428110097558,0.0007708048055942691,1.552467074578331,0.12055050501765867,0.9170417272846911,1.1313132352335467,0.16433507261324756,-0.07873258305768625,0.05981114592643532,0.4239688684057701,0.21181458294694816,Pure Beta (纯风格暴露),693
600761,安徽合力,同学A（科技与先进制造组）,bluechip,高端制造与综合工业,-0.2101094866137649,-0.0008337678040228766,-1.5863053368703843,0.11267006225783939,-1.0310585173945908,1.069477048523687,-0.06826499680976784,0.13145278535844696,-0.13150888167854233,0.4190315986773895,0.20378037043396544,Pure Beta (纯风格暴露),693
002097,山河智能,同学A（科技与先进制造组）,growth,高端制造与综合工业,0.30649967683258295,0.001216268558859456,1.6643929057046587,0.09603393686762193,1.059310371934598,1.1389950638141044,-0.06539062409185908,-0.00044236077139943347,-0.011360954141946477,0.287127920729916,0.28933888023094545,Pure Beta (纯风格暴露),693
000680,山推股份,同学A（科技与先进制造组）,bluechip,高端制造与综合工业,0.1374464662353331,0.0005454224850608456,1.1136551590856618,0.26542715315334586,0.6698717993903103,1.070656233274187,0.0079770417874775,-0.02778921194602747,-0.21475214758814587,0.418790415450926,0.20518324007732705,Pure Beta (纯风格暴露),693
600835,上海机电,同学A（科技与先进制造组）,defensive,高端制造与综合工业,0.09833811695899343,0.00039023062285314854,0.9693432827423056,0.3323739405883257,0.5940996514259136,0.7241704777153597,0.02721297747757692,0.03407319205582051,0.03900900307213549,0.3297788968445191,0.16552461648979197,Pure Beta (纯风格暴露),693
600109,国金证券,同学A（科技与先进制造组）,bluechip,高端制造与综合工业,0.2104168682841691,0.0008349875725562266,1.8181510043007005,0.06904105621184825,1.0136569655785455,1.1644026430956802,-0.014285013079997742,0.11924835174182466,-0.1118598002342428,0.4498269116027751,0.2075819290247501,Pure Beta (纯风格暴露),693
600588,用友网络,同学A（科技与先进制造组）,tech,高端制造与综合工业,0.039399539765454,0.00015634738002164288,0.17625111327223805,0.8600966666643562,0.10779009497551899,1.2512335997510335,-0.15875356210839717,-0.31932476439095714,0.13309280984037228,0.2386171373347309,0.36552096715753274,Pure Beta (纯风格暴露),693
002236,大华股份,同学A（科技与先进制造组）,tech,高端制造与综合工业,0.09851436189399425,0.0003909300075158502,0.4541850160761809,0.6496956668009843,0.27999470165145207,1.2707132788508986,0.025505638682615617,-0.03637779631239438,0.06670936163084232,0.2519846054975583,0.35184366458701294,Pure Beta (纯风格暴露),693
300017,网宿科技,同学A（科技与先进制造组）,tech,高端制造与综合工业,0.1012071625964468,0.0004016157245890746,0.4576008142221773,0.6472392584316256,0.2843062852446642,1.2257111561192888,0.028539485767766864,0.15394759667770977,0.02685275135813012,0.233488014449297,0.35597933583969626,Pure Beta (纯风格暴露),693
