,lambda_zero,lambda_MKT,lambda_SMB,lambda_HML,lambda_MOM
2024-01-03,0.002546511455401466,-0.0048708123155812135,9.033285250565964e-05,0.0023025704228605906,-0.02022608627629356
2024-01-04,-0.0032406328362519525,0.00890419968440951,0.014649210482030335,0.007363723484052693,0.0003274137453602102
2024-01-05,0.006133755517458368,0.009482112588671474,-0.016673820398727772,6.684875616732276e-05,-0.01362194101451086
2024-01-08,0.0015578419428810132,-0.0019895919130231087,0.0011463888565815094,0.002899364334356656,0.01434773539656097
2024-01-09,0.006912487866297595,-0.00917433310663231,-0.01221174850560795,-0.02102712381441491,0.02305811693330096
2024-01-10,-0.007893667598969723,0.02343711443423247,0.004714871067853342,-0.007535279043143122,0.003618212437024654
2024-01-11,0.0010430983263256485,0.0065585056445117895,0.011060455752350888,-0.001110356688126984,0.022620066123015592
2024-01-12,-0.0029336335327507616,-0.0021924496852348996,0.022261266024417296,-0.0031270835313412897,0.009434044835598076
2024-01-15,-0.0005443612012645009,0.002883352722828003,0.007271393469166429,0.002854447433496691,-0.00016781408672957455
2024-01-16,0.0036310427814200395,-0.007618339856171637,-0.011025795017918142,-0.002025653063905992,-0.009733818375457424
2024-01-17,-0.002012191259050159,0.00024832163469850526,-0.009962108487883283,-0.0020464968987059773,-0.009808925289447644
2024-01-18,-0.0020250456226702904,0.006365656191525585,-0.0010468000158867057,-0.00013174543571194217,0.005172425933248912
2024-01-19,0.008533078278990636,-0.024600790087715423,-0.009533891058436035,-0.009225205301027092,-0.012887554078645039
2024-01-22,-0.0023959371420861734,-0.011559399705296729,-0.0036415474403405507,-0.0031603992194500926,-0.003662183773261633
2024-01-23,-0.002413985341169503,-0.0002206444977179351,-0.007604961218029173,-0.003973677001380913,0.004518064518441176
2024-01-24,0.00017798429056873526,-0.008945986761717449,-0.0013088924863500634,-0.0061345415613444695,-0.01352849816995157
2024-01-25,0.00745460105645014,-0.002121741274054077,-0.0013974835457611335,-0.0072787382312921685,-0.003683083687532857
2024-01-26,0.003888627455770186,-0.011159219840886539,0.004142388646511383,-0.00044636360157515684,-0.00293683705466465
2024-01-29,0.0033858250633179614,-0.015555758920851884,0.0020824771811578944,0.006585959361283698,0.005918618548111757
2024-01-30,-0.0024036342490621225,0.015026488266192677,0.004943922080634549,0.0018429769064032655,-0.013361498218513896
2024-01-31,0.0052850004384546855,-0.004817482676412235,0.00034132038577966775,-0.002043367193579759,-0.018049105759007526
2024-02-01,0.003969671093074889,-0.002281576539307367,0.008746939786295496,-0.006793602773193837,-0.015283595073529888
2024-02-02,-0.001397333858683985,-0.011905497200298373,-0.00907789933932951,0.007984853648842286,-0.002185915411750997
2024-02-05,0.0015562022522181969,-0.0052272956922489785,0.0004356944293159308,-0.005477724709462041,0.005579216238295695
2024-02-06,0.0008520519959516338,-0.0007524276432270117,0.013441212701508928,0.001455180683679775,0.012495929094314524
2024-02-07,-0.003132918915322839,-0.00788900178505591,0.0037864171485522194,0.005917236862502235,0.0026947208465755816
2024-02-08,-0.0026497714393202776,0.0067886368836117565,-0.0020299005913682385,0.0039673943033502425,0.014013212966477381
2024-02-09,0.003267827945299942,-0.00810023177086952,-0.008212902547851716,0.005757982719311557,-0.0003605827980194946
2024-02-12,0.0050710948035838435,-0.006575948005674762,-0.007514775543554791,0.0031040996268377396,-0.032488808621246326
2024-02-13,4.3227761769917394e-05,-0.0059253300175034565,-0.006079526894884078,0.0036929119556374707,-0.009455152329937128
2024-02-14,-0.004841880456151389,0.022653769422323472,0.0058265446206898185,0.009567353706282998,0.002414872580047094
2024-02-15,0.004510627446799513,-0.0029222806910550697,-0.009457244736651303,0.0016618815465035525,-0.002662123155174728
2024-02-16,-0.004728872272019835,-0.0023604442948831125,-0.008491058299059745,-0.0026647467706787486,0.02303228394517089
2024-02-19,-0.0046301446525235,0.01357775099627443,0.005858886492094971,-0.0018909083526146963,-0.01128132319292984
2024-02-20,0.00040353017715813146,-0.011455985181818859,0.011356874435807789,0.013485509966278633,0.009201551991318358
2024-02-21,-0.00026766914334555234,0.0035095613205109273,-0.01656130564958461,-0.005755267228644291,-0.000541262568759021
2024-02-22,0.008146875178688614,-0.02532635387010464,-0.004284168572726901,-0.0020739738591027974,-0.019846847741994064
2024-02-23,0.0028705143190486558,-0.017604136004119898,0.0036814858852822377,-0.0020294994448933844,0.010851685964997429
2024-02-26,-0.0017738169075320112,0.004713602339156864,0.005182843477900267,-0.00781661174905604,-0.008024641755168802
2024-02-27,0.0007799187611621072,0.006788884262180052,0.0055801058831441925,0.00018984714993018842,0.010869136002574612
2024-02-28,0.006650687100273361,-0.004544363358991756,-0.010652005965462896,-0.010538854415733994,-0.001230361564713912
2024-02-29,-0.0069106345329675275,0.006453821213196042,-0.009336531653495773,0.0055542424616998355,-0.01175763570503111
2024-03-01,-0.004282100239686085,0.0014910602269063173,-0.006117755986200117,0.010091389939865282,0.01567010985630847
2024-03-04,0.0038407420774551667,-0.017232139058730386,0.01522962157946815,-0.003555016696549604,0.010088845941785912
2024-03-05,-0.0016440128170717026,-0.004732515218318389,0.018658584703610953,0.009997058651427505,-0.003245876047713543
2024-03-06,-0.009608996856650629,0.004923067858691754,-0.00586686306580021,0.0044886309560895,-0.01397672799202535
2024-03-07,0.00021865697822061802,0.011247494379310321,-0.003495715322760045,-0.0007349629510874514,0.010347794619220745
2024-03-08,0.004277708245049238,-0.001321178054109167,0.012160073188580861,0.014650577069499782,-0.03294051106344999
2024-03-11,0.0007116145847168281,-0.015398310144299748,-0.0036449255007355297,0.01608466525492769,-0.01328257868421916
2024-03-12,-0.0030456894823389555,0.00776615642810702,0.008636542736333443,0.004835737718089699,-0.002987439927401761
2024-03-13,-0.0015018859750109664,-0.0012249095376345464,-0.018509769298004394,-0.008532281572155725,0.004384724076794681
2024-03-14,-0.003324108298596859,-0.0031696172723922056,-0.003583810615406314,-0.004339282041026092,-0.005514608866812982
2024-03-15,7.031321578897741e-05,0.00426963156203823,0.007144138663849418,0.00011946343911438525,-0.008090382885069216
2024-03-18,-0.0016825627797076902,0.01267594632030596,-0.005405552447615705,0.005189242014722577,-0.010860970101555888
2024-03-19,0.0014728033823871141,0.008601547052163351,0.007788145522016982,0.010330258548958204,0.012679499192914305
2024-03-20,-0.0016114842874632824,-0.004458851727110772,0.0008677370510209721,0.0026982996773589492,-0.000853084651591703
2024-03-21,-0.004100739202320658,0.0014945172796157215,0.009679695374383259,-0.00040167397526469383,0.004890339095380354
2024-03-22,0.0020078151906569638,0.0021992071432240497,-0.01261976713454573,-0.014447087229733811,-0.02191100993786107
2024-03-25,-0.002016434406926608,0.011148598551869388,0.01662712370122647,-0.007184474940776945,-0.0076502448696142466
2024-03-26,-0.0036245177031676025,-1.7157933755759629e-06,0.005798003975312631,0.003296528556516004,0.0019374745225960565
2024-03-27,0.007190548272411805,-0.008838152347508288,0.0052509861739119795,0.004113902068570362,-0.02247517924893376
2024-03-28,-8.95760144354568e-05,-0.009524717776301891,0.004013572642276452,0.007830712564060456,0.017744766790594606
2024-03-29,0.0028034392145775064,-0.013436200649854804,-0.0023667784246838366,0.017394218681425544,-0.005748570202589389
2024-04-01,0.004901001421092623,0.003611213743266111,-0.0018698287233740439,-0.00602410115844713,0.004653205584866989
2024-04-02,-0.003304029589357452,0.016437970791083216,0.004116425153687991,0.0016653413179724824,0.030437997260190402
2024-04-03,0.007148506592970664,-0.006192396131106266,0.005063555274646763,0.011183301339096296,0.000506184996622876
2024-04-04,0.0027662626267731076,0.007907368710370427,-0.01069548522838297,-0.003268146427496328,0.013089458307411116
2024-04-05,0.004372811576597505,-0.0009047496558788402,0.012913536000851144,-0.009024406010715288,-0.014364402007964164
2024-04-08,0.0001275135412277112,-0.0051192185723272976,0.01633803201206961,-0.004432518964384417,0.020329287843556303
2024-04-09,-0.0009046164911900767,0.005858839183459384,-0.0059705391269898,-0.0019027890293920767,-0.010999014538424175
2024-04-10,-0.0037008472969603363,0.018447290313204842,-0.002976970256415956,-0.007046857139564336,0.006488098540967753
2024-04-11,0.0007228466584628009,-0.0008949732190194435,-0.017078084203677818,-0.0038500787375927064,-0.0014333295875166713
2024-04-12,-0.0013502307126482945,0.0165166984709917,-0.0013634882198076412,-0.003947413922809728,0.006975501138763663
2024-04-15,-0.0057351365818408455,-0.016852996537922126,0.01284848154500786,-0.0024636152698646043,0.015729292992854915
2024-04-16,-0.004898667675664489,0.013277906124272097,0.008479689138988061,-0.007797203540005479,-0.02106438383717847
2024-04-17,-0.0011406815172371235,0.003112314940161615,-0.017351553447340094,0.001200692050035368,-0.006057925499750144
2024-04-18,-0.0009136621720147711,-0.001309644095380441,-0.00363025652663221,0.004887662089970265,0.005463052046193486
2024-04-19,0.0007577867128601649,-0.00013234026876058833,0.010157350084983204,-0.0008099505960031438,-0.00921998410156501
2024-04-22,0.0029322440332321237,-0.021600883677226086,0.006159900613127959,-0.009758554280600825,0.013305291006394056
2024-04-23,-0.00017398891058615696,-0.0020830978755064554,-0.005323082524164571,0.0023219090977475623,0.013564191283269947
2024-04-24,-0.0015970983242210236,0.00657284218652503,-0.002418936144406694,-0.004739975795010838,-0.005151953818787087
2024-04-25,0.003235209269044221,0.009901194219673799,9.535742070182485e-05,-0.0012207545413361366,0.0008285781401230986
2024-04-26,0.0063652957921369905,-0.011003569677913973,0.0039033557611511923,0.002572152906185475,-0.02248538788034698
2024-04-29,0.003314055592945131,-0.010263939062047808,-0.00627347432103826,-0.009755431700799039,0.011676440839389958
2024-04-30,-0.005340898750862738,0.0012005436171190513,-0.0092124136477601,0.007838606368816375,-0.005755587337377449
2024-05-01,-0.0003387162828991763,0.00790423021686737,-0.004705380438296202,-0.0037955062771203004,-0.0015115602933012222
2024-05-02,0.0035775758151955863,-0.001263940029815805,0.0279327012954665,-0.010050898171935647,-0.003803195317978023
2024-05-03,0.002613298610019552,-0.005813100563050658,-0.003616050912227136,-0.006404535721349468,0.014821695903057578
2024-05-06,-0.0004034220833650543,0.0047963001947701304,0.013468156641917816,-0.013377727486833404,-0.004970673776936932
2024-05-07,-0.003244257764764044,0.004589675619197538,0.004637906532614029,-0.00881581118285678,0.0006003258560255218
2024-05-08,-0.003938488112165262,0.012744609470363124,-0.010693586778016429,-0.012030321041853056,-0.01883391976869583
2024-05-09,-0.002597742691880484,-0.003958057201884507,0.014057263039606702,-0.004958458220893191,-0.014962314529281139
2024-05-10,-0.0006109667908853426,-0.0030730694674937454,-0.018194070225074764,0.004362024795676971,4.834424190336634e-05
2024-05-13,0.0040169178046983375,-0.007354676188198434,0.02052582219780364,-0.004498807075466654,0.005237595833178309
2024-05-14,-0.0008020321568489005,-0.01012686254609153,-0.0024679404653435485,-0.008158616503483093,0.030643961935889703
2024-05-15,-0.0015061229487079455,0.005026853450438991,-0.01833529692243387,0.0006958747910013679,0.004222125993406128
2024-05-16,-0.0043904293353521215,0.008016621461662994,0.0012308029634570572,0.017383654239677977,0.004967444842685154
2024-05-17,0.007642115171095331,-0.006923881692935961,0.00481553951025047,-0.016058814796600394,0.013602757411769681
2024-05-20,0.0023922689135037548,-0.005584906659316266,-0.0005556674994272297,0.010539167166745635,-0.009657790886970602
2024-05-21,0.001079509896152926,-0.011951778297171312,-0.0007347954145639542,-0.004404449624041433,0.01808440840004877
2024-05-22,-0.001993592954207757,-0.0014623242593934864,0.00719830002008582,-0.009944688695491706,0.0086669785630375
2024-05-23,-1.6284078267548349e-06,-0.0020205801027447096,0.013546457624741687,0.0011027372816161448,0.0011086750610437793
2024-05-24,0.004980699016705745,-0.011853509424427224,0.003933727081507362,0.012322127216405987,0.007929312956473023
2024-05-27,-0.003861495365821086,0.002348368873967814,-0.00800653075961547,0.0014135519672142279,-0.00214365946444171
2024-05-28,0.007762319994846417,-0.003345988168180034,-0.0016900633104326018,-0.01497556433313095,-0.004625751223397764
2024-05-29,-0.0005216676000515611,0.01820357077691201,0.00984635970596545,-0.009919309767688348,0.009468006260816364
2024-05-30,-0.0036755710898993803,0.0038563339530424657,-0.000525064627111215,0.007097005769376983,-0.007626067150590749
2024-05-31,0.006342715110099916,-0.003916682046552474,0.00900618559245421,0.0020290832758651624,-0.014622801968780377
2024-06-03,0.0017377296919394076,-0.00240845542705612,0.004951792811097041,-0.007787229057068135,-0.00880085742252924
2024-06-04,0.0008877736481115791,-0.017768752124996214,0.01818105457636951,-0.009068855089046698,0.015191930702241787
2024-06-05,0.002347391626320513,-0.002482070214787163,0.004951312549231627,0.002132636237095688,-0.012325706401905704
2024-06-06,-0.0009337305654193405,0.0006011375452744426,0.00969799971446754,0.006189162503804415,-0.01031252019157506
2024-06-07,0.004591194041440798,0.019175278273391015,0.007203740968397411,-0.00018507289211151627,0.0011490313761137907
2024-06-10,0.004733074571367455,-0.006901339432258797,0.0007662603855048962,0.0012132254358157525,-0.011470422467279365
2024-06-11,-0.0010131418083311385,0.003756996468414022,-0.021024108458093525,-0.002393468873496767,-0.0009652768759376923
2024-06-12,-0.00044842252588371415,1.0890086841422019e-05,0.0030685917563505337,-0.002709567899780623,-0.012953509825682254
2024-06-13,-0.0020307142997450815,-0.00895161741675463,0.0004937168091929266,0.0008675749029185151,-0.01652796336548782
2024-06-14,-0.00237503084988192,0.0135018806671624,-0.024355645755958236,-0.001262709418090418,-0.0164344233285752
2024-06-17,0.0018524782380608157,0.004040627770876391,0.01739959680801284,0.0013878376312917058,0.016526150200377114
2024-06-18,-0.007518413878817116,0.015242687276235716,-0.008803360023946903,0.010974324368533427,0.008263146801885776
2024-06-19,-0.004293549505705111,-0.0035818902178652457,0.0011659510451346193,0.007081933516858276,-0.009658754958628907
2024-06-20,-0.0024803147479316298,0.016115847255136886,-0.010852571105662113,0.004083560121089631,0.00996388623562866
2024-06-21,0.004851665830104702,-0.01590804708492647,0.01296219606639783,-0.009333644987077384,0.013844253985477017
2024-06-24,-9.336510348760757e-05,0.005412760513188215,-0.006950118904631385,0.006899630970090926,-0.0035661352734828607
2024-06-25,0.0038234609952196826,0.017036236280414535,0.003232138008150089,-0.005346083426711988,-0.004048948276022475
2024-06-26,-0.0019536291306647947,-0.008359752262117808,-0.004502109210788787,-0.0006662232052876892,0.0005877263317938574
2024-06-27,-0.0006232308171715169,-0.0022640563584594847,-0.010931149286587713,0.01877463078828802,-0.008104340727528612
2024-06-28,-0.0010917706701344411,0.0027938559741009688,-0.004903397604059079,-0.004621172973982333,0.0032454631993449356
2024-07-01,0.003170257490906041,-0.008448723023470876,-0.008583191469308055,-0.005676299456191609,0.000491477623268568
2024-07-02,-0.0005749354307865735,-0.012427249149419275,-0.012928654736906698,-0.014034417737848661,-0.017864336054769125
2024-07-03,-0.0017472980514966533,0.0013837851932172222,0.006202614606677777,-0.005109288696495986,0.006371032473021634
2024-07-04,0.0012615869370938054,-0.011160653081199966,0.00867381139932969,-0.00210848384094837,-0.0045819362738393505
2024-07-05,-0.0026746524799232414,0.006917310809357877,-0.0009031001003098156,0.007646454138420911,-0.002471281778544847
2024-07-08,-0.0024545669686813756,-0.004546198842680238,0.002554636575157941,-0.005854822397888817,0.013903957868852809
2024-07-09,0.0025835108669747748,0.012989732946508927,-0.008438860026480284,-0.00035393514715878396,0.009243698439023135
2024-07-10,-0.0072874044893515896,-0.000156929747402783,-0.004167869242616698,-0.014834769732715272,-0.0015895375803592017
2024-07-11,0.00489990423960401,-0.008239211014127553,-0.003452297354146364,-0.009449509639630368,0.004696240449773239
2024-07-12,0.0005391550670678759,0.007777057731355789,0.016393700194371568,0.005872908012746572,0.007900111971524574
2024-07-15,-0.000444119919605791,-0.01079244921131296,0.009343027525873453,0.00620263954994619,0.019562723905931594
2024-07-16,0.0005476670914123026,0.0012933064494072028,0.004778116760319761,0.003845653395445483,0.012678650822674782
2024-07-17,0.0008527606432144183,0.011947003801104068,0.012258907621517217,0.016902937117421128,-0.013917298785535992
2024-07-18,0.004258640884449429,-0.016670253162087232,-0.006707524324304494,0.005316491319053884,-0.004609596281554789
2024-07-19,0.00363740294639922,-0.0014716114741328721,-0.0036173293366414524,-0.012727124053768826,-0.003955374686091945
2024-07-22,-0.0043838555930764385,0.007043691243736134,-0.003898641756503161,0.012345414844034527,-0.013660036811852627
2024-07-23,-0.005539539427451801,0.012206650877335107,0.0051971633814344685,-0.0031194493375667695,-0.011666591407646656
2024-07-24,0.002072603114675736,-0.013096630232341741,-0.0015944263030436192,-0.00047441201428992646,0.012162257047367404
2024-07-25,0.0018315335048793837,-0.014070740503716197,-9.581667833626203e-05,0.0019457129627594308,0.015783564820694762
2024-07-26,0.007748104510405117,-0.0024897998550240785,-0.010141729435560857,0.004353245976523477,0.007006516328997934
2024-07-29,0.0033049310257603367,0.0009052040639332399,-0.0015933106770279002,-0.0003113846244954838,0.0036218090340754544
2024-07-30,-0.0031856824436277222,0.006749429736580724,0.0012073436970956278,-0.0004677396046786496,0.0049421079405898285
2024-07-31,0.00315749884020632,0.0007817204924070089,0.0016408531799970366,-0.0013381969108192844,6.0697832540618224e-05
2024-08-01,-0.002278560754091563,-0.00226380598302107,0.0011145101352898635,-0.0017713438974997966,-0.008145355757646704
2024-08-02,-0.00747273229003719,0.011140466477677934,-0.013970746032969435,0.014233504269652482,0.011072731810464517
2024-08-05,0.005366651217756516,-0.002251268430936519,0.00940535704327004,-0.0069063786286986395,0.0129936733112519
2024-08-06,1.0723146238372349e-05,-0.005870578009396072,0.0031981487051775895,-0.000309944341891901,0.00819546816857825
2024-08-07,-0.006448037166814957,0.025267126891392273,-0.005127636835770397,0.0020220659793489877,0.005825299209961984
2024-08-08,0.001811848573888543,0.003868417617549825,0.012800800749039182,0.0017027951196806105,0.014092514379333444
2024-08-09,0.0025132176002679394,-0.012518981327716214,-0.0085418091267231,-0.00849347255337193,0.007913286621535946
2024-08-12,0.0009111253469423445,0.0059618809298490946,-0.005692616085691241,-0.01033153868089488,0.006935867173127789
2024-08-13,0.003943774188162518,-0.013722914096304316,-0.0038600529326398864,0.0030713275594504838,-0.0038653751682663
2024-08-14,0.003553377708635664,0.004099331878955382,-0.0051484498389397695,0.006790547125194153,0.008121990507810975
2024-08-15,0.001728784292500688,0.009823634038419737,-0.0008725484013468805,0.00519003770647332,0.013827234464584764
2024-08-16,-0.00015555732349960575,-0.006537699180855247,0.0036506716433680484,0.008196774815567057,-0.015580038611559056
2024-08-19,-0.004344862667086082,0.012367088915099834,-0.0030204633996181386,0.003467965337445958,-0.022880202906124258
2024-08-20,-0.00033769273490384037,0.003846107511724695,0.005936845131165146,0.002995197096729058,0.002918609599351251
2024-08-21,0.00419150798378149,0.0029673242965658174,0.005873523699239061,0.00573919687086925,0.004891082265570226
2024-08-22,0.001294653633622405,0.016483881634301527,-0.0034386624958693767,0.004508868274763236,0.002453791108820748
2024-08-23,-0.00209166176799764,0.0008408758379961395,-0.007496349699354645,0.0037462062085692597,0.008021422978629275
2024-08-26,0.008643032786201543,-0.014852056081425279,0.001010180747532701,-0.00024850910978669195,0.008971060996881766
2024-08-27,-0.001117943438695776,-0.006769958815325505,0.005931403405002967,0.0023361455935754175,0.01928405880833644
2024-08-28,-0.007614458991506735,-0.00024356221706883774,-0.008095066857611551,0.012745835597957944,-0.008011355769112345
2024-08-29,0.0008934659099970833,0.000947833900882121,-0.001154098416458747,-0.00011484531147140089,-0.014252490400818635
2024-08-30,-0.003242787448508879,0.005781233525055454,-0.010090752818790745,-0.0053641051481865855,-0.02333602310439263
2024-09-02,-0.005402989108767908,0.008431916659180718,-0.010860810723530602,-0.010449804398127724,-0.027785950214520506
2024-09-03,0.005097716660448022,0.0036436643582624896,0.012186189117326121,-0.01146903714787971,-0.004990949028035514
2024-09-04,0.006653547423272233,-0.005191557515439077,0.01028455493263551,0.0026149233174689716,-0.001951630180217756
2024-09-05,0.0009105620016246364,0.011278504828233176,0.011436091332136005,0.0055881243064302925,-0.004542644197165099
2024-09-06,0.0014137538155031834,-0.004101227281366406,-0.007380649283617812,0.0033251231756898742,0.02889949327686658
2024-09-09,0.0020821974388936047,0.02241396994193405,0.0076122768189506446,0.00797236607204857,0.011870836015019114
2024-09-10,-0.004286382753204613,0.009687507404463865,0.007823830971320176,8.379002393059322e-05,0.007551821270761754
2024-09-11,0.004838647366269687,-0.012701177239394248,0.011487121282453579,0.0007726808342229368,-0.006099956875541792
2024-09-12,-0.0045228039015569954,-0.004085744742563074,-0.0035343396657577233,-0.0008931936285050883,-0.00924549827711955
2024-09-13,-0.0017012834490448278,0.006028614241399796,-0.017387438264660195,-0.01014599586504992,0.014615326649340775
2024-09-16,-0.003963387355139727,0.0016891109160109888,-0.005288948643308894,-0.01602928163715217,-0.005201665003409938
2024-09-17,0.003651804006622821,0.0038265254250927474,-0.010526269175238984,-0.004489598068619358,-0.0064425081683232716
2024-09-18,-9.397543902977807e-05,0.003532231998773956,0.0017621046247944423,-0.0035163709070228383,0.016898308729544037
2024-09-19,0.009422225859780997,-0.009563193297476315,-0.004476791078213533,-0.0013747116753960594,0.020633295971734834
2024-09-20,-0.0005065699242061102,-0.007805634199219565,0.0009099150201203228,-0.002475194410011583,0.0005032382037416698
2024-09-23,0.0014576176891094566,-0.013849926692085714,-0.010509445649804161,-0.0018457931540038124,-0.013838425083792637
2024-09-24,-0.0029524935066866423,0.008693975357334672,-0.004412506169792392,-0.002679931623515852,0.009406049838867137
2024-09-25,0.0018065992232873212,0.03459658789187617,-0.012430362141308889,0.007350926945635133,0.0057940614435036866
2024-09-26,-0.0015637781395176063,0.020691890329928554,-0.0034853069796513475,-0.007232577146704217,0.00493525345872744
2024-09-27,-0.003618046434731131,-0.010996515720147983,0.011416759849573795,0.00946126231315414,-0.004218109277039598
2024-09-30,0.0056042828392074565,0.013729126545388538,-0.001098003635108524,0.006089586045194117,-0.00545866986336703
2024-10-01,0.004380424755870808,0.02036909411333227,0.0012007324773028911,0.005367756695855859,-0.0029538607017433587
2024-10-02,-0.002935858792690063,-0.0007349384355859886,0.0017981140094271825,0.006452263525982162,-0.004463370334626502
2024-10-03,0.006366360530358584,0.012502225548537568,-0.006185720611995252,0.0061213815474093335,0.0057743953256870215
2024-10-04,0.005428137601643528,0.014210261183671993,0.012020714913613225,-0.00680165900887039,-0.00214817154752699
2024-10-07,-0.000960241225522272,-0.013530687860805518,0.001401570953842559,0.011818848421683216,0.00042313399686130446
2024-10-08,0.0005352092924228022,0.02530668690811585,0.009252405778364664,-0.003767853143154247,0.012000279433431025
2024-10-09,0.0020008530488847855,0.028852364010087558,-0.007164607364979365,0.0008301160728054549,-0.004208672510533493
2024-10-10,-0.003194046206505827,0.045486109455703624,0.001136964869074896,0.0036439849132906613,-0.005724678886030237
2024-10-11,-0.003575945953504395,0.04417372037962314,-0.0007748889814651432,-0.006234726414968042,-0.013457369880556177
2024-10-14,-0.0034276750949687428,-0.01599247813634514,0.0038252530789791104,-0.0035983560054800084,0.011924881878733914
2024-10-15,-0.0016030377311486415,-0.00617777316882479,0.001145036219726665,0.002528269455265945,-0.011230111106561648
2024-10-16,0.001749882573005885,0.0038061275488799487,0.005791757660199176,-0.0005205347614230601,0.011130989420226917
2024-10-17,0.007251248708656422,0.000568098941257303,-0.014756799271554127,0.013222555494146939,-0.012840883752575874
2024-10-18,-0.0027380872510511913,0.008469143878998924,0.007256895442773557,0.0006039392347208386,0.02401558023681615
2024-10-21,-0.0007251464053443463,0.042941057189409645,-0.0004919356462605943,-0.016190308692495735,-0.013588125952512332
2024-10-22,-0.006354443129556985,0.01329903140530208,0.0007629567944616453,0.0026445521699997258,0.0062056058227221
2024-10-23,-0.005224791934446688,0.01885848604909874,0.0009416444335137763,0.0023154127028671614,0.014164076494040119
2024-10-24,-0.0016013419036673298,0.013385153238865929,-0.010568559244746412,-0.0025563227434088646,0.0203285549226071
2024-10-25,0.0010217451013509495,0.006571621783271368,-0.008634893554101079,-0.009652365624444485,0.004216614463121183
2024-10-28,0.0028033715881682535,-0.0039692687130289325,-0.00852083304904982,-0.011627930310835869,-0.008202317813535781
2024-10-29,-0.003653442077975256,0.013426247906165636,-0.002871886548204858,-0.00801265614052458,0.007041441699920075
2024-10-30,-0.0067865682413798,0.0010218172027984915,0.005683036609914209,-0.0061800669436536445,0.0004721019241100623
2024-10-31,-0.0022849781355785337,0.0012508899339730957,-0.0017325941758796906,-0.005056446801830816,-0.006583179486878273
2024-11-01,-0.0013987291593018545,-0.00283318295323458,-0.002168375830415286,0.0008246779225087706,-0.005320299063118433
2024-11-04,-0.002557655115096558,0.005733284360121502,-0.0017954424151092841,-0.0009084348863836649,-0.007208424895483841
2024-11-05,-0.001979923481876165,0.028503960693325475,-0.002629234161440586,-0.0007747090787128454,-0.020428066244201216
2024-11-06,-0.0009670857826126534,-0.01822013856453067,-0.010192882724817522,0.003799329736229107,-0.00984598278068299
2024-11-07,0.005886350664787469,0.003529683210377708,0.009318330339371912,-0.0065530922458156135,-0.01605877985797257
2024-11-08,0.0015027842976151648,-0.018628469080680367,-0.008507257449430379,0.0018801641701906013,0.009747348045996208
2024-11-11,-0.0028663112427291136,-0.0004988666309919036,-0.01187467436363961,-0.006160477109110701,0.023187827049455653
2024-11-12,-0.003463467492010501,0.01700885100666946,-0.0021071145692825744,-0.007016065501367809,-0.0009144319955173017
2024-11-13,-0.0007474956229694286,0.0028356602712736045,0.008274610023246627,0.012452534270613411,-0.0034792854839945132
2024-11-14,-8.416680486502011e-05,-0.009887472127174793,-0.005658773238767538,0.0011153221316928595,-0.014730933121949827
2024-11-15,0.00040080383816891354,-0.007463211087328914,0.0001561868861532287,-0.0026747507887195945,-0.0007734460263775526
2024-11-18,-0.009263074604612533,0.017234889553857435,0.005081871038056244,0.0011319363595553922,0.00875446134400927
2024-11-19,-0.004306257825954511,-0.0017400204381567586,0.007020054844578382,0.004913781521503809,-0.006310633623391997
2024-11-20,-0.005634693696383874,0.008343129585119971,0.003666785741811847,-0.012095078145000503,0.003907327190729691
2024-11-21,-0.000536910673673765,0.0007125835233318454,-0.007908711137832477,0.003923994714382638,-0.00643360808247825
2024-11-22,0.0034391678189387817,-0.008451620753392779,-0.004129569399656385,0.007559801146593547,-0.03555839125752969
2024-11-25,-0.001242217818206927,0.027785088307912355,-0.01815926985018651,-0.008680234634230219,-0.011062657149321841
2024-11-26,0.005751525077695089,0.0029107689408289558,-0.012596096105571398,0.006964034772625299,0.002666003332950812
2024-11-27,-0.0019238590190587992,-0.01866479672753512,0.007473941053505522,0.007796427273313764,-0.014504544229723715
2024-11-28,0.00577209620145885,-0.0037259378690069974,0.02221307042482208,-0.0025644229253538346,0.0007206806123561497
2024-11-29,0.005888181404024248,-0.011944397801113586,0.01437572975545525,-0.01007900973583341,0.007591019877913029
2024-12-02,-0.0009405487251796015,0.0115138699137005,-0.0019118831815679634,0.0008198087489143776,0.006634822044965738
2024-12-03,-0.0032833362190087664,-0.00338467899700383,0.0011548895355554924,0.007072156044501511,0.0022431537885318964
2024-12-04,-0.003415109946100546,0.0021718070318631232,-0.0013594537728694824,0.005291839393762539,0.0004996812628149556
2024-12-05,0.00098545230460017,0.005716670568441967,0.0007166718691629754,-0.010218759409748292,-0.0023005966807191384
2024-12-06,-0.004864810733162497,0.014777010728136414,0.005112070555317953,-0.006329593694119835,-0.0096498297490346
2024-12-09,0.0037630619843672967,-0.015794254299832958,0.00631972827386274,-0.0021574311482500455,0.0010727218922521563
2024-12-10,-0.0023563760912431782,-0.0007082681909127391,0.0011527661534959494,-0.002543599896330499,0.01928911902048064
2024-12-11,0.00030079888269061387,-0.005145755766825802,0.010970749075869448,0.013664908837506434,0.005862202666969664
2024-12-12,-0.009030451619835119,0.0031655203329721865,-0.008378090497734837,-0.004906695682982919,-0.010045518854012605
2024-12-13,0.001984767393402039,0.019163219332825204,-0.01768760368596769,0.0029711423968707996,-0.021529951552668427
2024-12-16,0.002623120753510683,0.0041336002299782945,0.002278224446757161,0.0032955425378635166,0.000356229080947719
2024-12-17,0.00833085865556717,-0.019253427956500993,0.0029492432252817653,0.006817081785483721,0.008328842387282686
2024-12-18,-0.0015774453418771614,0.013577715716417693,-0.025226932096613724,-0.006971349556677926,0.005744602467893592
2024-12-19,0.0008873158115761913,0.02353296230886464,0.011610017618050708,0.007320673546041651,-0.0030999726796184946
2024-12-20,0.0006657877204410893,0.012012562514915354,-0.02278580813362166,-0.000728348282010188,-0.007535208273013228
2024-12-23,0.00044177211821520086,-0.015179387970541487,-0.0191735162607719,0.0025310181706388046,0.008284499443440403
2024-12-24,-0.0036678790168197337,-0.0011034604349826034,0.014345960356353878,0.0005915390098260626,-0.004156648122383552
2024-12-25,0.008380116331157442,0.0074700120989872505,-0.015101549691574869,0.007599625733456309,0.004550155620784495
2024-12-26,-0.0012418428840742788,-0.006213912027844354,-0.008054276231426766,0.01013595512199061,-0.016599534046847986
2024-12-27,-0.0024016335055368604,0.008369384156407703,-0.0008292171409754133,0.004201796832454044,0.0006990206046940655
2024-12-30,0.00040980724466600316,0.008917170240376294,-0.007704457421296773,-0.02099413877833724,-0.0005406710560222888
2024-12-31,-0.005678918722560371,-0.004907150798028786,0.007544232407882032,0.003343485487760836,0.02077597465192392
2025-01-01,0.003409999501050609,-0.004359629454833668,0.005378057690854532,0.0005967895340552188,-0.027063885811230426
2025-01-02,0.0036579992388128028,-0.0360381351917583,0.020257627246887143,-0.007804923536117319,-0.018276430434840472
2025-01-03,-0.001138443143655893,-0.009223025036976302,0.011041028573741467,-0.008568839936633339,0.004126705716347955
2025-01-06,-0.0010592109053087842,-0.000310337248600359,0.0031351239158368942,-0.00361968344654847,-0.006514979486173841
2025-01-07,0.004669860416504247,-0.0160984457332252,0.007841088235419258,0.0063363355558314505,0.008596155963093582
2025-01-08,-0.0016297451864666778,0.0200097165958083,-0.010095333020508987,0.01789382882906962,-0.004788614741911158
2025-01-09,-0.0017700631996874858,-0.010691886741969149,0.0229952416964032,0.0074819574019393455,-0.0034318055840255783
2025-01-10,-0.0032299942031645637,-0.0008783430915533621,0.0028451583650775684,-0.00281535943657175,0.025452409224560636
2025-01-13,-0.009896821172698595,0.011515244658227747,0.0005897834605903133,-0.006438869936288267,-0.021301104867115027
2025-01-14,-0.0001739321620101899,0.01623321398459724,0.010569307245533904,-0.003865490524237962,-0.00713538284406413
2025-01-15,-0.002921144769828133,-0.010092268279626684,0.005026984122475367,-0.0014284119324489376,0.013438846345134304
2025-01-16,-0.0008617077206018796,0.01312696524450433,-0.013259846692795216,-0.002045372987671354,-0.0043895710555830235
2025-01-17,-0.0021304040654150573,0.003111875924325203,0.006563144152217837,-0.010306405720429188,-0.010037743650538857
2025-01-20,0.00028124211871109143,-0.008197430261885894,0.0010910342610379424,0.022224975855490024,0.018478734570560616
2025-01-21,-0.001261906303214853,0.0061344037653305004,0.0029012614434053424,0.005069457239434975,-0.003358149791625792
2025-01-22,-0.00025301840092851894,0.0042241309801164745,0.006344024357826423,-0.002803850462419479,0.0021233599922711086
2025-01-23,0.004120413193612014,-0.007463779768486145,0.008592627097084062,-0.0019181268761871073,0.0008865370957847399
2025-01-24,-0.0008966933938076493,0.0023495465119011934,-0.0066114205952844726,0.007684351284445507,0.00043852606660244996
2025-01-27,-0.00544415340028684,0.0038035345467292295,-0.008382285436059213,0.0008483523594963772,0.0035833178600359634
2025-01-28,0.0033318956354957906,-0.00299017727031312,-0.0009151040273147172,-0.0019413384456359074,0.0033209365833562583
2025-01-29,0.0021775158241286257,0.006239287572473598,0.003336893802659397,0.006877754879144172,-0.020922490890075553
2025-01-30,-0.00035943766427228995,0.015967362322303964,-0.021345947943447248,-0.002471709801260059,0.009719626793907402
2025-01-31,0.0009013838928715102,-0.011585857051065369,0.014473351186070384,0.001497736441506076,0.011071324747997734
2025-02-03,0.0026742748590430202,0.020244023087784578,-0.008477820532734241,0.01130402059839146,-0.008125682460390532
2025-02-04,-0.006135025399861695,-0.012133658845970782,0.0010224484831186193,0.0012966694163834723,0.005832816223435013
2025-02-05,0.00029878433823764825,-0.001564979277287229,0.01599889782538811,-0.0012507142253963702,0.00934845857493314
2025-02-06,0.004344237305917935,0.003015548304003699,0.00026315952339984235,-0.004251023570096964,-0.009174476400688544
2025-02-07,-0.0007161071086134134,0.005054665539025621,-0.0020364787897124963,0.01082977305377239,0.02391718933698888
2025-02-10,-0.0053636421450259115,-0.0011170162124367945,0.008881292080799748,0.0031470555937228757,0.02307915349568099
2025-02-11,0.004276162873664632,-0.0039250907559380925,0.0019167671950286154,0.00633649937781524,-0.0058967346897315885
2025-02-12,-0.0006710594036881479,-0.0017469672009969642,0.005450889750923617,-0.007150089700746921,0.005235213426268862
2025-02-13,0.006807459305425988,-0.010456898632579766,-0.0087471363704879,-0.004116620304877803,0.008208000633320221
2025-02-14,-0.005492273164685499,0.014499043667922434,0.014551522451655908,0.0037804119681186348,0.0028837259425430473
2025-02-17,-0.00439356617208647,0.009415491846081855,-0.004992421454391645,-0.0025098059384823413,-0.001900646630801495
2025-02-18,-0.003066296217241862,-0.0025908181982562794,-0.006096444784734419,0.00460254632163185,-0.006465515285644842
2025-02-19,-0.004064186162379822,0.015107323853658967,-0.01530217086827522,0.008941122146727012,-0.007679514537216657
2025-02-20,-0.004134722746622976,0.008394512552816516,0.002826828374905459,0.011053969591259928,-0.01161603285404845
2025-02-21,0.002489566867146205,0.006196283734047534,0.007426091100443908,0.012442499005348967,-0.014881250168151377
2025-02-24,-0.004337919388522756,0.010687693461125036,0.021307146021577936,0.010935468380418029,0.015957981182709104
2025-02-25,0.0006404824642491031,-0.007920746848169003,0.011762450264411908,-0.010699065941258648,0.0060424390130868165
2025-02-26,-0.0012530668443684074,-0.003211288030874014,0.011594505966149398,-0.002945036137369664,0.000849341340867417
2025-02-27,-0.0022119025426854334,0.011927521230597204,0.013739947773159693,-0.016075888816262412,-0.0035200094561875245
2025-02-28,-0.004508787072981715,0.012674160435990362,0.009067606784091117,-0.009887386823001687,0.03311607131802488
2025-03-03,0.0016784315935999298,-0.0007866914588746891,0.007611844240630076,0.0012504104065694834,0.007810866546114809
2025-03-04,-0.0009321792476253894,0.0031618481522172393,0.0016275870353754133,0.005278465529882028,0.004299457600263831
2025-03-05,0.00348781218337999,0.00962054595697754,0.0052934984241833315,0.001347305703474768,0.010818193934797105
2025-03-06,0.0027824344207416528,-0.008161360588298267,-0.015041693464549382,-0.012731010395134426,0.010465027304105916
2025-03-07,0.004575199858047671,0.0027019752085020382,-0.0011252840809562884,-0.010926495616563454,0.01272525791000293
2025-03-10,0.0003544674191815014,0.0003127902773932894,0.00507888407185784,-0.0005516193132211375,-0.014587936307457817
2025-03-11,0.0027699912273218687,-0.004434341998393087,0.007314523044606508,0.0006179602955756324,-0.021606940482742212
2025-03-12,0.0014223159071933753,0.011888878321478027,0.01117124901896114,0.007555170496914861,-0.00900247346227497
2025-03-13,-0.0018888248440190206,0.01015382833591583,0.003722560110492954,0.000809610753401753,-0.0018291821564933143
2025-03-14,-0.0014390763486684674,0.011724781966071362,-0.011006163141995654,-0.007013482004083185,-0.018769142835257685
2025-03-17,-0.0021838559931461297,0.016066951071070756,0.01073069041573027,-0.006921822559060983,-0.00224102765618356
2025-03-18,-0.0009224510281031308,0.0013934222284709755,-0.00882637102957714,0.009670949490032707,-0.004791396123191619
2025-03-19,0.007152450286205486,0.0005042570585376288,-0.012854643663240312,-0.002803764366057851,0.012743661244177317
2025-03-20,0.0016032946862368886,-0.003221520151264488,-0.004030731304011469,0.0008660849167242303,-0.023731294078906253
2025-03-21,-0.005877190319223551,0.009471360506222869,-0.005881065925931761,-0.008416867516618437,0.0013757279200061802
2025-03-24,-0.004597104776356245,0.005196036666106636,-0.015024338750049602,-0.007483200565549476,-0.004192869311944751
2025-03-25,-0.0024826201824267383,0.004287300687580528,0.010188196239597443,0.001041228584400078,0.006383563797864245
2025-03-26,0.006630412329551299,0.000754819596469768,-0.028911408416054257,0.021285952535345647,0.006766964511750687
2025-03-27,0.005865591625693382,-0.012469516673274283,-0.0034969212043096222,-0.0055494045590237006,-0.002938249360718325
2025-03-28,0.00259126922602306,0.018640370591659662,0.005829798726878374,-0.003633465702563983,-0.01853812917712718
2025-03-31,0.008651034173702417,-0.017077971960339184,0.005148003954226295,0.0069476885466126315,0.008234023678202465
2025-04-01,0.0011076746715317051,-0.011015430624722712,0.010842190696814882,0.0026655243369285066,0.006124168576390551
2025-04-02,-0.007123194368613626,0.018168399872615586,0.007970025716900274,0.00772232092836826,0.014840999198365883
2025-04-03,-0.0008308527882937256,0.010906507263748233,-0.01368776399988887,-0.0028364438275148697,0.00873019344362494
2025-04-04,0.003751940584619102,0.004685090186579337,-0.02640913206315226,-0.013091819381678423,0.009857555854101717
2025-04-07,-0.0030256442612079165,0.010077782537920136,0.001492720404001491,-0.012284280989622929,0.0005191895918155486
2025-04-08,-0.0030399948905491334,0.0034490388975053953,0.00017393061044859324,0.007215674043585286,-0.005509193683437118
2025-04-09,-0.002586048950419811,-0.004066577078397084,-0.0004776358022083368,-0.0020404153649403525,0.007614193932512465
2025-04-10,0.002490059438358533,-0.0007581129365321802,-0.005598764946599527,0.007574060068938716,-0.0022621986296578103
2025-04-11,-0.004204024486732697,-0.0021185656107019168,0.009622360548359354,-0.007239986009962606,0.0009946388087788795
2025-04-14,0.0008486185545324241,0.010772973293150571,0.005634668829044285,0.002609222978221069,-0.014111919313869663
2025-04-15,-0.0009335414130465209,-0.0005001607149470488,0.009497121045397502,-0.004120114289218624,0.008260809514350823
2025-04-16,0.0011477764088511219,-0.006576551745897587,-0.008213117191919517,0.0015158142888957666,0.002704709502935467
2025-04-17,-0.004276772980643573,0.0030819096256183894,0.006912358668418857,-0.0002037124699302414,-0.002814452109641913
2025-04-18,-0.0019128186329160808,0.007569770924973776,0.009132227181496491,0.0017006118949936728,-0.009342664428451823
2025-04-21,-0.003021431979628513,-0.0026492182759630615,0.009453758428576419,-0.0039427896646084155,-0.009490223900379891
2025-04-22,0.001601339959817079,-0.009096367429558008,0.006220684334548237,-0.00736089925604361,-0.0010518520431504457
2025-04-23,0.006445306976945515,-0.0038087089654958843,0.0038980851854959124,0.01265989028367703,0.010382782017406044
2025-04-24,0.001035875427666694,0.00370341282143054,-0.004113392021399889,-0.0006991463327116363,-0.009698423450083815
2025-04-25,-0.006675307966157779,0.002558005399841924,0.005135744382964287,0.002559673656199261,0.014615947594128173
2025-04-28,-0.0024346577000398306,-0.0027456193922238475,-0.002990590058235134,0.002468781054417456,-0.0004185271181112891
2025-04-29,-0.0018456981507272113,0.004421556020171598,-0.015585136429027287,0.0007303525694135563,-0.014066941213412162
2025-04-30,-0.003305761047577826,-0.008716261205615408,-0.0005158092447620352,0.0014647828825877752,-0.0017369423169987866
2025-05-01,-0.006383409158742526,-0.00735496860730973,0.0010418714309384795,-0.010739562545828075,0.00574756406856612
2025-05-02,0.00019796435607448177,-0.005709158107739257,-0.0018200429311642664,0.001000106255382412,0.02270694433415031
2025-05-05,0.0032932383470074024,-0.004332443210395131,-0.003702147189598026,-0.001962739894980707,-0.017027300801248934
2025-05-06,0.0013753744706621785,0.002877290419693279,-0.010400250894184254,-0.015454211271861081,0.0068279021053475695
2025-05-07,0.0009531186657065396,0.014916086722158836,0.018084532313921396,0.007487659251308675,0.0033205583235455813
2025-05-08,-0.002256803935168738,0.011405514001221145,0.004325307226698957,-0.005549212234363842,-0.007913377453996673
2025-05-09,-0.0005835089445322059,-0.0011204217038954557,-0.005306239900264081,0.007750160653802649,-0.010855082519739795
2025-05-12,0.002648352731224025,-0.0011996902512859892,0.0037217973732782215,-0.008945987066938646,0.013457220745738711
2025-05-13,0.00019345263105067611,-0.007755988470983312,0.009941459952040502,-0.006285645187948942,-0.015733192326701718
2025-05-14,0.0017272094153819152,-0.0014726692517170257,0.021033713811481954,-0.023246680256790574,2.065476905146503e-05
2025-05-15,0.0024525366571038296,-0.003299328057197394,-0.00548113315154228,0.008980997521120594,0.006701197516136242
2025-05-16,-0.001445827737898801,0.006511064390027037,-0.010223421675679622,-0.0019407034030206375,-0.010410906055390813
2025-05-19,-0.003413071573770775,-0.003411950893106688,0.0008537414211572149,-0.0013058632528896133,-0.005922951514852785
2025-05-20,-0.0029980053344828223,0.00874466719706676,0.0067892985830952084,0.00491589307300467,0.017836818119939195
2025-05-21,-0.0057855261917736656,0.021936441330498217,-0.0007374089735692488,0.011107577147028348,-0.0028992278839686746
2025-05-22,0.0007552685545207634,0.0005241524517234871,-0.012392035609392317,-0.00815877902855126,-0.007183646900394666
2025-05-23,-0.0020499784392470754,0.007202930735077651,0.009672516703620052,0.002626005585255358,-0.004756291559710196
2025-05-26,0.0022806915789166343,0.004915074709311667,0.011142238739590289,0.001683189920630609,0.006975699803045259
2025-05-27,0.0032490812376504067,-0.0061338386989990105,0.013383358270790506,0.005484842626304524,-0.0026568607738093504
2025-05-28,0.002738082533460388,0.0012884382894674403,-0.011820055472273036,-0.00151663214637535,0.008624661104788664
2025-05-29,-0.0018669045626119364,0.0033731340235569063,0.0069211569236742685,-0.0019641748111358147,0.005747171813549211
2025-05-30,-0.006203419468155409,0.007823165751169732,-0.008682320308464124,0.0009139369543936138,0.003110159661194812
2025-06-02,0.002870077992327461,-0.009952639419071216,-0.007329429634483218,-0.00655033075404512,-0.01273820551365004
2025-06-03,-0.007761405364298262,0.009436304776452874,-0.0003389628286188601,-0.009877960751722528,-0.007856310767534073
2025-06-04,0.003902242616234201,0.003488486872145361,-0.002270345746440461,0.01602814995579527,0.001183907063247538
2025-06-05,0.0005371528717720241,0.01377693762483616,0.00873509129990957,0.0014027154067542858,-0.002086242933069994
2025-06-06,0.003050891855057556,0.006740926610486387,0.0010910588492304787,0.004089481598568525,-0.011014288469581971
2025-06-09,-0.0014247986252442341,0.024214520902639293,0.0025241920060374195,-0.0052876915517722535,0.006016967937297606
2025-06-10,0.001977826952898309,-0.009257069983211474,0.004374045576175288,0.0012337321044684096,-0.009059269627088543
2025-06-11,0.004459978786732307,0.005038694319101543,-0.010739262908854613,0.002236798364416244,-0.012739074266317187
2025-06-12,-0.0013740977483591532,0.004616739424010096,-0.013375546749459784,-0.009757500495207024,0.0012271304763221088
2025-06-13,0.002417919377261206,0.02234224217391781,-0.017265644988746824,-0.006481023404671552,-0.012071821568081415
2025-06-16,0.0035228744425480794,-0.00847446556008896,-0.0017381978633921804,-0.013346931748183058,0.010799950617007828
2025-06-17,0.002451662959112817,-0.009525394535832503,-0.010219740928154503,0.0038851166764260715,0.01533812926107853
2025-06-18,-0.004780514633015126,-8.948308225023799e-05,0.0007212934076135024,-0.008107121966416997,0.0036609951148022612
2025-06-19,-0.002558207800402585,-0.017015584164755022,-0.013382268206621433,0.0020971705760241383,-0.0005701619620889819
2025-06-20,0.0007476763228381669,-0.004809098803468446,-0.022788307218356042,0.010690415890896119,-0.03640142340446954
2025-06-23,0.005196257614265847,-0.012559831074441846,-0.008128463980539416,0.0037037785965902507,-0.010657411560906674
2025-06-24,-0.005095611378715503,0.0062383940431529235,-0.0009572089560230836,0.0039229174583643904,0.00818233991152069
2025-06-25,-0.007851429612431288,0.010391494710692112,0.0036105078240949856,-0.0006221902457305105,0.009421075531544695
2025-06-26,0.003507217809987519,0.017033536804184696,-0.007738566771582109,-0.0033013037541026013,-0.020751294850283528
2025-06-27,0.001986525399598691,0.007851599869816839,0.0054333821722549885,-0.0019376320433150572,-0.016898769325659778
2025-06-30,-0.00632187197909812,0.0026824578515768135,0.010780521398020429,0.002590442145496765,-0.00263956841467453
2025-07-01,0.00048300530541132763,-0.00773536340842697,-0.011005348817121143,0.001683389474832181,-0.02068289651395229
2025-07-02,-0.0003954614158649258,0.007120719460405227,0.004740200178991492,-0.006748271204503064,-0.003090192055013443
2025-07-03,-0.004938463377000308,-0.007024460164647256,0.002365825191394357,-0.003997732647459874,-0.0004756613371288375
2025-07-04,-0.0064704452424208005,0.025487004012227327,-0.005168960346346256,-0.002410373030662053,-0.0019831068160945722
2025-07-07,0.007138926102098251,0.005740626592324974,0.0055576488425087165,0.007553667588633174,-0.009168985812522446
2025-07-08,0.007717771397610149,-0.009684374494505425,0.022888155449249988,0.010492787737955773,-0.031202088991757325
2025-07-09,-0.005672052843536257,-0.00956369303742301,0.008283241864403544,-0.0019480606763879384,0.014450880704783814
2025-07-10,-0.0023881013115033684,0.016278547458601685,0.0006234512429592691,-7.159150207271259e-05,0.010522174645090148
2025-07-11,-0.00208445158586907,0.0018945073547126053,-0.016223630347744177,-0.002758190834027596,0.009787333004370185
2025-07-14,8.992579978827275e-05,0.01479551260377995,0.011910030030293813,0.006179860799769402,0.006515046719107119
2025-07-15,-0.00095916548340513,-0.013880253605082039,-0.001169451489605147,0.0018897974038524978,-0.028422186208023226
2025-07-16,0.004781415497091766,-0.008715135910879163,0.00144958145184123,0.0021713851622765547,0.013281425199290788
2025-07-17,-0.0014964114093824771,0.003374434405515531,-0.012265043817072855,0.00431425192165019,-0.008094531274903139
2025-07-18,-0.0023973567841803966,0.003985721222144311,0.005072646383439292,0.004287880130651449,-0.008374078088967032
2025-07-21,9.669354973287198e-05,-0.0043068613648460045,-0.007123198069957458,0.004863660754043616,-0.006385938687487481
2025-07-22,0.0032298117814121177,0.003726347500602572,-0.0004213243840019013,-0.007781193613547457,-0.00153873271466089
2025-07-23,-0.0023294244649934067,-0.006559350879936851,-0.0007368014478707652,0.003432466806193768,-0.003764226643043774
2025-07-24,0.006166995574984707,-0.008224799851154551,0.011334881777035793,-0.005425839462286777,-0.015404387241469392
2025-07-25,0.0007550312217212835,0.0033984898088448142,-0.012486288088145338,0.00818220420321952,0.008667569110836349
2025-07-28,0.0012935852294112438,0.006996985352798721,0.0006919560656640242,0.0006077938458961291,0.0009414578132842149
2025-07-29,0.0037466027168768234,0.00563915038395966,0.005639737061137342,-0.009650316438755434,0.000544407123115747
2025-07-30,-0.00022688826249784157,-0.008869432480976136,-0.00425306849374068,0.002197952671764444,-0.01831798648436123
2025-07-31,0.00619068521334871,-0.022750138159914814,-0.008595602827217837,-0.00767737271300605,0.003478455082672525
2025-08-01,0.0021330886016696572,0.011830918233879729,-0.011108479036629437,0.006627682912193619,0.0071483393571513554
2025-08-04,0.001350974684693599,0.003224325005465033,0.0026726703982969773,0.006376003856004666,0.017002738417255775
2025-08-05,-0.0001623938477887763,-0.005305639958940275,-0.012420226377074997,-0.0037655129378931485,0.020063970761359212
2025-08-06,-0.003320458362879029,0.0188447565584998,0.001721184506138606,0.010938639903451158,0.009279996953689425
2025-08-07,0.002815721950358826,0.0011149030162990485,0.008235583544419642,-0.013419536580997921,0.00235640282725009
2025-08-08,-0.000976560989796742,0.014536029515129643,-0.003552426984265254,-0.00025230333470015534,0.013230208672003821
2025-08-11,0.0015798510780969028,0.0011307783874076609,0.0024712724096303757,0.002463325324385339,-0.0004949158799044569
2025-08-12,-0.002031065944897683,0.02181749668522994,-0.0006498136108157885,0.006361586531502615,0.0192376804737473
2025-08-13,-0.005215808509137421,0.024792702533573522,-0.011435563557826812,0.005993086126285898,-0.015193995399202595
2025-08-14,0.0033582629464404103,-0.004152626661707201,0.0023246783209600365,-0.002891395379715555,-0.010853284752894701
2025-08-15,-0.006299068201985367,0.015720798255710614,0.0002174702370246473,0.010331537902828428,0.01018698482302876
2025-08-18,0.0029574779066383894,0.00483776643820762,-0.006151132221316899,0.0069082991704293,0.00891122007115848
2025-08-19,-0.0015486486885116502,0.015579178289857953,-0.012509223308129919,-0.009273243844786075,-0.010910120138963024
2025-08-20,0.0008004212066584791,-0.010407978661431852,-0.006583108226514725,0.008994581396003936,-0.0005076294390918006
2025-08-21,-0.001006871347287826,0.009226225359919342,-0.0016785739213589744,0.00044881885698297604,-0.00010719421379631324
2025-08-22,-0.0028313198416617695,0.015312006879622444,0.01316023753799743,0.005790545288266518,0.015313451539514761
2025-08-25,0.0024357696638423127,-0.019213086638420994,-0.007103185076329918,0.0025860408044421973,0.009509888687318073
2025-08-26,-0.001654449238195914,-0.008802630606514709,-0.004822656929697255,0.004627477795983683,0.0038353046975824383
2025-08-27,0.0042584859204062775,-0.024460249154150508,-0.009698702764942346,0.0018665949486648872,-0.021724205384475066
2025-08-28,0.0008825131811674389,-0.002106858292417637,-0.0003206411013658857,0.003034225335042255,0.006693263921063801
2025-08-29,-0.0018796484321063514,0.010984851950754784,-0.004455983498739608,0.01418564292923674,0.002095971623332803
2025-09-01,-0.0032444023167599303,0.019716062917411233,0.0015925616698267194,-0.004775434685815735,0.012192374876831651
2025-09-02,0.0004290911439436592,0.0016968648255786286,0.008381838816682616,-0.0022108121891698434,0.010318286947346461
2025-09-03,0.001267897502583922,0.01647510564179652,-0.010194934619548197,0.013539143076236396,-0.00561769883362967
2025-09-04,-0.0017562560480443982,-0.01233058977514474,-0.0031000088181431878,0.0021864261468904373,0.009334323837300262
2025-09-05,-0.0020858132267005543,-0.01399350982507666,-0.009962045188465525,-0.009717068895815563,-0.004597398478277206
2025-09-08,-0.002893958686151733,0.0031903315856241085,0.00301323977665209,0.0014514394331984837,0.015212862181432947
2025-09-09,-0.006300809544558033,0.011072686259970693,-0.002230275746192837,0.0037624687233248294,-0.008791565675924127
2025-09-10,-0.006128838753467253,0.007161438507261408,-0.00278362097451747,0.004596855985165758,0.007648463022494496
2025-09-11,-0.004375053397857596,-0.01577629417206089,0.00344320662677337,-0.011646687667989927,-0.0029503576293725565
2025-09-12,-0.0018638214052332986,0.0031075843511285594,-0.00032277589293663433,0.004388732771892953,-0.0006295444000880297
2025-09-15,-0.0029272604696846537,-0.009142880080272248,0.001179607346995428,-0.006799156025499823,0.010096101005876832
2025-09-16,-0.001653706861611478,0.01038297345604951,-0.0051921085841430195,0.0008880949562514598,0.006214975487078533
2025-09-17,0.001945761594897298,0.002087251906979982,-0.004041196547968697,0.0013995352311433036,-0.011759919552709358
2025-09-18,-0.007058173046918253,-0.0021313469387071503,-0.004263725999260412,0.009839167565237731,0.005025372827571741
2025-09-19,-0.003046961190228943,-0.0009729584775741091,-0.007527149241447964,0.0051452841313167404,0.011120637248701975
2025-09-22,0.006015407510314837,-0.01533528049156811,0.015088961674519289,0.003166533204585773,0.01115294763961263
2025-09-23,0.0031491540876037527,-0.0032827233600601535,0.0029847660925585327,-0.010965448435754279,-0.013289658170552691
2025-09-24,0.0014147648783120383,0.008872268801519636,0.014646665547209965,0.0036567213083279074,-0.021827522727689785
2025-09-25,-0.0021575996191619713,-0.00593823966158922,-0.022188501727262874,0.013083111232866028,-0.005373876182311136
2025-09-26,0.0028553053659579174,0.00265398791426265,0.00036951210253181443,-0.007715991330599918,-0.0019889821231086225
2025-09-29,-0.0006175810555937462,-0.00417049405934715,0.0061570083755433345,0.0005963466401449672,-0.0007449868960460065
2025-09-30,-0.0009855166920518616,-0.00550369177717407,-0.002540207421938656,0.002329090574819023,0.0272613712124408
2025-10-01,-0.0025354037117246604,0.0030317081862667418,0.0001356063977682358,0.0059854738331481085,-0.008560555688394263
2025-10-02,-0.0036033471807982824,-0.005148324916153295,0.0016663211220683738,0.0008067574606101824,0.00661092462836385
2025-10-03,0.00012247639711797766,-0.005022878309989906,-0.004777450011438629,-0.004842143166620607,0.004264079626231304
2025-10-06,-0.005283225746917036,-0.00597401956142153,0.005432907806411534,-0.008289908683035457,0.01895520624664268
2025-10-07,-0.0029000645445039215,0.02377727504341519,-0.02250201358824665,-0.004856733723518845,-0.021813997629247052
2025-10-08,-0.002476981107985158,0.003399851530599625,-0.00040899922362793405,0.007270902742753993,-0.001798400295377397
2025-10-09,-0.0029746602794712635,-0.0014848514006000364,-0.0034413564019749425,0.002628607662681806,0.016943521247785608
2025-10-10,-0.003297920074139736,0.006146279722355783,-0.0028694735862295666,0.012475420462721971,0.00315417317751527
2025-10-13,0.0016822705231622505,-0.0009846473304642995,0.002717141150903689,0.005924324309437642,-0.007245314322149029
2025-10-14,0.002966584550991178,-0.0037318074619024427,-0.007102018822111325,-0.01709420837358088,0.00075219109191299
2025-10-15,0.0007183964621317756,0.0066265669055628855,-0.0065647719803468944,-0.011672779317760833,0.008633892085835084
2025-10-16,-0.0009797945367021135,0.009495705312959776,0.009188365366380324,-0.003971338291891015,0.014591271916913137
2025-10-17,-0.0002904175231289651,-0.00409955621301036,-0.011736557749709378,4.153625283803957e-05,0.02301620809234467
2025-10-20,-0.0004190459661726695,-0.002970864928403944,-0.006833790406688807,0.002644054370622817,-0.0030696631282313667
2025-10-21,0.0038217721643900643,-0.007153640254425296,0.003652674573202736,-0.00036264458819534103,-0.0026493814911084084
2025-10-22,-0.006288937071653357,-0.01403519651783293,-0.008659277473118857,-0.0071766429627153905,0.013349608892897937
2025-10-23,-0.0017394517403526858,-0.011969538577855274,0.01247523047033762,-0.010091797637339812,0.008095758210933286
2025-10-24,0.0019218613039376064,0.010859405489790717,-0.004437972819770987,-0.005771882599077408,0.005404388698268973
2025-10-27,0.0027027839171852633,0.014195799011627753,0.01105444688865561,0.011032835339058505,-0.02396275635817746
2025-10-28,-0.003265742121763937,0.002624546177619677,0.0020345564521322117,-3.803076498619124e-05,0.00865087868494838
2025-10-29,-0.0007664983983261763,0.004810523982954696,-0.0034480451995303526,-0.006390767833691023,0.015380248370209414
2025-10-30,0.0005775099315902951,0.004422801552301168,-0.007050868515379478,-0.007920469231998751,0.0075270985185013906
2025-10-31,-0.003671113694715149,0.035195987269220824,0.01584689711944261,-0.0015411024154704678,0.0006052509053343438
2025-11-03,0.0005630112103299095,0.012904341365447138,0.0027504925596602385,-0.003760646225186064,-0.006476771740748047
2025-11-04,-0.0035779095816581303,0.004256875797761903,-0.005352961336447305,-0.003571118552680903,0.024148504052870452
2025-11-05,-0.0008874144387764696,-0.007442569535280983,0.003217975332479522,-0.005579012456924366,0.006717362776425169
2025-11-06,-0.009725357200788293,-0.0036789458862609456,0.0007591294688785436,0.0036518595782455976,-0.014738084148928977
2025-11-07,0.00038335734496422447,0.004686737768162913,-0.017120089731991146,0.02393871647886748,-0.00599475515125464
2025-11-10,-0.0001500760082580703,-0.005709989510972215,-0.005709611368769447,-0.007478554850605814,-0.0004641654277347234
2025-11-11,-0.005739710523437422,-0.005490212088777476,-0.005685237282420585,-0.0015755234715879845,-0.01805250687123526
2025-11-12,0.0037341856069588036,-0.008357987161882022,0.00603898901559094,0.002580205246874895,-0.0026629568827448956
2025-11-13,-0.0010923581162207187,-0.008718062483293099,-0.004719363919241165,0.0063021807880112805,-0.007715550793189314
2025-11-14,0.0013829549083915391,0.016932041959493247,0.003494504999838186,-0.0011554281873559728,-0.0024554805286636167
2025-11-17,-0.0030370959407868023,0.01387307410652932,0.006620861563075946,-0.001341017823932528,-0.03378146638384314
2025-11-18,-0.0018244124146740296,0.0016352268313643953,0.0023398159740398525,0.012940306170300658,0.0033046714712200525
2025-11-19,0.002502333742114369,0.01355475361408624,0.007432571407562842,0.011494599146006305,0.014318996513819723
2025-11-20,0.0003352068797345042,-0.0004378060268938936,-0.003957487251742577,0.006427945640884204,-0.015850060636484045
2025-11-21,0.0020933821216054162,-0.006690578960948414,0.013277403776345939,0.0008574668663977017,-0.0003542398777050034
2025-11-24,-0.002562314243638277,0.01899428851090769,-0.01358748711939836,-0.011279584726447167,-0.005109726763149257
2025-11-25,0.00021589895065430176,0.0057442301245974265,-0.003182919023812095,0.0055959113543453416,0.021530204201130495
2025-11-26,-0.0021768673556086327,-0.009138748477145658,0.003089076797944654,-0.006750983171435364,-0.001538668290260877
2025-11-27,0.003749165655357104,-0.0037538503020090944,0.0028479432823143636,0.00020783312097719022,-0.015539078928197798
2025-11-28,-0.00732188401791101,-0.0001485509875292924,-0.0019061983128004873,-0.010808272285499335,-0.005107139998278297
2025-12-01,0.0011766794007161995,-0.015008342695342777,-0.01600748149905183,0.003983216699495249,-0.010025478225366275
2025-12-02,-0.004351766304340176,0.01454581778261023,-0.012245328734646616,0.0007489676696565391,0.006051971898839775
2025-12-03,-0.0011533712510659608,0.022146733623099532,-0.002864885377966183,0.006445582415566329,-0.0036861443986850604
2025-12-04,0.004645849982487309,-0.017463509107525838,0.0037695979258268782,0.005042827781995853,0.00013297100580385995
2025-12-05,-0.0028991433279648192,0.010322405126041073,0.00142895986811841,-0.003969083062761144,-0.022133320240062152
2025-12-08,-0.005140374106127936,0.001073463677689406,0.0059648701034927245,0.00271479718204491,0.0027149293799051824
2025-12-09,0.005235334191530711,-0.008449112677150263,-0.0013788165899412078,-0.011205155704245257,0.0058776158007289685
2025-12-10,-0.001329465865528188,-0.0035305459739753972,0.0130800249831945,0.012026428911564024,0.009210326587574924
2025-12-11,0.006022000221384993,-0.012198951525461164,0.007966257311421147,-0.0019854157158183837,0.013983013330365203
2025-12-12,-0.0002658671274056849,0.001332896089513464,0.002190939113225379,0.013375021997072108,0.004990358796528405
2025-12-15,0.007816924802838496,-0.015471461292088713,-0.006226788494291001,-0.0004181585550357545,-0.007108383572246081
2025-12-16,0.0003832850674567777,0.003563564110391065,0.008258818425100865,0.002441719127996863,-0.00045094486106279024
2025-12-17,-0.0020164883357398425,0.0022403530283574406,-0.006245831974937613,0.003697637969667395,-0.013222613336029776
2025-12-18,0.00013943804333746947,-0.0013340864459196512,-0.00016367230242731595,-0.004762912671389672,-0.009892061594047425
2025-12-19,-0.001658740327532348,-0.005686188321500384,0.00023191539032038026,-0.005331307246796502,0.01445461375755483
2025-12-22,0.0011374704795159686,-0.005337753133319651,0.014557896261286184,-0.01426093910548786,0.007672851408780174
2025-12-23,0.0016938953303406875,0.006489785252079387,0.005727496649740328,-0.00736790229279875,0.009640245665986345
2025-12-24,0.0007417540373678168,0.004067964730305527,-0.015073533612666435,-0.004483261200732388,-0.009666017106792074
2025-12-25,-0.0019244048138659696,-0.006874593988977473,0.001505373676656283,0.0015511987546584806,-0.005913606360037198
2025-12-26,-0.0010351587295552994,0.0037923430387836305,0.004615817260598437,-0.008550421384377088,0.0038159033773751704
2025-12-29,-0.0037756594018817226,0.011752797786426182,0.002098339144541146,0.00536789325596324,-0.01950341532522876
2025-12-30,0.0006554521477867574,-0.01582178687709782,0.008849869516592489,-0.0019991072654704815,0.011544384630015796
2025-12-31,0.0019392644897885938,0.004495259290718239,-0.002539641934343897,-0.004467093372560278,-0.003393158573415919
2026-01-01,0.0016428150627364642,-0.0057632103435501444,0.013712933049469222,0.002803760198366162,-0.005942100854354309
2026-01-02,-0.003380426983265893,0.009610495285401206,0.004814046950384465,0.0029243143144449587,-0.016999464098789097
2026-01-05,0.008811366620024491,-0.014140470258416611,0.007727833362943461,-0.002038875362938738,0.017249417016940053
2026-01-06,-0.008356752666979939,-0.007726465694147894,0.002994067149331687,0.00017029265400287947,0.01017319817385042
2026-01-07,0.0031919188962930977,-0.016056918368248765,-0.005818169781553462,-0.017144706316228372,-0.014635176972574269
2026-01-08,-0.002092634764653108,0.004180696270039306,0.011819445031124254,0.011851574316967898,0.017952504030535662
2026-01-09,-0.002944156137806624,0.006629944503568596,-0.00037466081902020124,-0.01789359478433356,0.009337976656780204
2026-01-12,-0.003842611086867255,-0.0037604011405766584,0.011629715625064384,-0.0031300392141453445,-0.009440372397898938
2026-01-13,-0.0015584796933445489,0.006634733393939747,0.015074021284291153,0.0025112431623676027,0.009085822797541152
2026-01-14,0.0013930797458659558,-0.015140734900412931,0.002499958270298799,-0.0029578736983805016,-0.021227154711098307
2026-01-15,-0.0009158910368040124,0.0028651792888431437,0.0019911418992840236,0.0012692211732181786,-0.010853564092187193
2026-01-16,0.004995642214230564,-0.014141968257077723,-0.010094213447312338,0.005309720558392957,0.0007232632787150927
2026-01-19,0.002214052873650422,-0.0075142414537886955,-0.005938990780221944,0.004423786671260445,-0.013694697750228512
2026-01-20,-0.004505231770832423,0.004790857407808887,-0.005975442235580168,0.005519020021239185,-0.014278530136196114
2026-01-21,0.0030534858110718615,-0.009654364947274712,-0.005140133086464629,0.007415625486005748,-0.009082792366910765
2026-01-22,0.0017077804069698063,-0.003794662730740899,-0.0004488472365261063,0.011183297144443582,-0.015949744704290628
2026-01-23,0.0013653805266345736,0.008548136737387062,-0.011517891653798504,0.009701054245204014,-0.018474866782653317
2026-01-26,-0.004673946239570279,-0.000778115768705119,-0.01484001178012666,0.0013160239382637605,-0.0037664904678152023
2026-01-27,0.0032370573025541447,0.005064592499391259,0.004703683273363319,-0.010450459094786368,9.07651530716912e-05
2026-01-28,0.004115700200320044,-0.013467626438578628,-0.022891675948270906,0.0005575581771736131,0.003104620866081176
2026-01-29,-0.0054797610605274265,0.01189618126626748,0.004082210740013843,0.007966835929334164,0.002676955185998632
2026-01-30,-0.002381682187208241,0.018352881178617497,0.013519956418313491,-0.006044104588795561,0.003739782913307379
2026-02-02,-0.002020815907386113,-0.018794416942873825,0.006050946230696566,0.010759254128916068,-0.028278561740167962
2026-02-03,-0.0021889976899307885,-0.003309684479194496,-0.014402857174625503,-0.007313913053582823,0.0010754185620673877
2026-02-04,0.006417867861798213,0.0013924844950549055,0.0010867593279508397,-0.00016945900522484308,4.84578668559269e-05
2026-02-05,0.0004953201390746663,-0.002475620402375348,0.013559459347276205,-0.015579903587143744,0.00303416283105489
2026-02-06,0.0010714052884051057,0.0009391451817532926,-0.009137367631155467,0.0023849997391962013,0.00018794446458239014
2026-02-09,-0.0009424283219116396,-0.004382465892296362,-0.00012763807581170307,0.0008741080443995918,-0.01204918030841331
2026-02-10,0.003558366451824499,-0.002280457121346427,0.008539813765861808,0.016279163881763037,-0.008537614571381188
2026-02-11,0.0045452992547720785,-0.003992628847386368,0.001295864554444177,-0.0029378103265269148,0.004548783630951278
2026-02-12,0.005781286869644183,0.006887900951638349,-0.011631586923586049,0.0033372477641492523,-0.022432376993628857
2026-02-13,0.0025871060271458984,0.00039279048164422197,0.005021861927170293,-0.0032724585280399275,0.019771141740802026
2026-02-16,0.0007334761314055028,0.004158169960767122,-0.011810722676428003,-0.004067600548670146,-0.0034923373187887123
2026-02-17,0.0031534840206632764,-0.004578545211534935,-0.0013020906869001588,0.013621495976442848,-0.007007300162720904
2026-02-18,0.007272424389809916,-0.009845659881633224,-0.00792429979469744,-0.008461176167927012,-0.007992881077609941
2026-02-19,-0.002913547882021405,-0.0004564594329784747,0.0037353852016655704,-4.9197346729578165e-06,0.010676532200969705
2026-02-20,0.002971315532323545,0.0015804701877507488,-0.002026021824536777,0.007841952545584004,0.0021007223695992065
2026-02-23,-0.0015244105895858742,-0.000695931827097922,-0.009223867051065109,0.006572917303201132,-0.013831004538212293
2026-02-24,0.005002243369370225,-0.0020811837081634046,-0.003443626645006365,0.003752135061590077,0.008990293333826565
2026-02-25,-0.0022206226433271084,0.024752537281273718,-0.00992608707904916,-0.006105652667960348,0.005811728284018774
2026-02-26,0.00420928694973619,0.004375034328208909,0.0009525876192708598,0.003619128930104909,0.02524176666403838
2026-02-27,0.003260644918459379,-0.004747109850892748,-0.013150345526106179,0.004529588597036752,0.0029956094056720374
2026-03-02,-0.0032626372607300674,0.01470498190485896,-0.0010138937964411128,0.0018377105134549706,0.010269875211821265
2026-03-03,-0.0005472921064305647,-0.0027139757495541726,-0.008298154990505098,0.014707162934575019,-0.005549922988571139
2026-03-04,-0.002214392101126834,-0.01665898097746224,0.012178782301650613,-0.0028903492341971503,0.004036636797684868
2026-03-05,-0.0022917696182858773,-0.004886199686018403,0.00040409935692095784,0.0069222870382475,-0.0267212913324857
2026-03-06,-0.0007716138936173012,-0.015448687319613333,-0.00997962152547931,0.0016247145448766587,0.009702719971775183
2026-03-09,-0.00277758183811989,0.00010485742030003,0.0031349545178661785,0.012536536768844994,0.00578756499528776
2026-03-10,0.008159108902352684,-0.007365772196980564,-0.0036914928843737576,-0.0037756856798202626,-0.007982772379326715
2026-03-11,0.000268244076436682,0.01661517053608467,-0.0003778230197890014,-0.010958841913820214,0.0008240596143454107
2026-03-12,-0.00037189433823827517,0.0045080561686101864,0.018413727671956794,0.0021652051905194647,0.0023970590552968365
2026-03-13,0.0067111284483780615,-0.007741028241607682,-0.007833630155536966,0.0032440663164116177,0.005582642500096079
2026-03-16,0.0012889878964348254,0.007297354235922218,-0.0032547497854633137,0.00017169276587120346,-0.004417819692907005
2026-03-17,0.0037292559786557583,-0.022319250197567538,-0.002900121859581117,0.00046910088686884406,0.010503704877700009
2026-03-18,0.0011951136495454366,0.00341178871484318,-0.004310879778659775,-0.0022151832767597986,-0.0018084296867914278
2026-03-19,0.0004738986015651006,0.007038574901090002,0.012646413681781273,0.009469717248035026,-0.011070768635706356
2026-03-20,0.0009586696940135841,-0.013421573976095254,-0.0036481618196416484,0.002586415128694124,-0.020381387996844004
2026-03-23,0.0034845671359549244,0.007997266656454057,0.002909836502511684,0.014448268047674757,-0.0019085504384336429
2026-03-24,-0.004826492272257954,0.00923402468588389,-0.004207970275231211,0.002233797792285518,-0.010189486357206963
2026-03-25,-3.188508214287339e-05,-0.002363832329308623,0.0004824748210344879,0.004814478108043828,-0.02314977294264886
2026-03-26,-0.005144614978796088,0.011694663659432841,-0.004485653673259506,-0.011776164968961653,0.0006327118247196066
2026-03-27,0.003262111069387276,0.019523299658231685,0.019930058032425476,0.007539313260107592,0.008619981458006487
2026-03-30,0.008334084252885293,-0.006003829732503451,0.00895218652771199,-0.0003934839285288697,0.028188771518689454
2026-03-31,0.0011141766757566203,0.0020476885327107477,0.0009227183605639744,-0.0016018245786197996,-0.0014018863649620829
2026-04-01,0.0075799487375613935,-0.010696309579053891,-0.006861328226056472,-0.0009633269049230929,0.02535829207744285
2026-04-02,0.001267461800966094,-0.009271036769502609,0.0021807321879454013,0.00022607067791372394,0.008114726891945208
2026-04-03,-0.0012768437484990997,0.011296617863109981,-0.009615551825368057,0.004062982235768053,0.005320805101964764
2026-04-06,0.00270061936398968,-0.008181131860801175,-0.0073877920655378935,0.009500756783005573,-0.02620181459507241
2026-04-07,0.002179683778567463,-0.001505612674129289,-0.003425966153182452,0.011406242528566056,-0.005358550959984968
2026-04-08,0.0012070586093243137,-0.0050897231086058595,0.021114904035797535,0.0017165756105425869,0.012136635219078595
2026-04-09,0.0003365415137073049,0.006906376598242692,0.00043914237461428404,-0.00622888793556184,0.01224105511212168
2026-04-10,0.0009921059651975454,0.00248357441479297,-0.0052533940953084085,-0.0048494556447140815,0.00010177427395910866
2026-04-13,0.0009924130317293296,0.009798459670631662,0.010060704886863886,-0.01137422838043126,0.009207612154432596
2026-04-14,-0.002043206081860916,-0.0004941656731457672,-0.010497645226621917,-0.012604855401023107,-0.0019414663246473344
2026-04-15,-0.010437701892945808,0.009311078101004249,0.010948053359335722,-0.012395884409007681,0.014425368555322955
2026-04-16,-0.0041491778132184175,-0.004488251082185802,0.006526671554398237,0.000703149560858178,0.020220302939667555
2026-04-17,-0.0073844935362321566,0.0019211667942291544,-0.004729987755619712,-0.00381908709157383,-0.006838639776440178
2026-04-20,-0.0028294498950226094,0.00583008843128153,0.015462845555303792,-0.0005411806660906848,0.016676193211104237
2026-04-21,-0.002844709020096677,0.011433440742497983,0.007293248720778583,-0.006679015134284283,0.01304788977214018
2026-04-22,-0.002088294974097126,-0.006348184750511989,0.0056210104302154345,0.008379850495562474,0.011412734981853453
2026-04-23,-0.0022001448116408372,0.012793389094275387,0.0036581841282201585,-0.00290849007393472,-0.014028643122504784
2026-04-24,0.0009152514470066315,0.012759378121794354,0.004577217004433134,0.003663886377685271,-0.00856152270885298
2026-04-27,-0.0007624458439146357,0.005332430762905865,0.0020425161280185856,-0.008493816984404995,0.007414774080425238
2026-04-28,0.003652400680432707,0.013568518829097174,-0.006008990608016657,-0.013029190193491899,0.0008200348195563836
2026-04-29,0.0007841513160015191,-0.006610573853988173,0.004053692818542943,0.010892183664046984,-0.0007778717395453402
2026-04-30,-0.002373188877025672,-0.007269729979582004,0.006254732218076334,0.0016109250081804477,-0.008645113567858949
2026-05-01,0.00147045168945869,-0.01624603065238099,0.0001403251590127389,-0.001228508911753901,0.0014740139369529954
2026-05-04,-0.002000036734791222,0.01609925187946642,-0.0026086509401006433,-0.002514066075562482,0.01683438230237162
2026-05-05,0.0014465753627806066,0.005019116206724811,-0.0025542439496536655,-0.016716329131156813,0.005998957944388915
2026-05-06,0.00017460339182493562,9.75221382566435e-05,0.0010620340414175828,0.002011505416761889,-0.002626045825431767
2026-05-07,0.0008053401749140055,0.0025358156421278494,0.00484372093356392,-0.003331027363015729,0.01011167153265095
2026-05-08,-0.006945377185349998,-0.002887043322512568,-0.011310922186837106,0.013510465081675608,0.0021487875316726175
2026-05-11,-0.00415700409708568,0.028350303184412194,-0.007523184141938819,-0.0009051418437332984,-0.005029794790493333
2026-05-12,-0.0005662155900451257,0.0014146702118840373,-0.00803431970667181,7.002199820826954e-05,-0.0014559839739256217
2026-05-13,0.0011898973276117286,0.001171657973000473,0.005549948155580715,0.012411103257134667,-0.009220672292952436
2026-05-14,-0.006781932391242583,0.013795353198134007,-0.006494683863734147,0.0008138033274593557,-0.02062674892052809
2026-05-15,-0.001390886893221287,0.007534538098926846,-0.010434875262944789,0.0030672770876249943,-0.007374840762181065
2026-05-18,0.0034139009932248306,-0.0006374911959920859,-0.007739787668328797,0.0009102100895356235,0.0011567202368050747
2026-05-19,1.3535270139466743e-05,-0.006585030294421611,0.0018179093918689949,-0.003049631669354424,0.003882564191802982
2026-05-20,0.005073776023669382,0.0012456720957836546,0.0020595212572831266,0.005709462010273213,0.013501106299192094
2026-05-21,0.005965465128424384,0.010763231789857292,-0.0053269143409438845,-0.01006898933301377,-0.012838678284214162
2026-05-22,-0.0018773290430011,0.014101052602462924,0.01022942028616888,0.0009748354313123756,-0.005604398386834962
2026-05-25,0.004086098414821446,0.011787690507994511,-0.02895895161526045,0.0015699731907596283,-0.007677987958052896
2026-05-26,0.001117844587678714,-0.0036846098873615954,-0.004896829919763641,-0.003397615794686966,-0.010061308850008036
2026-05-27,-0.0057866107202886805,-0.002840019134356481,-0.019868779338107302,0.006955370865658141,0.004173406183898365
2026-05-28,-0.0004447937108091098,0.0001440685446982491,0.004937813646792038,-0.007972880396020897,-0.005053099443008655
2026-05-29,0.005527529332036046,-0.0042460249970205435,0.010011927608402471,-0.013832761351989607,-0.007186863758543625
2026-06-01,-0.0028963161118160516,0.012644520994114967,-0.0018719121286607842,0.00214153464652501,0.0077722111954005284
2026-06-02,-0.001946678076944331,-0.012507530638207452,-0.015120950173021232,-0.002829868102176494,0.019449770268004152
2026-06-03,0.005389903354046195,0.010374426776004406,-0.012632437692902546,0.00029067273464236307,-0.008349748309796162
2026-06-04,0.00700108407966598,-0.006900307719788934,-0.008289051187031694,-0.0039550175144753615,-0.005841042008186146
2026-06-05,0.006677159008047858,-0.008666432015116325,-0.0038357449368182413,-0.009318266372549016,0.006498561561192752
2026-06-08,0.002335598556279482,-0.011004159468815479,-0.0046146908628000955,-0.005117428618271503,-0.027976555518329255
2026-06-09,-0.006838612674316218,-0.006273733430892824,-0.021877508786932308,0.00433402815163022,-0.013201489171176937
2026-06-10,0.002102274374430414,0.006643579216067124,0.014731439506358166,0.015475783759858693,-0.006885409795585281
2026-06-11,0.0024829096944785833,-0.000611038011748802,-0.014987977477262817,0.017984664695466585,-0.0005948522036233164
2026-06-12,-0.002207644148529239,-0.007872337671509497,-0.005677260776156713,0.0066982498259394885,-0.013197809906969801
2026-06-15,0.0009334933335092136,-0.011161512154562448,0.006207483430362137,0.004607118637397347,0.004797575639789086
2026-06-16,-0.004773614922013282,0.0009224671554800581,0.010987329976270612,-0.008855575179215472,0.01872861020515603
2026-06-17,0.0030702985249320995,0.013533542600930062,0.0012099588463379768,0.007842679895311887,0.02459896193325348
2026-06-18,-0.00478812594490597,0.002243965063760043,-0.00515498910737827,0.005782319462779717,-0.013503489717381183
2026-06-19,0.0008821026645860759,-0.01256265052419953,0.0299898666327334,-0.0021414682180390587,-0.003454744981584933
2026-06-22,0.0021436716451497632,-0.0031489749594774295,-0.008267269563421227,-0.0009450095563797887,0.012488321050622751
2026-06-23,-0.005263931908204882,0.003794994415211757,0.008747232666774834,-0.011006688263261762,-0.0014311474726537102
2026-06-24,-0.0029424311282782506,-0.019839301326547487,0.0191719580169787,0.011341157984703466,-0.0029135724979880693
2026-06-25,0.000975265017108236,-0.0013972830780349657,0.0002887513595811416,-0.004137145402793191,-0.0014453301734299465
2026-06-26,-0.004252815805318452,0.004197032970156664,0.003527402989972469,-0.007540002882155752,-0.007389594812882941
2026-06-29,-0.0029414609610361477,0.010820217227034471,-0.004670697475092467,-0.005155674546822737,-0.01143847001774742
2026-06-30,-0.004411032027963428,0.020961401139355115,-0.002727626539541013,-0.0010298521958113593,0.005274408110833066
2026-07-01,-0.0045647118756662235,0.01666648971258307,0.0021197784157100017,-0.011129127680400428,0.000182954280408194
2026-07-02,-0.0009490260560569195,-0.0017874338601006953,0.0045468719406774015,0.007234612105116644,0.025301556194794128
2026-07-03,2.7732201737945994e-05,-0.008315436911546318,0.011368547642643178,-0.002893985590758698,0.013620942255939635
2026-07-06,5.3987606092701984e-05,0.024259786015413946,0.002730603415940714,-0.009829016509690985,0.006206736728959838
2026-07-07,-0.005804107662237136,0.006849955953295636,0.008483641988337226,0.01633945512523268,-0.016628557165303166
2026-07-08,-0.004781362699757681,0.0057661002229088,-0.0030220893364922598,0.006243751711954003,-0.0009424337483274429
2026-07-09,0.005010982044762392,-0.004685946852501788,0.008053944369079384,-0.004277676637128659,0.006810980673206076
2026-07-10,0.0022567735530060226,0.0007392320400204414,-0.0006555807104946633,-0.00043987211242783734,-0.0056423844579394315
2026-07-13,0.006464114369940523,-0.0069899202037753605,-0.0007170121887974856,-0.008297717718897535,0.013509534084262044
2026-07-14,0.007413778127556928,-0.01141555750178635,-0.0064297687954387095,0.003908647565457118,0.013910526958799138
2026-07-15,-0.0025895994856541616,-0.0005532750417220253,-0.007223265980436664,0.02355074764052845,-0.00016361663172339777
2026-07-16,0.0008022985175784945,0.0002344908353003841,-0.00494025058542949,0.011496071422603945,-0.010009231500034924
2026-07-17,0.0023069111132210545,-0.008680566863080238,-0.0025450261425133992,0.0030156645556811638,0.001811862820122169
2026-07-20,-0.0005087079965665612,-0.005539514065981564,0.007447191656331929,0.00069894986471897,0.004898697834735407
2026-07-21,-0.0014653514404476438,0.004929417324404338,-0.006800426683685242,-0.0012038318174274597,-0.005489998203952994
2026-07-22,-0.003667437780078678,0.0019343378675687364,-0.0057451391287862445,0.0008407566808132177,-0.006496657229674637
2026-07-23,-0.0058390208436955885,0.019836381507419634,0.011229810460880086,0.006596021779577859,-0.00316516255393671
2026-07-24,0.008259020960387015,-0.031366416794069096,-0.0012021064929065937,0.00758409855992835,-0.01491660359363647
2026-07-27,-0.003009587600162196,0.013201872396753748,-0.004453578358536931,-0.007440008571305916,0.00784328356183167
2026-07-28,-0.004242350603258144,0.014849705989390468,0.013487746987242767,0.002398642640961917,0.016452092704349663
2026-07-29,0.00299486287358711,-0.021506611346166743,-0.014389240942348277,-0.00448380996161132,-0.01317026434391766
2026-07-30,-0.000617495572549909,-0.0012898884106639233,0.010455696875702787,0.004701046411616836,-0.01633456027529654
2026-07-31,0.006808640170469587,-0.009216071310274559,0.006237156704160814,-0.0046602696359809275,0.007749177678141296
2026-08-03,-0.004040370483834162,-0.009461574586471774,-0.010619338399864162,0.016590281384857734,-0.012847222330718052
2026-08-04,0.00212921948750841,-0.008239505426040307,-0.003401706459038584,0.0049876862307614315,0.006000045366416375
2026-08-05,0.004270847566057498,-0.014104637706247328,-0.005897457848789783,0.0034014673511499815,-0.005756170050089433
2026-08-06,0.009517491565630011,0.006850273630863168,0.007021860575889621,-0.013307004611492026,0.004821667893738089
2026-08-07,-0.0028028218239001344,0.012703731499881875,-0.010298232188121006,0.006130857922264502,0.02013930434969379
2026-08-10,0.001211359522065239,0.010423193567243444,-0.00251310621046317,-0.003459791070529172,-0.007246017925696112
2026-08-11,0.00932650143079568,-0.001804209084844262,0.0022115444553257283,-0.01127618876349977,-0.022376923771771064
2026-08-12,0.0018759847799016665,-0.014012733887660967,-0.0025072502637547367,0.005908038498605345,-0.02174222928983129
2026-08-13,0.006869499979234571,-0.01008650858776591,-0.013124258446771796,0.00280801428594063,-0.009520271013023787
2026-08-14,-0.006753658881279368,0.012714849432852306,-0.012132882077626195,-0.004819146161843304,-0.010441357394582568
2026-08-17,0.0018049328488275644,-0.01001462941334014,-0.002303365254634933,0.0008461142928323771,0.011605791414697909
2026-08-18,-0.0034306572746186943,0.011324586248937476,-0.013594272165466626,-0.006619673185208884,-0.0032527172332740585
2026-08-19,-0.0018976366799993893,-0.000679537775860072,-0.009916625443973683,-0.002142120014496201,-0.005294764848941112
2026-08-20,8.987673627011087e-05,-0.0021367541965448948,0.004954687716322247,0.008191726035439887,0.014520201042060508
2026-08-21,-0.002408330134844192,0.008280007922325954,-0.004500666480780263,-0.0062788386616224635,0.020954101337547337
2026-08-24,-0.0011200350955419271,0.007203432375634198,-0.0059302688308320054,-0.0023540411200401725,0.008419678713796067
2026-08-25,-0.0057173230166867595,0.004285475022312127,-0.006067022862328169,0.011860844506388277,-0.003242903284987402
2026-08-26,-0.004801126653736223,0.01579144071638821,-0.0008224864463647016,-0.007135656730295084,-0.004304293890689514
2026-08-27,-0.0032256174456094557,-0.0071674531929464495,-0.022383798070766223,0.003669412072730472,0.017442456515606504
2026-08-28,-0.0016033866352203128,0.008336642410804047,0.0017622704049400986,0.0018351067436869492,0.016174857528326706
