date,open,close,high,low,volume,pct_chg,amplitude,ma5,ma20,ma60
2024-01-15,7.553,7.483,7.643,7.453,45361.0,,,,,
2024-01-16,7.453,7.373,7.473,7.233,60020.0,-1.4699986636375728,3.2072698115729015,,,
2024-01-17,7.353,7.153,7.353,7.153,48482.0,-2.983860029838614,2.7126000271260025,,,
2024-01-18,7.143,7.063,7.193,6.893,50460.0,-1.2582133370613757,4.19404445687124,,,
2024-01-19,7.073,6.953,7.093,6.953,27964.0,-1.5574118646467405,1.9821605550049508,7.205,,
2024-01-22,6.953,6.533,6.973,6.473,50443.0,-6.0405580325039505,7.19114051488566,7.015000000000001,,
2024-01-23,6.523,6.593,6.633,6.403,37618.0,0.9184142048063615,3.5205877850910823,6.859,,
2024-01-24,6.633,6.703,6.713,6.463,47404.0,1.6684362202335823,3.791900500530866,6.769,,
2024-01-25,6.693,6.953,6.953,6.663,58376.0,3.7296732806206156,4.326421005519917,6.747,,
2024-01-26,6.973,6.993,7.073,6.913,43302.0,0.5752912411908451,2.3011649647634136,6.755000000000001,,
2024-01-29,7.003,6.883,7.073,6.863,39294.0,-1.5730015730015756,3.0030030030030024,6.825,,
2024-01-30,6.853,6.843,7.013,6.733,41443.0,-0.5811419439198051,4.067993607438621,6.875,,
2024-01-31,6.853,6.503,6.903,6.493,53267.0,-4.968581031711238,5.991524185298835,6.835000000000001,,
2024-02-01,6.453,6.293,6.483,6.243,48461.0,-3.229278794402579,3.690604336460085,6.703,,
2024-02-02,6.313,6.023,6.443,5.803,58246.0,-4.290481487366926,10.170030192277128,6.509,,
2024-02-05,6.013,5.553,6.013,5.413,80127.0,-7.803420222480484,9.96181304997509,6.243,,
2024-02-06,5.523,5.893,6.023,5.373,80542.0,6.122816495587968,11.705384476859345,6.053,,
2024-02-07,5.873,6.123,6.253,5.793,92524.0,3.902935686407605,7.805871372815204,5.977,,
2024-02-08,6.073,6.613,6.703,6.033,114603.0,8.002613098154509,10.942348521966355,6.0409999999999995,,
2024-02-19,6.643,6.563,6.713,6.423,88555.0,-0.756086496295183,4.385301678512022,6.149,6.6545000000000005,
2024-02-20,6.553,6.503,6.553,6.413,47990.0,-0.9142160597287785,2.1331708060338213,6.339,6.605499999999999,
2024-02-21,6.413,6.603,6.753,6.413,61590.0,1.5377518068583784,5.228356143318466,6.481,6.567,
2024-02-22,6.533,6.633,6.673,6.533,45868.0,0.45433893684689863,2.120248371952138,6.583,6.5409999999999995,
2024-02-23,6.663,6.703,6.733,6.613,61544.0,1.055329413538364,1.8091361374943347,6.601000000000001,6.523000000000001,
2024-02-26,6.703,6.693,6.773,6.633,59303.0,-0.14918693122483173,2.0886170371475408,6.627,6.51,
2024-02-27,6.693,6.773,6.773,6.613,43573.0,1.1952786493351297,2.3905572986702412,6.681,6.522,
2024-02-28,6.773,6.503,6.983,6.503,90993.0,-3.986416654362901,7.086962941089614,6.661,6.5175,
2024-02-29,6.443,6.673,6.673,6.403,61903.0,2.6141780716592233,4.151929878517614,6.669,6.516,
2024-03-01,6.743,6.733,6.793,6.653,45280.0,0.8991458114790962,2.0980068934512297,6.675,6.505,
2024-03-04,6.763,6.733,6.853,6.623,44035.0,0.0,3.416010693598686,6.683,6.492,
2024-03-05,6.683,6.613,6.683,6.553,45109.0,-1.7822664488340911,1.9307886529036076,6.650999999999999,6.4784999999999995,
2024-03-06,6.613,6.743,6.813,6.553,54103.0,1.9658248903674513,3.9316497807349124,6.699,6.4735,
2024-03-07,6.733,6.693,6.793,6.673,47010.0,-0.7415097137772664,1.7796233130654027,6.703,6.483,
2024-03-08,6.673,6.753,6.803,6.653,40872.0,0.8964589870013473,2.2411474675033674,6.706999999999999,6.506,
2024-03-11,6.733,6.953,6.953,6.733,82316.0,2.96164667555161,3.257811343106777,6.751,6.5525,
2024-03-12,6.963,6.913,6.993,6.853,57630.0,-0.5752912411908562,2.0135193441679933,6.811,6.6205,
2024-03-13,6.913,6.983,7.013,6.853,63722.0,1.0125849848112267,2.3144799652828025,6.859,6.675,
2024-03-14,6.973,6.993,7.033,6.903,60278.0,0.1432049262494628,1.86166404124303,6.919,6.718500000000001,
2024-03-15,6.963,7.113,7.123,6.943,68912.0,1.716001716001725,2.5740025740025825,6.991,6.7435,
2024-03-18,7.113,6.983,7.123,6.863,174189.0,-1.8276395332489925,3.655279066497958,6.997,6.764500000000001,
2024-03-19,6.963,6.903,7.003,6.903,84262.0,-1.1456394099957024,1.4320492624946375,6.995,6.7844999999999995,
2024-03-20,6.933,6.913,6.943,6.873,51575.0,0.1448645516442193,1.01405186150948,6.981,6.8,
2024-03-21,6.923,6.863,6.933,6.823,56335.0,-0.7232749891508683,1.5912049761319171,6.955,6.8115000000000006,
2024-03-22,6.843,6.733,6.873,6.703,57316.0,-1.894215357715301,2.4770508523969097,6.879,6.813,
2024-03-25,6.673,6.663,6.803,6.643,45290.0,-1.0396554284865522,2.3763552651121365,6.815,6.8115,
2024-03-26,6.673,6.683,6.703,6.553,41540.0,0.3001650907999309,2.251238180999555,6.770999999999999,6.8069999999999995,
2024-03-27,6.673,6.443,6.713,6.443,41581.0,-3.59120155618734,4.0401017507107655,6.677,6.804,
2024-03-28,6.463,6.503,6.613,6.433,37812.0,0.9312432096849399,2.793729629054798,6.6049999999999995,6.7955,
2024-03-29,6.503,6.583,6.583,6.503,37236.0,1.2302014454866894,1.2302014454866994,6.575,6.787999999999999,
2024-04-01,6.623,6.733,6.743,6.593,40689.0,2.278596384627063,2.278596384627075,6.589,6.787999999999999,
2024-04-02,6.753,6.783,6.873,6.753,71526.0,0.7426110203475611,1.7822664488341022,6.609,6.7965,
2024-04-03,6.783,6.693,6.803,6.673,35714.0,-1.326846528084924,1.916556096122658,6.659000000000001,6.794,
2024-04-08,6.703,6.733,6.813,6.653,50770.0,0.5976393246675649,2.3905572986702546,6.705,6.795999999999999,
2024-04-09,6.713,6.763,6.803,6.643,53277.0,0.44556661220853666,2.3763552651121365,6.741,6.7965,
2024-04-10,6.733,6.993,7.063,6.673,220652.0,3.4008576075706065,5.766671595445803,6.793000000000001,6.7985,
2024-04-11,6.873,6.993,7.063,6.703,170397.0,0.0,5.148005148005139,6.834999999999999,6.802499999999999,
2024-04-12,6.903,6.623,6.973,6.593,140270.0,-5.291005291005291,5.4340054340054325,6.821,6.7844999999999995,
2024-04-15,6.533,6.343,6.573,6.273,120823.0,-4.227691378529375,4.529669334138618,6.743,6.752,
2024-04-16,6.283,5.943,6.383,5.923,79882.0,-6.306164275579384,7.252088916916286,6.579000000000001,6.6935,
2024-04-17,5.993,6.343,6.343,5.993,81433.0,6.730607437321234,5.889281507656061,6.449,6.661500000000001,6.6935
2024-04-18,6.373,6.153,6.403,6.133,79961.0,-2.9954280309002157,4.256660886016074,6.281000000000001,6.624,6.671333333333333
2024-04-19,6.133,6.073,6.203,6.023,46697.0,-1.3001787745814952,2.925402242808396,6.170999999999999,6.582000000000001,6.649666666666667
2024-04-22,6.033,6.103,6.143,5.963,37254.0,0.49398979087764694,2.9639387452659265,6.122999999999999,6.544,6.6321666666666665
2024-04-23,6.113,6.093,6.143,6.053,28758.0,-0.1638538423725966,1.4746845813534304,6.1530000000000005,6.5120000000000005,6.616
2024-04-24,6.233,6.163,6.313,6.133,51438.0,1.1488593467914088,2.9542097488921666,6.117,6.487,6.602833333333334
2024-04-25,6.123,6.133,6.193,6.063,38769.0,-0.48677592081778354,2.109362323543727,6.113,6.4595,6.596166666666666
2024-04-26,6.093,6.213,6.213,6.093,50164.0,1.3044187184086065,1.9566280776129157,6.141,6.448,6.589833333333333
2024-04-29,6.163,6.353,6.413,6.093,82437.0,2.2533397714469716,5.150490906164499,6.191,6.4405,6.5840000000000005
2024-04-30,6.303,6.313,6.363,6.233,49569.0,-0.6296237997796328,2.046277349283815,6.235,6.427,6.573333333333333
2024-05-06,6.363,6.543,6.553,6.363,79624.0,3.6432757801362348,3.0096626009820926,6.311,6.4174999999999995,6.565833333333333
2024-05-07,6.573,6.543,6.663,6.493,44427.0,0.0,2.598196545926944,6.393,6.405499999999999,6.5601666666666665
2024-05-08,6.533,6.503,6.643,6.493,52467.0,-0.6113403637475145,2.2925263640531783,6.4510000000000005,6.396,6.5545
2024-05-09,6.563,6.613,6.663,6.523,72172.0,1.691526987544223,2.152852529601731,6.503,6.390000000000001,6.556333333333333
2024-05-10,6.623,6.693,6.903,6.553,126537.0,1.2097383940722795,5.292605474066227,6.578999999999999,6.3865,6.563
2024-05-13,6.723,6.703,6.783,6.603,106184.0,0.14940983116689122,2.689376961004043,6.611,6.372000000000001,6.574333333333333
2024-05-14,6.613,6.743,6.803,6.583,93067.0,0.5967477248993047,3.28211248694614,6.651000000000001,6.3595,6.594166666666666
2024-05-15,6.683,6.603,6.753,6.573,60123.0,-2.076227198576308,2.6694349695980972,6.671000000000001,6.3585,6.606
2024-05-16,6.593,6.533,6.643,6.533,46713.0,-1.0601241859760635,1.6659094351052468,6.655000000000001,6.368,6.612833333333334
2024-05-17,6.533,6.613,6.633,6.513,39779.0,1.2245522730751635,1.8368284096127367,6.639,6.4015,6.612833333333334
2024-05-20,6.603,6.653,6.703,6.593,48239.0,0.6048691970361286,1.6633902918493921,6.6290000000000004,6.417,6.614333333333334
2024-05-21,6.623,6.533,6.663,6.513,33426.0,-1.8036975800390653,2.2546219750488556,6.587000000000001,6.436,6.614833333333333
2024-05-22,6.543,6.593,6.623,6.533,36318.0,0.9184142048063615,1.3776213072095491,6.585000000000001,6.462000000000001,6.6146666666666665
2024-05-23,6.583,6.373,6.583,6.363,48771.0,-3.3368724404671535,3.3368724404671584,6.553,6.475499999999999,6.610333333333333
2024-05-24,6.373,6.523,6.623,6.363,70984.0,2.3536795857523884,4.079711281970811,6.534999999999999,6.497,6.607333333333333
2024-05-27,6.533,6.593,6.663,6.523,62428.0,1.0731258623332796,2.1462517246665733,6.523000000000001,6.5185,6.605666666666666
2024-05-28,6.513,6.743,6.863,6.513,135467.0,2.2751403003185233,5.3086607007432205,6.565,6.5489999999999995,6.605166666666666
2024-05-29,6.693,6.683,6.753,6.473,89748.0,-0.889811656532713,4.1524543971526064,6.583,6.572500000000001,6.6081666666666665
2024-05-30,6.763,6.543,6.823,6.503,88780.0,-2.094867574442616,4.788268741583126,6.617,6.581999999999999,6.606
2024-05-31,6.553,6.493,6.603,6.453,58088.0,-0.7641754546843904,2.2925263640531783,6.611,6.591000000000001,6.602
2024-06-03,6.453,6.213,6.473,6.133,83127.0,-4.312336362236257,5.236408439858307,6.534999999999999,6.5745000000000005,6.593333333333334
2024-06-04,6.243,6.233,6.253,6.083,46746.0,0.32190568163528166,2.736198293899886,6.433,6.559,6.587000000000001
2024-06-05,6.233,6.083,6.233,6.083,38363.0,-2.406545804588467,2.4065458045884722,6.313,6.537999999999999,6.576
2024-06-06,6.063,5.813,6.113,5.783,63247.0,-4.438599375308239,5.424954792043401,6.167,6.498,6.561333333333334
2024-06-07,5.853,6.023,6.053,5.853,54086.0,3.612592465164277,3.4405642525374196,6.073,6.464499999999999,6.549166666666666
2024-06-11,6.063,6.053,6.193,5.963,55103.0,0.4980906524987505,3.8186950024904456,6.0409999999999995,6.4319999999999995,6.534166666666667
2024-06-12,6.053,6.053,6.083,5.933,35792.0,0.0,2.478110028085253,6.005,6.3975,6.519833333333334
2024-06-13,6.213,5.993,6.343,5.973,107146.0,-0.9912440112340937,6.112671402610278,5.987,6.367,6.503333333333333
2024-06-14,5.923,5.953,6.053,5.873,60321.0,-0.667445352911733,3.0035040881027815,6.015,6.338,6.486000000000001
2024-06-17,6.033,6.553,6.553,5.973,268868.0,10.078951789013946,9.742986729380146,6.1209999999999996,6.335,6.4766666666666675
2024-06-18,6.563,6.653,6.783,6.503,345849.0,1.5260186174271162,4.272852128795975,6.2410000000000005,6.335,6.471166666666666
2024-06-19,6.653,6.583,6.933,6.543,252331.0,-1.052156921689451,5.862017135127006,6.3469999999999995,6.3375,6.465833333333333
2024-06-20,6.533,6.383,6.653,6.363,148897.0,-3.0381285128360913,4.405286343612322,6.425,6.327,6.456999999999999
2024-06-21,6.403,6.623,6.883,6.403,217964.0,3.7599874667084476,7.519974933416895,6.559,6.3395,6.452999999999999
2024-06-24,6.533,6.453,6.733,6.393,156924.0,-2.566812622678538,5.133625245357087,6.539,6.336,6.448333333333334
2024-06-25,6.373,6.133,6.403,6.103,143380.0,-4.958933829226719,4.649000464900044,6.435,6.313000000000001,6.4395
2024-06-26,6.133,6.753,6.753,6.113,89049.0,10.109245067666727,10.435349747268868,6.468999999999999,6.3134999999999994,6.440666666666667
2024-06-27,6.953,7.173,7.433,6.783,526366.0,6.219458018658375,9.625351695542713,6.627,6.338,6.4528333333333325
2024-06-28,6.943,6.883,7.173,6.813,391950.0,-4.042938798271301,5.01882057716437,6.679,6.3549999999999995,6.4591666666666665
2024-07-01,6.893,7.013,7.103,6.893,256990.0,1.8887113177393555,3.050995205578962,6.7909999999999995,6.381,6.466333333333334
2024-07-02,6.993,7.333,7.353,6.933,387994.0,4.562954513047202,5.988877798374446,7.031000000000001,6.437,6.476333333333334
2024-07-03,7.233,7.073,7.233,7.053,198697.0,-3.5456157098049834,2.45465702986499,7.095000000000001,6.479000000000001,6.481166666666667
2024-07-04,7.033,6.953,7.073,6.883,174831.0,-1.6965926763749528,2.6862717375936715,7.051,6.522500000000001,6.485500000000001
2024-07-05,6.943,6.803,6.943,6.713,150162.0,-2.1573421544657023,3.3079246368473973,7.034999999999999,6.572,6.486666666666667
2024-07-08,6.793,6.893,7.043,6.643,179914.0,1.3229457592238703,5.87975892988388,7.011,6.6155,6.488833333333333
2024-07-09,6.823,6.863,6.943,6.513,215187.0,-0.43522414043231095,6.238212679529954,6.917,6.656000000000001,6.486666666666666
2024-07-10,6.773,6.563,6.873,6.543,163877.0,-4.371266210112202,4.808392831123416,6.815,6.6815,6.4795
2024-07-11,6.653,6.653,6.693,6.473,156188.0,1.3713240895931733,3.3521255523388658,6.755,6.714499999999999,6.48
2024-07-12,6.563,6.363,6.693,6.333,180886.0,-4.358935818427767,5.411092740117232,6.667,6.734999999999999,6.480333333333333
2024-07-15,6.363,6.303,6.373,6.213,76172.0,-0.9429514380009496,2.5145371680025166,6.549000000000001,6.722499999999999,6.4863333333333335
2024-07-16,6.303,6.253,6.373,6.203,72336.0,-0.7932730445819436,2.6971283515786126,6.427000000000001,6.702500000000001,6.484833333333333
2024-07-17,6.223,6.293,6.313,6.183,74471.0,0.639692947385262,2.0790020790020773,6.372999999999999,6.688,6.487166666666667
2024-07-18,6.233,6.363,6.363,6.043,88642.0,1.1123470522803158,5.085015096138571,6.315,6.687,6.492
2024-07-19,6.303,6.233,6.323,6.203,62904.0,-2.0430614490020593,1.8859028760018874,6.289,6.6674999999999995,6.494166666666667
2024-07-22,6.243,6.153,6.293,6.113,56681.0,-1.2834910957805201,2.8878549655061723,6.259,6.652499999999999,6.495166666666667
2024-07-23,6.173,6.003,6.193,6.003,53795.0,-2.4378352023403105,3.0879245896310663,6.2090000000000005,6.645999999999999,6.492500000000001
2024-07-24,5.953,5.983,6.063,5.943,51136.0,-0.33316674995835793,1.9990004997501267,6.147,6.6075,6.49
2024-07-25,5.953,6.033,6.083,5.923,44207.0,0.8357011532676095,2.6742436904562954,6.081,6.5504999999999995,6.487
2024-07-26,6.073,6.103,6.123,6.043,47015.0,1.1602850986242252,1.3260401127134107,6.055,6.5115,6.482833333333333
2024-07-29,6.093,6.023,6.103,5.993,38363.0,-1.3108307389808282,1.802392266098631,6.029000000000001,6.462000000000001,6.478
2024-07-30,6.033,6.003,6.043,5.923,43873.0,-0.3320604349991596,1.9923626099950211,6.029000000000001,6.3955,6.468999999999999
2024-07-31,6.023,6.183,6.183,5.963,74443.0,2.998500749625177,3.6648342495418915,6.069,6.351000000000001,6.462999999999999
2024-08-01,6.183,6.133,6.213,6.103,53031.0,-0.8086689309396711,1.7790716480672863,6.089,6.3100000000000005,6.456833333333334
2024-08-02,6.103,6.053,6.153,6.033,43998.0,-1.3044187184086065,1.956628077612901,6.078999999999999,6.2725,6.447500000000001
2024-08-05,6.033,5.863,6.103,5.863,68831.0,-3.138939368907967,3.9649760449363844,6.047000000000001,6.221,6.433666666666667
2024-08-06,5.933,6.003,6.033,5.883,50074.0,2.3878560463926224,2.5584171925635397,6.047,6.178,6.422
2024-08-07,6.043,6.023,6.063,5.943,44136.0,0.33316674995835793,1.9990004997501267,6.015,6.151,6.41
2024-08-08,6.003,6.013,6.023,5.923,37698.0,-0.1660302174995798,1.6603021749958435,5.991,6.119,6.400166666666666
2024-08-09,6.013,5.953,6.043,5.953,31064.0,-0.9978380176284607,1.496757026442705,5.971000000000001,6.0985,6.390499999999999
2024-08-12,6.053,5.943,6.093,5.923,44551.0,-0.16798252981691242,2.8557030068872824,5.987,6.0805,6.379333333333333
2024-08-13,5.933,6.013,6.033,5.883,36715.0,1.1778563015312216,2.523977788995463,5.989,6.0685,6.368666666666667
2024-08-14,6.033,5.993,6.043,5.973,25160.0,-0.33261267254282023,1.1641443538998884,5.983,6.0535,6.359666666666667
2024-08-15,5.983,6.033,6.063,5.933,40487.0,0.6674453529117219,2.169197396963122,5.987,6.037,6.350333333333333
2024-08-16,6.073,5.953,6.073,5.953,29607.0,-1.3260401127134114,1.989060169070116,5.987,6.023000000000001,6.343333333333333
2024-08-19,5.943,5.933,6.003,5.923,19467.0,-0.33596505963380263,1.3438602385351934,5.985,6.012,6.333500000000001
2024-08-20,5.973,5.763,5.973,5.753,49115.0,-2.865329512893977,3.7080734872745618,5.935,6.0,6.3196666666666665
2024-08-21,5.763,5.643,5.773,5.633,42196.0,-2.082248828735034,2.4292903001908672,5.865,5.983,6.301333333333333
2024-08-22,5.653,5.593,5.693,5.583,26187.0,-0.8860535176324569,1.949317738791413,5.776999999999999,5.961,6.283166666666667
2024-08-23,5.573,5.583,5.613,5.483,24090.0,-0.17879492222420135,2.324333988914729,5.703,5.9350000000000005,6.267166666666667
2024-08-26,5.733,5.803,5.853,5.673,63732.0,3.9405337632097304,3.224073078989785,5.677,5.924,6.255666666666667
2024-08-27,5.733,5.633,5.823,5.623,47761.0,-2.9295192141995496,3.4464931931759466,5.651000000000001,5.9055,6.2459999999999996
2024-08-28,5.583,5.743,5.783,5.583,40134.0,1.9527782709036101,3.5505059470974647,5.671,5.8835,6.237833333333333
2024-08-29,5.733,5.783,5.803,5.703,32458.0,0.6965000870625015,1.741250217656271,5.7090000000000005,5.866,6.232833333333334
2024-08-30,5.793,5.833,5.883,5.753,38402.0,0.8646031471554627,2.2479681826041826,5.759,5.855,6.233166666666666
2024-09-02,5.813,5.733,5.853,5.733,33198.0,-1.7143836790673883,2.057260414880852,5.745,5.8485,6.2283333333333335
2024-09-03,5.763,5.723,5.783,5.663,31114.0,-0.1744287458573135,2.0931449502878094,5.763,5.8345,6.222833333333333
2024-09-04,5.753,5.723,5.773,5.673,24332.0,0.0,1.7473353136466827,5.759,5.8195,6.217333333333333
2024-09-05,5.723,5.753,5.773,5.703,21249.0,0.5242005940940153,1.2231347195526716,5.753,5.8065,6.213333333333334
2024-09-06,5.773,5.633,5.773,5.633,23845.0,-2.0858682426560082,2.4335129497653343,5.713,5.7905,6.207999999999999
2024-09-09,5.593,5.663,5.673,5.563,22293.0,0.5325758920646129,1.9527782709036094,5.699,5.7765,6.1931666666666665
2024-09-10,5.703,5.723,5.723,5.593,27540.0,1.059509094119715,2.295603037259401,5.699,5.762,6.177666666666667
2024-09-11,5.723,5.703,5.723,5.643,20771.0,-0.34946706272932504,1.3978682509173523,5.695,5.7475000000000005,6.162999999999999
2024-09-12,5.703,5.743,5.783,5.663,23419.0,0.701385235840779,2.1041557075223585,5.693,5.733,6.152333333333334
2024-09-13,5.743,5.663,5.743,5.663,20051.0,-1.3930001741250253,1.3930001741250229,5.699,5.718500000000001,6.136333333333334
2024-09-18,5.653,5.613,5.683,5.563,23014.0,-0.8829242450997699,2.1190181882394508,5.689,5.702500000000001,6.122333333333333
2024-09-19,5.633,5.773,5.783,5.623,40864.0,2.850525565651152,2.850525565651169,5.699,5.703,6.116333333333333
2024-09-20,5.763,5.693,5.803,5.663,24359.0,-1.385761302615629,2.4250822795773375,5.697000000000001,5.7055,6.098666666666667
2024-09-23,5.693,5.693,5.723,5.663,19175.0,0.0,1.053925873880197,5.686999999999999,5.7105,6.074000000000001
2024-09-24,5.723,5.833,5.833,5.703,46819.0,2.459160372387159,2.283506060073773,5.721,5.723,6.0565
2024-09-25,5.903,5.873,5.983,5.853,73298.0,0.6857534716269598,2.228698782787586,5.773000000000001,5.7265,6.0375
2024-09-26,5.883,5.993,5.993,5.853,61470.0,2.043248765537209,2.383790226460081,5.817,5.7445,6.0151666666666666
2024-09-27,6.083,6.203,6.273,6.053,127788.0,3.5040881027865733,3.6709494410145127,5.919,5.7675,6.000666666666667
2024-09-30,6.393,6.693,6.753,6.263,224132.0,7.899403514428482,7.899403514428506,6.119000000000001,5.813000000000001,5.996333333333333
2024-10-08,7.343,6.943,7.363,6.683,286238.0,3.7352457791722804,10.159868519348583,6.340999999999999,5.868499999999999,5.998666666666666
2024-10-09,6.923,6.453,6.923,6.413,164392.0,-7.057467953334284,7.345527869796915,6.457000000000001,5.9045000000000005,5.991333333333333
2024-10-10,6.453,6.483,6.653,6.403,102171.0,0.46490004649000216,3.8741670540833715,6.555,5.942500000000001,5.985
2024-10-11,6.443,6.243,6.493,6.163,82784.0,-3.7019898195279843,5.090236001850997,6.563,5.968500000000001,5.979666666666668
2024-10-14,6.283,6.373,6.403,6.213,63427.0,2.08233221207752,3.043408617651762,6.499,5.9995,5.975
2024-10-15,6.333,6.233,6.373,6.233,61177.0,-2.1967676133689107,2.196767613368909,6.357,6.0295000000000005,5.972833333333333
2024-10-16,6.223,6.333,6.363,6.183,58235.0,1.6043638697256668,2.8878549655061865,6.333,6.063000000000001,5.973333333333333
2024-10-17,6.373,6.243,6.453,6.233,58838.0,-1.42112742775935,3.473867045633991,6.285,6.089,5.973166666666668
2024-10-18,6.243,6.333,6.403,6.183,77337.0,1.4416146083613635,3.5239468204388875,6.303,6.1205,5.973833333333333
2024-10-21,6.363,6.313,6.403,6.293,87615.0,-0.3158060950576469,1.7369335228169813,6.291,6.149,5.973
2024-10-22,6.323,6.383,6.383,6.313,67693.0,1.108823063519715,1.1088230635197256,6.321,6.1850000000000005,5.9755
2024-10-23,6.423,6.613,6.633,6.393,150585.0,3.603321322262265,3.7599874667084476,6.377,6.234999999999999,5.9831666666666665
2024-10-24,6.633,6.533,6.633,6.483,74463.0,-1.2097383940722795,2.268259488885534,6.4350000000000005,6.273,5.992
2024-10-25,6.593,6.703,6.743,6.533,104710.0,2.602173580284717,3.214449716822286,6.509,6.3235,6.0040000000000004
2024-10-28,6.693,6.733,6.743,6.653,89610.0,0.447560793674473,1.3426823810234334,6.593000000000001,6.375500000000001,6.015666666666666
2024-10-29,6.713,6.453,6.763,6.443,140933.0,-4.158621713946231,4.752710530224273,6.607000000000001,6.406499999999999,6.0215000000000005
2024-10-30,6.413,6.413,6.503,6.353,66872.0,-0.6198667286533399,2.3245002324500286,6.567,6.4334999999999996,6.0280000000000005
2024-10-31,6.753,6.633,6.853,6.563,191043.0,3.430531732418518,4.522064556369874,6.587000000000001,6.4655000000000005,6.0385
2024-11-01,6.583,6.513,6.663,6.423,113716.0,-1.8091361374943493,3.618272274988696,6.5489999999999995,6.481,6.0440000000000005
2024-11-04,6.443,6.543,6.543,6.443,60173.0,0.4606172270843034,1.5353907569476515,6.511,6.4735,6.050833333333333
2024-11-05,6.563,6.593,6.593,6.473,88221.0,0.7641754546843904,1.834021091242551,6.539,6.456,6.059833333333333
2024-11-06,6.593,6.583,6.643,6.523,93575.0,-0.1516760200212297,1.820112240254817,6.573,6.4625,6.071833333333333
2024-11-07,6.593,6.733,6.743,6.523,128957.0,2.278596384627063,3.341941364119712,6.592999999999999,6.475,6.0840000000000005
2024-11-08,6.763,6.703,6.793,6.663,102161.0,-0.44556661220851446,1.9307886529036076,6.631,6.498,6.095333333333333
2024-11-11,6.663,6.743,6.743,6.663,85016.0,0.5967477248993047,1.1934954497985988,6.671000000000001,6.516500000000001,6.1075
2024-11-12,6.753,6.733,6.833,6.693,105164.0,-0.14830194275545772,2.07622719857631,6.699,6.541499999999999,6.120500000000001
2024-11-13,6.683,6.733,6.773,6.633,75229.0,0.0,2.079310856973113,6.728999999999999,6.5615,6.133666666666667
2024-11-14,6.753,6.623,6.853,6.613,110089.0,-1.633744244764579,3.564532897668191,6.706999999999999,6.580500000000001,6.143833333333333
2024-11-15,6.583,6.513,6.683,6.503,72480.0,-1.6608787558508253,2.71780160048316,6.669,6.589499999999999,6.152500000000001
2024-11-18,6.483,6.473,6.613,6.463,67245.0,-0.6141563027790564,2.3030861354214704,6.614999999999999,6.597499999999999,6.159833333333333
2024-11-19,6.483,6.603,6.603,6.453,52374.0,2.008342345125902,2.317318090529885,6.589,6.608500000000001,6.1706666666666665
2024-11-20,6.573,6.653,6.673,6.543,63937.0,0.7572315614114755,1.9688020596698455,6.573,6.6105,6.182666666666666
2024-11-21,6.633,6.673,6.703,6.603,43657.0,0.300616263339859,1.5030813166992416,6.583,6.6175,6.1978333333333335
2024-11-22,6.653,6.483,6.693,6.473,67184.0,-2.8472950696838084,3.296867975423344,6.577,6.6065,6.211833333333334
2024-11-25,6.483,6.553,6.563,6.443,45917.0,1.0797470306956658,1.8509949097639997,6.593000000000001,6.597499999999999,6.227833333333334
2024-11-26,6.553,6.553,6.613,6.513,50031.0,0.0,1.5260186174271408,6.583,6.602499999999999,6.244
2024-11-27,6.523,6.713,6.713,6.393,97013.0,2.4416297878834037,4.883259575766829,6.595000000000001,6.6175,6.259166666666667
2024-11-28,6.703,6.813,6.843,6.693,115821.0,1.4896469536719747,2.234470430507975,6.622999999999999,6.6265,6.278833333333334
2024-11-29,6.803,6.793,6.853,6.763,82810.0,-0.29355643622486216,1.321003963011887,6.6850000000000005,6.6405,6.296333333333334
2024-12-02,6.793,6.903,6.943,6.753,99705.0,1.6193139997055628,2.796996908582357,6.755,6.658500000000001,6.3149999999999995
2024-12-03,6.883,6.893,6.943,6.833,55163.0,-0.1448645516442082,1.593510068086331,6.823,6.6735,6.332666666666667
2024-12-04,6.863,6.723,6.883,6.693,66810.0,-2.466270129116499,2.7564195560713824,6.825,6.6805,6.349166666666667
2024-12-05,6.723,6.723,6.753,6.683,40258.0,0.0,1.0412018444147,6.8069999999999995,6.68,6.365833333333333
2024-12-06,6.713,6.833,6.833,6.703,52603.0,1.6361743269373896,1.9336605681987191,6.815,6.6865,6.384333333333333
2024-12-09,6.853,6.893,7.043,6.823,100182.0,0.8780916142250739,3.2196692521586385,6.813,6.694,6.403333333333333
2024-12-10,7.003,6.893,7.043,6.873,115991.0,0.0,2.466270129116494,6.813,6.702,6.424333333333334
2024-12-11,6.913,7.053,7.073,6.873,125626.0,2.3211954156390657,2.90149426954882,6.8790000000000004,6.717999999999999,6.447500000000001
2024-12-12,7.043,7.003,7.073,6.933,85830.0,-0.7089181908407793,1.9849709343541837,6.935,6.737,6.468833333333333
2024-12-13,6.963,6.863,6.993,6.863,71839.0,-1.9991432243324225,1.856347279737254,6.941,6.7545,6.488166666666667
2024-12-16,6.873,6.893,6.973,6.843,52961.0,0.4371266210112079,1.8942153577152832,6.941,6.775500000000001,6.507333333333333
2024-12-17,6.883,6.703,6.913,6.703,62469.0,-2.7564195560713656,3.0465689830262583,6.9030000000000005,6.780500000000001,6.524666666666667
2024-12-18,6.703,6.823,6.983,6.663,92710.0,1.790243174697892,4.773981799194382,6.857000000000001,6.789,6.544833333333333
2024-12-19,6.753,6.673,6.823,6.623,60642.0,-2.1984464311886276,2.931261908251505,6.791000000000001,6.789,6.559833333333333
2024-12-20,6.713,6.793,6.853,6.673,69691.0,1.7982916229581924,2.6974374344372802,6.776999999999999,6.8045,6.578166666666666
2024-12-23,6.973,7.473,7.473,6.933,312854.0,10.010304725452656,7.949359634918299,6.892999999999999,6.850500000000001,6.607833333333333
2024-12-24,7.853,8.223,8.223,7.733,366994.0,10.036130068245686,6.556938311253862,7.197,6.934,6.647666666666667
2024-12-25,9.053,8.173,9.053,7.893,1097765.0,-0.6080505898090838,14.106773683570484,7.4670000000000005,7.007,6.686000000000001
2024-12-26,7.353,7.503,7.893,7.353,820279.0,-8.197724213874958,6.6071210081977245,7.633,7.041500000000001,6.711166666666667
2024-12-27,7.513,8.263,8.263,7.513,745170.0,10.129281620685049,9.996001599360255,7.927000000000001,7.114999999999999,6.745499999999999
2024-12-30,8.403,8.083,8.623,8.043,843903.0,-2.178385574246633,7.019242405905847,8.049000000000001,7.1739999999999995,6.768666666666666
2024-12-31,8.243,7.913,8.333,7.763,465591.0,-2.1031795125572184,7.051837189162444,7.987,7.225,6.784833333333334
2025-01-02,7.883,8.013,8.383,7.703,461671.0,1.2637432073802524,8.593453810185755,7.955000000000001,7.289499999999999,6.810833333333333
2025-01-03,7.953,7.273,8.003,7.213,411211.0,-9.234993136153758,9.858979158866841,7.909000000000001,7.317,6.824
2025-01-06,7.053,6.873,7.203,6.803,285775.0,-5.499793757734073,5.49979375773409,7.631,7.319,6.8345
2025-01-07,6.903,6.823,7.033,6.583,239284.0,-0.7274843590862723,6.547359231776519,7.3790000000000004,7.3155,6.842
2025-01-08,6.703,6.653,6.733,6.443,235807.0,-2.4915726220137935,4.250329766964678,7.127,7.3035,6.849
2025-01-09,6.653,6.583,6.703,6.553,154370.0,-1.052156921689451,2.2546219750488556,6.840999999999999,7.279999999999999,6.853166666666667
2025-01-10,6.553,6.233,6.593,6.233,189796.0,-5.316724897463166,5.468631323104972,6.633,7.241499999999999,6.852999999999999
2025-01-13,6.163,6.183,6.213,6.023,116768.0,-0.8021819348628223,3.0482913524787483,6.495,7.2075000000000005,6.8505
2025-01-14,6.183,6.333,6.353,6.183,167141.0,2.4260067928190354,2.7494743651948883,6.397,7.1795,6.850833333333333
2025-01-15,6.333,6.273,6.333,6.213,126967.0,-0.9474182851729074,1.8948365703458092,6.321,7.1579999999999995,6.849
2025-01-16,6.283,6.363,6.473,6.283,156465.0,1.434720229555242,3.0288538179499365,6.276999999999999,7.135000000000001,6.844833333333333
2025-01-17,6.353,6.313,6.353,6.243,99560.0,-0.7857928650008006,1.7287443030017196,6.293,7.117,6.841166666666667
2025-01-20,6.333,6.373,6.393,6.273,96078.0,0.9504197687312033,1.9008395374623808,6.331,7.096000000000001,6.835666666666667
2025-01-21,6.393,6.323,6.403,6.253,94983.0,-0.7845598619174665,2.3536795857523845,6.329,7.038499999999999,6.828833333333333
2025-01-22,6.283,6.293,6.373,6.263,71023.0,-0.4744583267436431,1.7396805313933308,6.333,6.942,6.8261666666666665
2025-01-23,6.293,6.183,6.423,6.173,130072.0,-1.7479739392976423,3.9726680438582553,6.297,6.842499999999999,6.822333333333333
2025-01-24,6.183,6.193,6.223,6.133,89837.0,0.16173378618793421,1.4556040756914097,6.273000000000001,6.776999999999999,6.815
2025-01-27,6.233,6.173,6.323,6.173,77738.0,-0.32294526077829566,2.4220894558372414,6.233,6.672499999999999,6.809333333333333
2025-02-05,6.193,6.183,6.223,6.133,66045.0,0.16199578810951465,1.45796209298558,6.205,6.577500000000001,6.803333333333333
2025-02-06,6.163,6.263,6.273,6.123,81964.0,1.2938702895034737,2.4260067928190114,6.199,6.495,6.797833333333333
2025-02-07,6.253,6.343,6.423,6.243,128902.0,1.2773431262973034,2.8740220341689238,6.231,6.411499999999999,6.793833333333334
2025-02-10,6.493,6.473,6.553,6.423,127924.0,2.0495033895632897,2.0495033895632964,6.287,6.3715,6.7895
2025-02-11,6.463,6.533,6.573,6.393,129034.0,0.9269272362119718,2.7807817086358813,6.359,6.3545,6.786666666666666
2025-02-12,6.503,6.563,6.603,6.483,105389.0,0.45920710240316964,1.8368284096127367,6.435,6.3415,6.783666666666667
2025-02-13,6.543,6.503,6.573,6.493,77828.0,-0.9142160597287785,1.2189547463050445,6.483,6.334,6.779833333333333
2025-02-14,6.493,6.443,6.523,6.403,69718.0,-0.9226510841150337,1.8453021682300494,6.503,6.327,6.775
2025-02-17,6.443,6.533,6.553,6.413,82932.0,1.3968648145274098,2.1729008225981636,6.515000000000001,6.342,6.7735
2025-02-18,6.573,6.423,6.583,6.393,86188.0,-1.6837593754783442,2.9083116485535037,6.492999999999999,6.354,6.772
2025-02-19,6.423,6.443,6.453,6.363,84062.0,0.31138097462244385,1.4012143858010253,6.468999999999999,6.3595,6.7715000000000005
2025-02-20,6.443,6.453,6.463,6.343,89159.0,0.15520720161417145,1.8624864193698603,6.4590000000000005,6.3685,6.769000000000001
2025-02-21,6.433,6.403,6.463,6.353,83494.0,-0.7748334108166888,1.7046335037966887,6.4510000000000005,6.370500000000001,6.764833333333333
2025-02-24,6.403,6.463,6.493,6.383,93118.0,0.9370607527721564,1.7179447134155916,6.437,6.378,6.761333333333334
2025-02-25,6.403,6.403,6.473,6.373,74590.0,-0.9283614420547814,1.5472690700912834,6.433,6.3795,6.76
2025-02-26,6.403,6.493,6.503,6.383,85624.0,1.4055911291582124,1.8741215055442777,6.4430000000000005,6.388,6.759
2025-02-27,6.483,6.523,6.543,6.403,114541.0,0.46203603881100896,2.1561681811181357,6.456999999999999,6.3995,6.7585
2025-02-28,6.533,6.423,6.633,6.393,167039.0,-1.5330369461904025,3.6792886708569714,6.461,6.411499999999999,6.753666666666666
2025-03-03,6.423,6.373,6.523,6.353,116961.0,-0.7784524365561207,2.6467382842908287,6.443,6.4205,6.746333333333333
2025-03-04,6.353,6.403,6.413,6.313,67426.0,0.4707359171504777,1.5691197238349368,6.443,6.4319999999999995,6.739833333333333
2025-03-05,6.393,6.323,6.403,6.253,74731.0,-1.2494143370295085,2.342651881930337,6.409000000000001,6.439,6.730166666666666
2025-03-06,6.363,6.313,6.363,6.273,85011.0,-0.15815277558122176,1.4233749802309148,6.367,6.4415,6.7204999999999995
2025-03-07,6.303,6.283,6.323,6.233,76824.0,-0.4752098843655794,1.4256296530967962,6.339,6.4385,6.713166666666666
2025-03-10,6.303,6.303,6.353,6.263,69120.0,0.3183192742320484,1.432436734044244,6.325,6.43,6.706166666666666
2025-03-11,6.273,6.383,6.383,6.223,79820.0,1.2692368713311142,2.5384737426622266,6.321,6.422500000000001,6.698666666666667
2025-03-12,6.403,6.463,6.473,6.383,106275.0,1.2533291555694825,1.4099953000156644,6.348999999999999,6.4174999999999995,6.6915000000000004
2025-03-13,6.473,6.483,6.513,6.403,113277.0,0.3094538140182568,1.7019959771004227,6.383,6.416500000000001,6.684666666666667
2025-03-14,6.483,6.493,6.503,6.403,108507.0,0.15424957581366971,1.5424957581366734,6.425,6.419,6.675333333333333
2025-03-17,6.483,6.493,6.523,6.453,136090.0,0.0,1.078084090559054,6.463000000000001,6.417,6.666833333333333
2025-03-18,6.503,6.483,6.523,6.433,70473.0,-0.1540120129370215,1.3861081164330795,6.483,6.42,6.6605
2025-03-19,6.473,6.853,6.863,6.433,423618.0,5.707234305105668,6.63273175998767,6.561,6.4405,6.659833333333333
2025-03-20,6.853,6.733,6.863,6.713,246275.0,-1.7510579308332108,2.1888224135415197,6.611,6.4545,6.660333333333333
2025-03-21,6.713,6.973,7.103,6.703,356764.0,3.5645328976682045,5.940888162780328,6.706999999999999,6.483,6.662833333333334
2025-03-24,7.013,7.253,7.333,6.913,492821.0,4.0154883120608,6.023232468091208,6.859,6.522499999999999,6.6725
2025-03-25,7.253,7.153,7.453,7.013,381164.0,-1.3787398317937516,6.0664552598924635,6.992999999999999,6.56,6.6785000000000005
2025-03-26,7.043,6.903,7.063,6.863,269569.0,-3.4950370473927017,2.7960296379141525,7.003,6.580500000000001,6.669
2025-03-27,6.843,6.663,6.913,6.663,238267.0,-3.4767492394610966,3.621613791105317,6.989,6.5875,6.643
2025-03-28,6.643,6.553,6.743,6.533,146851.0,-1.6509079993996756,3.151733453399369,6.904999999999999,6.593999999999999,6.616
2025-03-31,6.543,7.213,7.213,6.523,245230.0,10.071722875019073,10.52952846024722,6.897,6.636,6.611166666666667
2025-04-01,7.753,7.943,7.943,7.463,324866.0,10.120615555247458,6.65465132399833,7.055,6.712999999999999,6.605833333333334
2025-04-02,8.493,7.673,8.493,7.553,1036376.0,-3.3992194384993013,11.834319526627224,7.2090000000000005,6.780499999999999,6.599
2025-04-03,7.543,8.443,8.443,7.543,853541.0,10.035188322689947,11.729440896650587,7.565,6.8870000000000005,6.607833333333333
2025-04-07,7.943,7.863,9.033,7.803,1126257.0,-6.869596115124943,14.56828141655809,7.827,6.965999999999999,6.605333333333333
2025-04-08,7.713,8.103,8.313,7.563,935823.0,3.0522701259061424,9.538344143456706,8.004999999999999,7.056,6.619166666666667
2025-04-09,7.703,7.323,7.843,7.293,767849.0,-9.626064420584957,6.787609527335553,7.881,7.103,6.626666666666667
2025-04-10,7.253,7.643,7.693,7.133,708502.0,4.369793800355026,7.6471391506213235,7.875,7.161999999999999,6.640333333333333
2025-04-11,7.443,7.253,7.503,7.213,529114.0,-5.10270836059139,3.794321601465394,7.6370000000000005,7.2005,6.650333333333333
2025-04-14,7.253,7.633,7.653,7.203,599190.0,5.2392113608162205,6.204329243071823,7.590999999999999,7.2575,6.667833333333334
2025-04-15,7.583,7.543,7.613,7.353,451528.0,-1.179090789990822,3.406262282195738,7.479000000000001,7.31,6.689666666666667
2025-04-16,7.473,7.573,7.783,7.433,489372.0,0.3977197401564325,4.640063635158432,7.529000000000001,7.3645,6.712833333333333
2025-04-17,7.433,7.323,7.533,7.193,394563.0,-3.301201637396012,4.489634226858586,7.465000000000001,7.388,6.729333333333333
2025-04-18,7.253,6.913,7.293,6.853,415887.0,-5.5987983067049,6.008466475488193,7.397,7.397000000000001,6.739999999999999
2025-04-21,6.873,7.073,7.123,6.863,300392.0,2.3144799652828008,3.7610299435845476,7.285000000000001,7.401999999999999,6.751833333333333
2025-04-22,7.013,6.913,7.153,6.863,284183.0,-2.2621235684999297,4.100098967906109,7.159000000000001,7.385000000000001,6.761833333333333
2025-04-23,6.963,6.823,6.973,6.793,223312.0,-1.301894980471574,2.6037899609431463,7.009,7.3685,6.769333333333334
2025-04-24,6.793,6.903,7.013,6.763,297610.0,1.172504763300597,3.664077385314378,6.925,7.3685,6.779
2025-04-25,6.863,7.183,7.453,6.863,450272.0,4.056207446037963,8.547008547008545,6.979000000000001,7.394499999999999,6.793833333333334
2025-04-28,7.223,7.003,7.233,6.983,299965.0,-2.505916747876924,3.4804399276068496,6.965000000000001,7.417,6.807500000000001
2025-04-29,6.873,6.613,6.913,6.573,291872.0,-5.5690418392117635,4.855062116235897,6.904999999999999,7.3870000000000005,6.8145
2025-04-30,6.613,6.603,6.693,6.583,142987.0,-0.15121729925904326,1.6633902918493786,6.861,7.32,6.821666666666666
2025-05-06,6.623,6.783,6.783,6.613,172120.0,2.726033621081325,2.5745873087990296,6.837000000000001,7.275500000000001,6.831666666666666
2025-05-07,6.853,6.843,6.933,6.783,169690.0,0.884564352056616,2.211410880141522,6.769,7.1955,6.841333333333334
2025-05-08,6.853,7.003,7.053,6.823,218214.0,2.3381557796288144,3.3610989332164185,6.769,7.152500000000001,6.852333333333333
2025-05-09,7.003,7.033,7.073,6.903,212038.0,0.42838783378551515,2.4275310581179608,6.853,7.098999999999999,6.861666666666666
2025-05-12,7.043,6.973,7.073,6.923,159016.0,-0.8531210009953161,2.1328025024882744,6.927000000000001,7.0815,6.869000000000001
2025-05-13,7.023,6.993,7.023,6.933,133859.0,0.28682059371862856,1.2906926717338285,6.968999999999999,7.049000000000001,6.876166666666666
2025-05-14,6.973,7.003,7.013,6.873,126245.0,0.1430001430001493,2.0020020020019973,7.001,7.036499999999999,6.8845
2025-05-15,7.003,6.893,7.033,6.883,125407.0,-1.5707553905469185,2.1419391689276077,6.979000000000001,6.999499999999999,6.8919999999999995
2025-05-16,6.853,6.903,7.003,6.833,106193.0,0.14507471347744438,2.466270129116494,6.953,6.967500000000001,6.898166666666667
2025-05-19,6.893,6.983,6.983,6.873,113234.0,1.15891641315371,1.593510068086331,6.955,6.938000000000001,6.9075
2025-05-20,6.973,7.133,7.133,6.943,204502.0,2.148073893741942,2.7208935987398024,6.983,6.9285,6.919
2025-05-21,7.103,7.063,7.213,7.053,199287.0,-0.981354268891077,2.243095471751018,6.994999999999999,6.936,6.929166666666666
2025-05-22,7.013,6.883,7.103,6.883,160920.0,-2.548492142149228,3.114823729293498,6.993,6.9265,6.937166666666667
2025-05-23,6.883,6.733,6.883,6.723,145891.0,-2.179282289699269,2.3245677756792116,6.9590000000000005,6.9174999999999995,6.941666666666666
2025-05-26,6.723,6.803,6.823,6.683,81356.0,1.0396554284865633,2.079310856973126,6.923,6.916499999999999,6.948333333333334
2025-05-27,6.793,6.823,6.873,6.763,86358.0,0.2939879464942008,1.6169337057180704,6.861,6.9125,6.953833333333333
2025-05-28,6.82,6.88,6.99,6.72,158405.0,0.83540964385167,3.957203576139535,6.8244,6.89735,6.959783333333333
2025-05-29,6.85,7.0,7.07,6.8,176920.0,1.744186046511631,3.9244186046511698,6.847799999999999,6.8972,6.969399999999999
2025-05-30,7.06,6.82,7.11,6.8,157504.0,-2.571428571428569,4.428571428571436,6.8652,6.907549999999999,6.97685
2025-06-03,6.8,6.83,6.86,6.73,96494.0,0.14662756598240456,1.9061583577712593,6.8706000000000005,6.918900000000001,6.983966666666666
2025-06-04,6.82,6.85,6.85,6.79,76653.0,0.2928257686676261,0.8784773060029225,6.876,6.92225,6.99275
2025-06-05,7.07,7.54,7.54,7.07,168569.0,10.072992700729944,6.861313868613135,7.008,6.9571,7.0132
2025-06-06,7.77,7.3,7.77,7.29,665666.0,-3.183023872679047,6.366047745358085,7.068,6.97195,7.030150000000001
2025-06-09,7.3,7.35,7.36,7.18,309586.0,0.6849315068493178,2.4657534246575423,7.1739999999999995,6.9878,7.0476
2025-06-10,7.37,7.22,7.37,7.16,237410.0,-1.7687074829931926,2.8571428571428568,7.252,7.00015,7.0615499999999995
2025-06-11,7.22,7.25,7.29,7.16,149613.0,0.41551246537396835,1.800554016620497,7.331999999999999,7.013,7.074666666666667
2025-06-12,7.25,7.18,7.39,7.13,161245.0,-0.96551724137931,3.586206896551721,7.26,7.021850000000001,7.086283333333333
2025-06-13,7.14,7.18,7.47,7.14,380841.0,0.0,4.596100278551534,7.236,7.036200000000001,7.097733333333334
2025-06-16,7.13,7.3,7.3,7.02,215119.0,1.671309192200554,3.8997214484679703,7.226000000000001,7.056049999999999,7.111183333333333
2025-06-17,7.35,7.25,7.35,7.19,140648.0,-0.6849315068493178,2.1917808219177983,7.232000000000001,7.069399999999999,7.123966666666666
2025-06-18,7.22,7.41,7.57,7.2,343663.0,2.206896551724147,5.10344827586207,7.264,7.08325,7.13325
2025-06-19,7.35,7.2,7.37,7.11,220636.0,-2.8340080971659964,3.5087719298245585,7.268000000000001,7.0901,7.141033333333334
2025-06-20,7.18,7.16,7.33,7.09,150261.0,-0.5555555555555536,3.333333333333336,7.264,7.10395,7.14415
2025-06-23,7.1,7.14,7.14,6.93,177078.0,-0.27932960893854997,2.932960893854748,7.232000000000001,7.1243,7.142266666666667
2025-06-24,7.13,7.21,7.21,7.05,162967.0,0.9803921568627416,2.2408963585434196,7.224000000000001,7.14465,7.143216666666666
2025-06-25,7.21,7.23,7.26,7.15,155257.0,0.277392510402219,1.5256588072121975,7.188,7.165000000000001,7.148666666666667
2025-06-26,7.24,7.29,7.49,7.22,247042.0,0.8298755186721962,3.7344398340249025,7.206,7.1855,7.159116666666667
2025-06-27,7.27,7.23,7.33,7.19,176565.0,-0.8230452674897082,1.9204389574759901,7.220000000000001,7.197,7.1704
2025-06-30,7.24,7.32,7.36,7.23,152611.0,1.2448132780082943,1.7980636237897634,7.256,7.2219999999999995,7.172183333333333
2025-07-01,7.32,7.37,7.43,7.28,201529.0,0.6830601092896238,2.049180327868845,7.287999999999999,7.249,7.162633333333333
2025-07-02,7.36,7.23,7.36,7.22,157243.0,-1.8995929443690551,1.8995929443690713,7.287999999999999,7.268000000000001,7.15525
2025-07-03,7.24,7.23,7.26,7.17,121457.0,0.0,1.2448132780082968,7.276000000000001,7.2525,7.135033333333334
2025-07-04,7.24,7.24,7.4,7.22,216619.0,0.13831258644536604,2.4896265560166055,7.2780000000000005,7.2495,7.124650000000001
2025-07-07,7.49,7.45,7.53,7.29,352627.0,2.900552486187835,3.314917127071826,7.304,7.2545,7.113766666666667
2025-07-08,7.42,7.47,7.47,7.31,274483.0,0.26845637583892135,2.147651006711411,7.324000000000001,7.267,7.116216666666667
2025-07-09,7.43,7.42,7.55,7.37,208166.0,-0.669344042838016,2.4096385542168637,7.362,7.275500000000001,7.1125
2025-07-10,7.38,7.42,7.57,7.34,211121.0,0.0,3.09973045822103,7.4,7.2875,7.115283333333334
2025-07-11,7.4,7.32,7.43,7.24,179487.0,-1.3477088948786964,2.560646900269535,7.4159999999999995,7.294499999999999,7.1100666666666665
2025-07-14,7.32,7.54,7.84,7.3,412652.0,3.005464480874309,7.377049180327869,7.434,7.3065000000000015,7.1100166666666675
2025-07-15,7.48,7.24,7.49,7.23,285832.0,-3.9787798408488007,3.4482758620689626,7.388,7.306,7.104466666666666
2025-07-16,7.23,7.26,7.28,7.17,118924.0,0.2762430939226457,1.51933701657459,7.356,7.2985000000000015,7.103416666666667
2025-07-17,7.3,7.27,7.3,7.22,98778.0,0.13774104683195176,1.1019283746556485,7.3260000000000005,7.302,7.109366666666667
2025-07-18,7.28,7.24,7.28,7.2,99193.0,-0.4126547455295615,1.1004126547455306,7.31,7.306,7.112150000000001
2025-07-21,7.22,7.32,7.32,7.21,127475.0,1.104972375690605,1.51933701657459,7.266,7.315,7.118933333333334
2025-07-22,7.31,7.38,7.38,7.22,173307.0,0.8196721311475308,2.1857923497267775,7.294,7.3235,7.128216666666666
2025-07-23,7.4,7.25,7.51,7.23,154383.0,-1.7615176151761558,3.794037940379395,7.292,7.3245000000000005,7.134
2025-07-24,7.25,7.28,7.28,7.22,98371.0,0.41379310344829,0.8275862068965585,7.294,7.324,7.1356166666666665
2025-07-25,7.27,7.24,7.27,7.22,97003.0,-0.5494505494505475,0.6868131868131844,7.294,7.3245000000000005,7.139566666666666
2025-07-28,7.23,7.25,7.26,7.18,68409.0,0.13812154696133394,1.1049723756906087,7.279999999999999,7.321000000000001,7.150183333333333
2025-07-29,7.25,7.24,7.27,7.18,66967.0,-0.13793103448275223,1.2413793103448256,7.252,7.314500000000001,7.1608
2025-07-30,7.19,7.08,7.21,7.07,144865.0,-2.209944751381221,1.933701657458559,7.218000000000001,7.3069999999999995,7.16575
2025-07-31,7.08,7.03,7.09,7.02,89993.0,-0.7062146892655385,0.9887005649717555,7.168000000000001,7.297,7.168866666666667
2025-08-01,7.03,7.02,7.08,7.0,64848.0,-0.14224751066856944,1.1379800853485074,7.1240000000000006,7.286,7.16915
2025-08-04,6.99,7.06,7.07,6.95,58826.0,0.5698005698005604,1.7094017094017109,7.086,7.266500000000001,7.1696
2025-08-05,7.06,7.08,7.09,7.03,67730.0,0.2832861189801861,0.8498583569405045,7.053999999999999,7.247,7.171383333333333
2025-08-06,7.08,7.08,7.08,7.03,65436.0,0.0,0.7062146892655342,7.054,7.2299999999999995,7.172833333333333
2025-08-07,7.06,7.05,7.07,7.02,71464.0,-0.4237288135593209,0.7062146892655468,7.058,7.211499999999999,7.173616666666666
2025-08-08,7.05,7.16,7.16,7.04,126916.0,1.5602836879432758,1.7021276595744694,7.086,7.2035,7.178066666666667
2025-08-11,7.26,7.36,7.38,7.17,265401.0,2.7932960893854775,2.932960893854748,7.146000000000001,7.1945,7.185683333333333
2025-08-12,7.34,7.29,7.35,7.27,152228.0,-0.9510869565217406,1.0869565217391313,7.188,7.197,7.190799999999999
2025-08-13,7.28,7.22,7.3,7.21,106754.0,-0.9602194787380003,1.2345679012345658,7.215999999999999,7.1949999999999985,7.1922500000000005
2025-08-14,7.22,7.08,7.24,7.07,108407.0,-1.939058171745145,2.3545706371191124,7.2219999999999995,7.1855,7.192533333333333
2025-08-15,7.05,7.14,7.14,7.05,95130.0,0.8474576271186418,1.271186440677964,7.218000000000001,7.180499999999999,7.196816666666666
2025-08-18,7.16,7.13,7.19,7.12,109515.0,-0.1400560224089631,0.980392156862749,7.172,7.171000000000001,7.203433333333334
2025-08-19,7.16,7.14,7.16,7.09,90608.0,0.14025245441795509,0.9817671809256702,7.142,7.159000000000001,7.20905
2025-08-20,7.15,7.17,7.17,7.12,83065.0,0.42016806722688926,0.7002801120448154,7.132,7.154999999999999,7.214833333333333
2025-08-21,7.17,7.19,7.21,7.15,104591.0,0.2789400278940146,0.8368200836820029,7.154000000000001,7.150500000000001,7.220000000000001
2025-08-22,7.19,7.18,7.2,7.11,106735.0,-0.13908205841447474,1.2517385257301787,7.162000000000001,7.147499999999999,7.223
2025-08-25,7.19,7.21,7.22,7.15,109162.0,0.41782729805013297,0.9749303621169834,7.178,7.1455,7.229500000000001
2025-08-26,7.2,7.24,7.25,7.17,110705.0,0.4160887656033285,1.1095700416088776,7.198,7.1455,7.2363333333333335
2025-08-27,7.24,7.07,7.28,7.05,148078.0,-2.3480662983425438,3.176795580110503,7.178,7.1450000000000005,7.24
2025-08-28,7.05,7.01,7.1,6.87,138972.0,-0.8486562942008558,3.253182461103247,7.142,7.144,7.231166666666667
2025-08-29,7.04,7.02,7.06,6.98,66135.0,0.14265335235377208,1.141226818830231,7.109999999999999,7.144,7.2265
2025-09-01,7.02,6.99,7.03,6.97,65352.0,-0.42735042735041473,0.8547008547008619,7.066,7.1405,7.2205
2025-09-02,7.01,6.97,7.04,6.91,72354.0,-0.28612303290415086,1.8597997138769653,7.011999999999999,7.135000000000001,7.216333333333334
2025-09-03,6.97,6.84,7.02,6.83,77996.0,-1.86513629842181,2.7259684361549428,6.965999999999999,7.122999999999999,7.2095
2025-09-04,6.84,6.87,6.91,6.81,73954.0,0.43859649122808264,1.461988304093575,6.938,7.114,7.2043333333333335
2025-09-05,6.88,6.99,6.99,6.82,82487.0,1.7467248908296984,2.4745269286753993,6.9319999999999995,7.105500000000001,7.2011666666666665
2025-09-08,6.99,6.99,7.03,6.94,74790.0,0.0,1.2875536480686673,6.9319999999999995,7.087000000000001,7.196000000000001
2025-09-09,6.98,6.94,6.99,6.91,53208.0,-0.7153075822603716,1.1444921316165961,6.926,7.069500000000001,7.190833333333334
2025-09-10,6.93,6.92,6.95,6.88,55031.0,-0.2881844380403509,1.0086455331412143,6.942,7.0545,7.182666666666666
2025-09-11,6.93,6.95,6.95,6.87,58800.0,0.43352601156070314,1.1560693641618507,6.958000000000001,7.048,7.1785000000000005
2025-09-12,6.96,6.95,6.98,6.94,68486.0,0.0,0.5755395683453243,6.95,7.038500000000001,7.175
2025-09-15,6.96,6.92,7.03,6.91,65965.0,-0.4316546762589968,1.7266187050359725,6.936,7.027999999999999,7.171333333333333
2025-09-16,6.92,6.93,6.94,6.86,61688.0,0.14450867052022698,1.1560693641618507,6.934,7.0175,7.166666666666667
2025-09-17,6.93,6.94,6.97,6.88,71411.0,0.14430014430015792,1.2987012987012967,6.938,7.006,7.161833333333333
2025-09-18,6.96,6.86,6.96,6.83,85209.0,-1.1527377521613813,1.8731988472622463,6.92,6.9895,7.1546666666666665
2025-09-19,6.87,6.98,7.06,6.85,163609.0,1.7492711370262315,3.0612244897959178,6.926,6.9795,7.1505
2025-09-22,6.97,7.11,7.15,6.89,215054.0,1.8624641833810962,3.724928366762187,6.964,6.974500000000001,7.147000000000001
2025-09-23,7.12,7.03,7.12,6.88,118018.0,-1.1251758087201136,3.3755274261603407,6.984,6.964,7.141333333333334
2025-09-24,6.99,7.08,7.1,6.94,109033.0,0.7112375533428139,2.2759601706970023,7.0120000000000005,6.964499999999999,7.138833333333333
2025-09-25,7.08,6.94,7.08,6.91,116008.0,-1.9774011299435013,2.401129943502824,7.0280000000000005,6.961,7.1339999999999995
2025-09-26,6.93,6.9,6.98,6.89,80531.0,-0.5763688760806907,1.2968299711815667,7.0120000000000005,6.955,7.128333333333333
2025-09-29,7.02,7.22,7.57,7.02,401434.0,4.6376811594202705,7.971014492753634,7.034000000000001,6.966499999999999,7.124499999999999
2025-09-30,7.17,7.1,7.23,7.07,182407.0,-1.6620498614958512,2.2160664819944618,7.048,6.972999999999999,7.118333333333334
2025-10-09,7.11,7.37,7.51,7.1,403354.0,3.802816901408468,5.774647887323946,7.106,6.9995,7.117500000000001
2025-10-10,7.37,7.38,7.45,7.27,255026.0,0.13568521031206426,2.442333785617376,7.194,7.025,7.116833333333333
2025-10-13,7.21,7.5,7.58,7.17,335891.0,1.6260162601626105,5.555555555555557,7.314,7.0504999999999995,7.119833333333333
2025-10-14,7.51,7.42,7.52,7.37,238116.0,-1.0666666666666713,1.9999999999999927,7.353999999999999,7.072,7.1178333333333335
2025-10-15,7.43,7.46,7.48,7.37,165659.0,0.5390835579514919,1.4824797843665811,7.426,7.098000000000001,7.1215
2025-10-16,7.46,7.39,7.48,7.37,142679.0,-0.9383378016085797,1.4745308310992,7.43,7.1215,7.123666666666666
2025-10-17,7.4,7.25,7.42,7.24,166108.0,-1.8944519621109546,2.435723951285517,7.404000000000001,7.1365,7.123333333333333
2025-10-20,7.3,7.34,7.35,7.2,133548.0,1.2413793103448256,2.068965517241372,7.372,7.156000000000001,7.125
2025-10-21,7.36,7.44,7.47,7.35,165784.0,1.3623978201634968,1.6348773841961868,7.3759999999999994,7.182,7.127
2025-10-22,7.44,7.44,7.5,7.38,150109.0,0.0,1.6129032258064528,7.372,7.2075000000000005,7.128
2025-10-23,7.44,7.49,7.5,7.4,167552.0,0.6720430107526765,1.3440860215053716,7.392,7.235000000000001,7.132000000000001
2025-10-24,7.47,7.44,7.57,7.42,160382.0,-0.6675567423230944,2.002670226969297,7.4300000000000015,7.264,7.134666666666667
2025-10-27,7.8,8.19,8.19,7.72,522736.0,10.080645161290303,6.3172043010752645,7.6,7.3245000000000005,7.1505
2025-10-28,8.04,8.14,8.53,8.04,929197.0,-0.6105006105005972,5.982905982905986,7.74,7.3759999999999994,7.165333333333334
2025-10-29,8.11,8.3,8.32,8.04,580446.0,1.9656019656019597,3.4398034398034536,7.912000000000001,7.4395,7.183000000000001
2025-10-30,8.17,8.06,8.25,7.97,478117.0,-2.8915662650602414,3.3734939759036173,8.026,7.4885,7.199333333333334
2025-10-31,7.98,7.91,8.1,7.89,312045.0,-1.8610421836228297,2.6054590570719594,8.120000000000001,7.537000000000001,7.2139999999999995
2025-11-03,7.93,7.99,8.01,7.88,217638.0,1.0113780025284402,1.6434892541087216,8.080000000000002,7.591500000000001,7.230166666666666
2025-11-04,7.99,8.2,8.27,7.94,423276.0,2.6282853566958586,4.130162703379214,8.092,7.6405,7.2491666666666665
2025-11-05,8.1,8.25,8.33,8.0,345685.0,0.6097560975609762,4.024390243902441,8.081999999999999,7.698,7.268666666666666
2025-11-06,8.25,8.25,8.35,8.21,285845.0,0.0,1.6969696969696821,8.12,7.742,7.288166666666666
2025-11-07,8.25,8.31,8.43,8.23,273155.0,0.727272727272732,2.4242424242424154,8.2,7.788500000000001,7.309166666666667
2025-11-10,8.33,8.2,8.4,8.18,239683.0,-1.3237063778580138,2.6474127557160125,8.241999999999999,7.823500000000001,7.3265
2025-11-11,8.25,8.38,8.56,8.17,320943.0,2.1951219512195363,4.756097560975617,8.278,7.8715,7.343500000000001
2025-11-12,8.41,8.26,8.44,8.18,192740.0,-1.4319809069212486,3.1026252983293525,8.280000000000001,7.911499999999999,7.3596666666666675
2025-11-13,8.25,8.31,8.34,8.13,185939.0,0.6053268765133346,2.542372881355921,8.292,7.9575000000000005,7.377833333333333
2025-11-14,8.3,8.36,8.5,8.25,180897.0,0.6016847172081619,3.0084235860409145,8.302,8.013,7.399166666666667
2025-11-17,8.36,8.27,8.36,8.22,162057.0,-1.0765550239234423,1.6746411483253443,8.316,8.0595,7.418000000000001
2025-11-18,8.27,8.07,8.27,8.01,217091.0,-2.4183796856106277,3.143893591293831,8.254000000000001,8.091,7.433666666666666
2025-11-19,8.02,7.92,8.13,7.87,155048.0,-1.8587360594795599,3.221809169764568,8.186000000000002,8.115,7.446666666666667
2025-11-20,7.93,7.87,7.99,7.86,147000.0,-0.631313131313127,1.64141414141414,8.098,8.134,7.458333333333334
2025-11-21,7.83,7.59,7.88,7.54,184000.0,-3.557814485387556,4.3202033036848775,7.944,8.141499999999999,7.465
2025-11-24,7.63,7.5,7.69,7.43,142355.0,-1.1857707509881354,3.4255599472990865,7.789999999999999,8.107,7.4703333333333335
2025-11-25,7.56,7.56,7.6,7.49,105568.0,0.8000000000000007,1.466666666666659,7.688,8.078,7.476166666666667
2025-11-26,7.58,7.5,7.62,7.49,89588.0,-0.7936507936507908,1.7195767195767182,7.603999999999999,8.038,7.4805
2025-11-27,7.53,7.51,7.64,7.5,92263.0,0.13333333333334085,1.8666666666666623,7.531999999999999,8.0105,7.487833333333333
2025-11-28,7.5,7.59,7.62,7.46,87561.0,1.0652463382157196,2.1304926764314267,7.531999999999999,7.9945,7.4975000000000005
2025-12-01,7.63,7.53,7.64,7.49,124405.0,-0.7905138339920903,1.9762845849802302,7.537999999999999,7.971500000000001,7.506
2025-12-02,7.53,7.45,7.56,7.41,100725.0,-1.0624169986719778,1.9920318725099533,7.516,7.934,7.5136666666666665
2025-12-03,7.43,7.41,7.49,7.39,72980.0,-0.5369127516778538,1.342281879194638,7.498,7.892,7.521
2025-12-04,7.4,7.35,7.49,7.33,83146.0,-0.809716599190291,2.1592442645074246,7.465999999999999,7.8469999999999995,7.5295
2025-12-05,7.36,7.4,7.42,7.29,72246.0,0.6802721088435382,1.7687074829931961,7.428,7.8015,7.538333333333333
2025-12-08,7.43,7.37,7.44,7.35,89032.0,-0.40540540540541237,1.2162162162162262,7.396000000000001,7.76,7.544666666666667
2025-12-09,7.35,7.34,7.43,7.32,62697.0,-0.4070556309362261,1.4925373134328281,7.374,7.708,7.5504999999999995
2025-12-10,7.32,7.27,7.34,7.2,104288.0,-0.95367847411445,1.9073569482288784,7.346000000000001,7.658499999999999,7.555999999999999
2025-12-11,7.29,7.22,7.31,7.2,78137.0,-0.687757909215958,1.5130674002750955,7.32,7.603999999999999,7.561000000000001
2025-12-12,7.25,7.23,7.33,7.2,125116.0,0.13850415512466352,1.800554016620497,7.286,7.547500000000001,7.565666666666667
2025-12-15,7.23,7.24,7.3,7.21,110307.0,0.13831258644536604,1.2448132780082968,7.26,7.496,7.5705
2025-12-16,7.22,7.1,7.24,7.08,125357.0,-1.9337016574585753,2.2099447513812174,7.212000000000001,7.447500000000001,7.5735
2025-12-17,7.08,7.11,7.13,7.0,103501.0,0.14084507042253502,1.8309859154929564,7.18,7.406999999999999,7.5765
2025-12-18,7.07,7.11,7.17,7.05,79848.0,0.0,1.6877637130801704,7.158000000000001,7.369,7.579333333333334
2025-12-19,7.11,7.21,7.23,7.09,70585.0,1.4064697609001309,1.9690576652602048,7.153999999999999,7.35,7.585166666666667
2025-12-22,7.21,7.22,7.31,7.17,74255.0,0.1386962552011095,1.9417475728155296,7.15,7.336000000000001,7.589166666666667
2025-12-23,7.23,7.18,7.29,7.15,77435.0,-0.5540166204986208,1.939058171745148,7.1659999999999995,7.317,7.590333333333333
2025-12-24,7.17,7.25,7.25,7.13,71596.0,0.9749303621169991,1.6713091922005585,7.194,7.3045,7.593999999999999
2025-12-25,7.24,7.25,7.27,7.2,50879.0,0.0,0.9655172413793021,7.2219999999999995,7.291499999999999,7.5968333333333335
2025-12-26,7.25,7.25,7.29,7.21,62642.0,0.0,1.1034482758620698,7.2299999999999995,7.274499999999999,7.602
2025-12-29,7.24,7.15,7.25,7.13,79802.0,-1.3793103448275779,1.655172413793105,7.215999999999999,7.2555,7.606166666666667
2025-12-30,7.12,7.03,7.19,7.02,95394.0,-1.6783216783216814,2.377622377622389,7.186,7.2345,7.603
2025-12-31,7.04,7.08,7.09,7.01,56396.0,0.7112375533428139,1.1379800853485074,7.151999999999999,7.218000000000001,7.602666666666667
2026-01-05,7.09,7.16,7.17,7.08,79143.0,1.1299435028248705,1.271186440677964,7.134,7.208500000000001,7.599166666666666
2026-01-06,7.16,7.24,7.27,7.13,110184.0,1.1173184357541999,1.955307262569828,7.132000000000001,7.2005,7.5968333333333335
2026-01-07,7.21,7.2,7.27,7.18,100361.0,-0.5524861878453025,1.2430939226519317,7.142,7.192,7.591833333333333
2026-01-08,7.23,7.27,7.31,7.16,136500.0,0.9722222222222188,2.083333333333326,7.19,7.1884999999999994,7.589333333333332
2026-01-09,7.27,7.34,7.34,7.24,126407.0,0.9628610729023324,1.3755158184319072,7.242,7.192,7.5873333333333335
2026-01-12,7.34,7.38,7.39,7.28,167299.0,0.5449591280654031,1.4986376021798289,7.286,7.2,7.587166666666667
2026-01-13,7.42,7.37,7.45,7.29,146816.0,-0.13550135501354532,2.168021680216804,7.312,7.206999999999999,7.589166666666667
2026-01-14,7.38,7.35,7.46,7.28,173455.0,-0.27137042062416183,2.4423337856173637,7.341999999999999,7.2125,7.589333333333333
2026-01-15,7.34,7.4,7.41,7.3,110564.0,0.6802721088435382,1.4965986394557869,7.368,7.227499999999999,7.588666666666667
2026-01-16,7.43,7.37,7.53,7.36,142627.0,-0.40540540540541237,2.2972972972972965,7.374,7.2405,7.5875
2026-01-19,7.34,7.65,7.72,7.31,241844.0,3.7991858887381325,5.563093622795117,7.428,7.2675,7.590166666666666
2026-01-20,7.67,7.75,7.77,7.59,193199.0,1.3071895424836555,2.3529411764705843,7.5040000000000004,7.294500000000001,7.595333333333333
2026-01-21,7.7,7.65,7.7,7.58,121349.0,-1.2903225806451535,1.5483870967741948,7.564,7.316000000000001,7.586333333333333
2026-01-22,7.67,7.66,7.69,7.61,89328.0,0.13071895424836555,1.0457516339869288,7.616000000000001,7.340000000000001,7.578333333333333
2026-01-23,7.66,7.76,7.77,7.62,118751.0,1.305483028720622,1.958224543080933,7.694,7.3655,7.569333333333333
2026-01-26,7.78,7.72,7.8,7.65,124824.0,-0.5154639175257714,1.9329896907216426,7.708,7.389,7.563666666666666
2026-01-27,7.7,7.66,7.71,7.46,142120.0,-0.7772020725388518,3.2383419689119175,7.69,7.4094999999999995,7.5595
2026-01-28,7.62,7.62,7.65,7.57,93502.0,-0.5221932114882533,1.044386422976502,7.684,7.433,7.553333333333333
2026-01-29,7.58,7.53,7.63,7.49,92252.0,-1.1811023622047223,1.8372703412073448,7.6579999999999995,7.458,7.542166666666668
2026-01-30,7.51,7.62,7.71,7.47,188178.0,1.195219123505975,3.1872509960159388,7.63,7.484999999999999,7.531666666666667
2026-02-02,7.62,7.56,7.8,7.56,186705.0,-0.7874015748031593,3.1496062992126013,7.598000000000001,7.505,7.520166666666667
2026-02-03,7.63,7.59,7.66,7.53,111811.0,0.3968253968253954,1.7195767195767182,7.5840000000000005,7.522500000000001,7.508166666666667
2026-02-04,7.59,7.77,7.77,7.55,174935.0,2.371541501976271,2.898550724637678,7.614,7.550999999999999,7.5009999999999994
2026-02-05,7.71,7.53,7.76,7.53,147476.0,-3.0888030888030826,2.9601029601029545,7.614,7.564,7.486833333333333
2026-02-06,7.5,7.62,7.67,7.49,104897.0,1.195219123505975,2.3904382470119483,7.614,7.578,7.476166666666667
2026-02-09,7.64,7.64,7.69,7.6,91996.0,0.2624671916010346,1.181102362204734,7.63,7.591000000000001,7.465
2026-02-10,7.65,7.56,7.68,7.54,82828.0,-1.0471204188481686,1.8324607329842892,7.6240000000000006,7.600500000000001,7.451666666666667
2026-02-11,7.57,7.53,7.59,7.52,60787.0,-0.3968253968253843,0.9259259259259297,7.575999999999999,7.6095000000000015,7.439333333333334
2026-02-12,7.61,7.66,7.7,7.55,125886.0,1.726427622841964,1.992031872509965,7.601999999999999,7.6225000000000005,7.4325
2026-02-13,7.6,7.5,7.64,7.48,120270.0,-2.088772845953002,2.088772845952993,7.578,7.6290000000000004,7.4254999999999995
2026-02-24,7.56,7.87,7.91,7.55,270050.0,4.933333333333345,4.800000000000004,7.624,7.640000000000001,7.4254999999999995
2026-02-25,7.89,7.81,7.93,7.76,175320.0,-0.7623888182973326,2.1601016518424387,7.6739999999999995,7.642999999999999,7.429166666666666
2026-02-26,7.81,7.9,7.93,7.78,159913.0,1.1523687580025754,1.920614596670928,7.748,7.655499999999999,7.435833333333333
2026-02-27,7.9,8.0,8.06,7.87,191500.0,1.2658227848101111,2.4050632911392453,7.816,7.672499999999999,7.4431666666666665
2026-03-02,7.87,7.96,8.1,7.85,204178.0,-0.5000000000000004,3.125,7.9079999999999995,7.6825,7.450833333333334
2026-03-03,7.96,7.82,8.06,7.8,199910.0,-1.7587939698492372,3.266331658291466,7.898000000000001,7.6875,7.456
2026-03-04,7.79,8.02,8.07,7.75,231889.0,2.5575447570332477,4.092071611253201,7.94,7.705500000000001,7.463166666666666
2026-03-05,8.08,8.14,8.27,8.01,337261.0,1.4962593516209655,3.2418952618453836,7.9879999999999995,7.7315,7.473333333333333
2026-03-06,8.07,8.48,8.7,8.02,541514.0,4.176904176904173,8.353808353808349,8.084,7.779000000000001,7.4905
2026-03-09,8.3,9.33,9.33,8.29,393402.0,10.023584905660377,12.264150943396237,8.358,7.8645,7.522499999999999
2026-03-10,9.94,9.35,9.97,9.23,1281608.0,0.2143622722400762,7.931404072883175,8.664,7.953999999999999,7.555833333333334
2026-03-11,9.4,10.06,10.29,9.1,1236213.0,7.593582887700534,12.727272727272723,9.072,8.077499999999999,7.6001666666666665
2026-03-12,10.01,9.8,10.35,9.57,1030780.0,-2.5844930417495027,7.753479125248503,9.404,8.179,7.640666666666666
2026-03-13,9.68,9.35,9.8,9.21,678154.0,-4.591836734693889,6.020408163265304,9.578,8.27,7.674166666666666
2026-03-16,9.35,9.12,9.45,9.07,500218.0,-2.4598930481283476,4.064171122994642,9.536,8.345,7.705
2026-03-17,9.21,9.59,9.72,8.93,825210.0,5.153508771929838,8.662280701754396,9.584,8.442499999999999,7.7445
2026-03-18,9.48,9.29,9.77,9.13,593240.0,-3.1282586027111647,6.673618352450457,9.43,8.529,7.778833333333333
2026-03-19,9.27,10.22,10.22,9.18,753036.0,10.01076426264802,11.194833153928966,9.514,8.663499999999999,7.828500000000001
2026-03-20,10.13,9.62,10.61,9.62,1111041.0,-5.870841487279854,9.686888454011742,9.568,8.7615,7.870500000000001
2026-03-23,9.43,10.59,10.59,9.37,874429.0,10.083160083160081,12.68191268191269,9.862,8.916,7.9285
2026-03-24,10.59,11.3,11.65,10.53,1620786.0,6.704438149197367,10.576015108593023,10.203999999999999,9.0875,7.998333333333333
2026-03-25,10.85,11.76,12.3,10.63,1479414.0,4.070796460176984,14.778761061946902,10.697999999999999,9.285,8.074166666666667
2026-03-26,11.27,10.82,11.54,10.59,1040255.0,-7.993197278911557,8.078231292517,10.818000000000001,9.431000000000001,8.134166666666667
2026-03-27,10.45,10.4,10.64,10.09,743261.0,-3.8817005545286554,5.08317929759705,10.974,9.551,8.187833333333334
2026-03-30,10.24,9.68,10.36,9.43,672718.0,-6.923076923076932,8.94230769230769,10.792,9.637,8.228333333333333
2026-03-31,9.53,9.1,9.66,9.07,602676.0,-5.991735537190079,6.095041322314048,10.352,9.701,8.259166666666667
2026-04-01,9.27,9.07,9.33,9.0,386183.0,-0.3296703296703174,3.6263736263736273,9.813999999999998,9.753499999999999,8.2895
2026-04-02,9.07,8.73,9.26,8.69,468198.0,-3.7486218302094754,6.284454244762958,9.396,9.783000000000001,8.315833333333334
2026-04-03,8.72,8.41,8.82,8.37,331336.0,-3.6655211912943853,5.154639175257744,8.998,9.7795,8.338833333333334
2026-04-07,8.36,8.44,8.53,8.32,223877.0,0.356718192627814,2.497027348394757,8.75,9.735000000000001,8.3615
2026-04-08,8.61,8.59,8.66,8.48,277507.0,1.7772511848341166,2.1327014218009444,8.648,9.697000000000001,8.385333333333334
2026-04-09,8.51,8.45,8.52,8.33,229031.0,-1.6298020954598424,2.211874272409773,8.524000000000001,9.6165,8.4055
2026-04-10,8.49,8.39,8.51,8.38,209922.0,-0.7100591715976212,1.5384615384615268,8.456,9.546,8.425333333333333
2026-04-13,8.4,8.71,8.73,8.36,398555.0,3.8140643623361115,4.410011918951144,8.516000000000002,9.514,8.449333333333334
2026-04-14,8.81,8.9,9.07,8.7,450248.0,2.1814006888633664,4.247990815155005,8.608,9.503,8.475333333333333
2026-04-15,8.83,8.72,8.87,8.67,308846.0,-2.0224719101123556,2.2471910112359472,8.634,9.4595,8.497666666666667
2026-04-16,8.75,8.86,8.89,8.58,288720.0,1.6055045871559592,3.555045871559639,8.716,9.438,8.5225
2026-04-17,8.83,9.03,9.05,8.77,305829.0,1.9187358916478603,3.160270880361187,8.844,9.378499999999999,8.5505
2026-04-20,9.02,9.0,9.1,8.8,310614.0,-0.33222591362125353,3.322259136212613,8.902,9.3475,8.577166666666667
2026-04-21,9.1,9.36,9.39,8.8,609244.0,4.0000000000000036,6.555555555555554,8.994,9.286,8.610333333333333
2026-04-22,9.38,9.4,9.62,9.27,615595.0,0.42735042735044804,3.739316239316236,9.129999999999999,9.190999999999999,8.6395
2026-04-23,9.41,9.55,9.8,9.0,679999.0,1.5957446808510634,8.510638297872347,9.268,9.080499999999999,8.6695
2026-04-24,9.46,9.08,9.46,9.07,419599.0,-4.921465968586391,4.083769633507859,9.278,8.993500000000001,8.693333333333333
2026-04-27,8.93,9.05,9.09,8.75,266775.0,-0.3303964757709221,3.744493392070483,9.288,8.926,8.7165
2026-04-28,8.92,8.99,9.1,8.85,275353.0,-0.6629834254143652,2.7624309392265194,9.214,8.891499999999999,8.736999999999998
2026-04-29,9.0,9.13,9.26,8.92,305333.0,1.5572858731924377,3.7819799777530574,9.16,8.893,8.760500000000002
2026-04-30,9.13,8.98,9.13,8.93,247114.0,-1.6429353778751432,2.190580503833527,9.046000000000001,8.8885,8.782499999999999
2026-05-06,9.02,9.41,9.43,9.02,432312.0,4.788418708240538,4.565701559020046,9.112,8.922500000000001,8.812333333333333
2026-05-07,9.4,9.37,9.46,9.3,307888.0,-0.4250797024442199,1.7003188097768347,9.176,8.9705,8.843
2026-05-08,9.37,9.27,9.56,9.23,293447.0,-1.0672358591248599,3.521878335112061,9.232000000000001,9.011999999999999,8.8705
2026-05-11,9.25,9.37,9.46,9.25,313544.0,1.0787486515641875,2.2653721682847987,9.28,9.050999999999998,8.900666666666668
2026-05-12,9.35,9.67,9.79,9.15,594753.0,3.201707577374613,6.830309498399134,9.418000000000001,9.112,8.935333333333334
2026-05-13,9.64,10.19,10.2,9.61,681394.0,5.377456049638041,6.101344364012408,9.574,9.202000000000002,8.975666666666667
2026-05-14,10.17,9.48,10.17,9.48,497584.0,-6.967615309126584,6.771344455348376,9.596,9.2405,9.008166666666666
2026-05-15,9.47,9.31,9.55,9.14,319531.0,-1.793248945147674,4.324894514767934,9.604,9.261,9.036333333333335
2026-05-18,9.62,10.24,10.24,9.57,267899.0,9.98925886143931,7.196562835660579,9.778,9.337,9.079666666666666
2026-05-19,11.12,10.48,11.15,10.0,919974.0,2.34375,11.230468750000004,9.940000000000001,9.418,9.128333333333334
2026-05-20,10.3,9.61,10.37,9.54,620289.0,-8.301526717557262,7.919847328244275,9.824000000000002,9.447,9.163000000000002
2026-05-21,9.77,10.3,10.57,9.53,931858.0,7.180020811654542,10.822060353798136,9.988,9.511999999999999,9.206999999999999
2026-05-22,10.19,10.37,10.61,9.97,869992.0,0.6796116504854233,6.213592233009697,10.2,9.5625,9.254833333333332
2026-05-25,10.38,10.18,10.69,10.17,588192.0,-1.8322082931533257,5.0144648023143645,10.187999999999999,9.6015,9.293333333333331
2026-05-26,10.07,9.96,10.57,9.71,508397.0,-2.161100196463639,8.447937131630642,10.084,9.622000000000002,9.329166666666667
2026-05-27,9.71,10.23,10.23,9.61,479544.0,2.710843373493965,6.224899598393583,10.208000000000002,9.6795,9.368
2026-05-28,10.19,10.26,10.45,9.87,500722.0,0.2932551319648091,5.669599217986315,10.2,9.739999999999998,9.405666666666667
2026-05-29,10.14,10.43,10.57,9.97,566814.0,1.6569200779727122,5.847953216374266,10.212,9.812000000000001,9.446833333333332
2026-06-01,10.44,10.71,10.71,9.89,631449.0,2.68456375838928,7.861936720997127,10.318000000000001,9.891000000000002,9.495000000000001
2026-06-02,10.61,10.57,10.77,10.27,480975.0,-1.3071895424836666,4.668534080298786,10.440000000000001,9.9705,9.5375
2026-06-03,10.41,11.06,11.56,10.32,755825.0,4.635761589403975,11.731315042573321,10.606,10.053,9.586166666666665
2026-06-04,10.82,10.83,11.15,10.73,519373.0,-2.0795660036166397,3.797468354430379,10.72,10.126,9.625333333333334
2026-06-05,10.83,9.9,11.04,9.9,553276.0,-8.587257617728527,10.526315789473673,10.614,10.1575,9.634833333333335
2026-06-08,9.25,8.91,9.62,8.91,480937.0,-9.999999999999998,7.171717171717162,10.254000000000001,10.1345,9.6275
2026-06-09,8.86,8.6,8.92,8.28,358571.0,-3.4792368125701523,7.182940516273856,9.86,10.081,9.603166666666668
2026-06-10,8.42,7.92,8.42,7.83,390048.0,-7.906976744186045,6.860465116279069,9.232,9.9675,9.571833333333332
2026-06-11,7.98,7.79,8.07,7.69,247049.0,-1.6414141414141437,4.797979797979797,8.623999999999999,9.883,9.545833333333333
2026-06-12,7.89,7.78,8.22,7.77,276461.0,-0.12836970474967568,5.776636713735572,8.2,9.8065,9.5235
2026-06-15,7.77,7.84,7.88,7.72,231159.0,0.7712082262210762,2.0565552699228813,7.986,9.686499999999999,9.494333333333335
2026-06-16,7.81,7.88,7.95,7.54,305031.0,0.5102040816326481,5.229591836734696,7.8420000000000005,9.5565,9.470833333333333
2026-06-17,7.84,7.65,7.87,7.63,262169.0,-2.9187817258883197,3.04568527918782,7.787999999999999,9.458499999999999,9.428
2026-06-18,7.6,7.35,7.6,7.3,285368.0,-3.9215686274509887,3.9215686274509776,7.7,9.311,9.390166666666667
2026-06-22,7.36,7.41,7.42,7.14,200112.0,0.8163265306122547,3.8095238095238133,7.6259999999999994,9.163,9.337166666666667
2026-06-23,7.42,7.34,7.48,7.28,143688.0,-0.9446693657220062,2.6990553306342804,7.526000000000001,9.020999999999999,9.271166666666666
2026-06-24,7.3,7.18,7.33,7.06,178792.0,-2.1798365122615793,3.6784741144414235,7.386,8.882,9.194833333333332
2026-06-25,7.13,7.06,7.18,7.0,148314.0,-1.671309192200554,2.506963788300832,7.268000000000001,8.7235,9.132166666666668
2026-06-26,7.13,7.0,7.23,6.99,221126.0,-0.8498583569405027,3.399433427762043,7.197999999999999,8.560500000000001,9.075500000000002
2026-06-29,7.0,6.97,7.08,6.82,154220.0,-0.4285714285714337,3.714285714285711,7.109999999999999,8.3875,9.030333333333333
2026-06-30,6.96,6.92,7.0,6.84,111540.0,-0.717360114777621,2.295552367288381,7.025999999999999,8.197999999999999,8.994
2026-07-01,6.97,7.09,7.14,6.91,146967.0,2.4566473988439252,3.3236994219653115,7.008,8.024,8.961
2026-07-02,7.1,6.95,7.28,6.91,196352.0,-1.9746121297602226,5.2186177715091695,6.986,7.8185,8.931333333333333
2026-07-03,6.99,7.1,7.16,6.92,144378.0,2.1582733812949506,3.453237410071945,7.006,7.632000000000001,8.909500000000001
2026-07-06,7.17,7.0,7.19,6.97,148152.0,-1.4084507042253502,3.098591549295784,7.0120000000000005,7.487,8.8855
2026-07-07,7.02,6.72,7.03,6.7,151069.0,-4.0000000000000036,4.714285714285715,6.9719999999999995,7.3775,8.854333333333333
2026-07-08,6.69,6.58,6.75,6.57,108829.0,-2.083333333333326,2.6785714285714244,6.87,7.2765,8.823166666666667
2026-07-09,6.61,6.51,6.63,6.41,120928.0,-1.0638297872340496,3.3434650455927013,6.781999999999999,7.206,8.791833333333333
2026-07-10,6.53,6.68,6.82,6.46,154164.0,2.611367127496167,5.529953917050697,6.697999999999999,7.150500000000001,8.758000000000001
2026-07-13,6.68,6.49,6.68,6.48,106054.0,-2.844311377245501,2.9940119760478936,6.595999999999999,7.086,8.717833333333335
2026-07-14,6.47,6.55,6.56,6.37,92883.0,0.9244992295839749,2.9275808936825807,6.562,7.0215000000000005,8.681666666666667
2026-07-15,6.7,6.84,6.89,6.66,228857.0,4.427480916030535,3.5114503816793827,6.614,6.969500000000001,8.648
2026-07-16,6.76,7.52,7.52,6.7,496848.0,9.941520467836252,11.988304093567242,6.816,6.962999999999999,8.622833333333334
2026-07-17,7.42,8.27,8.27,7.33,573968.0,9.97340425531914,12.499999999999995,7.134,7.009,8.610666666666667
2026-07-20,8.84,9.1,9.1,8.4,821361.0,10.036275695284157,8.464328899637234,7.656000000000001,7.093500000000001,8.606333333333334
2026-07-21,10.01,10.01,10.01,9.55,1589711.0,10.000000000000009,5.054945054945045,8.347999999999999,7.227000000000001,8.6165
2026-07-22,10.9,11.01,11.01,10.35,612309.0,9.990009990009984,6.593406593406595,9.181999999999999,7.4185,8.640833333333335
2026-07-23,12.08,12.11,12.11,11.64,1054997.0,9.990917347865569,4.268846503178918,10.1,7.670999999999999,8.691333333333334
2026-07-24,12.99,13.03,13.32,12.5,2060997.0,7.597027250206434,6.771263418662265,11.052000000000001,7.972499999999999,8.757666666666665
2026-07-27,13.02,14.33,14.33,13.0,840525.0,9.976976208749043,10.207214121258636,12.098,8.3405,8.846666666666668
2026-07-28,15.69,12.9,15.73,12.9,1927007.0,-9.979064898813672,19.74877878576413,12.676,8.639500000000002,8.909500000000001
2026-07-29,11.61,11.61,12.76,11.61,1809961.0,-10.000000000000009,8.914728682170544,12.796,8.8655,8.953333333333335
2026-07-30,11.85,12.35,12.46,11.21,1868895.0,6.373815676141259,10.766580534022395,12.844,9.135499999999999,9.002333333333333
2026-07-31,11.12,12.34,12.97,11.12,1651695.0,-0.08097165991902688,14.979757085020253,12.706,9.397499999999999,9.051833333333331
2026-08-03,12.25,12.73,12.96,11.88,1416288.0,3.1604538087520284,8.752025931928689,12.386,9.684000000000001,9.109499999999999
2026-08-04,12.5,13.4,13.48,12.3,1504259.0,5.263157894736836,9.269442262372346,12.486,10.017999999999999,9.176666666666666
2026-08-05,13.15,13.53,13.89,13.01,1516441.0,0.9701492537313339,6.567164179104483,12.87,10.365499999999999,9.241000000000001
2026-08-06,13.53,12.19,13.53,12.19,1479227.0,-9.903917220990389,9.90391722099039,12.838,10.6495,9.274333333333333
2026-08-07,12.2,13.16,13.16,11.85,1490819.0,7.957342083675156,10.746513535684993,13.002,10.973499999999998,9.335666666666668
2026-08-10,13.42,14.48,14.48,13.42,1763391.0,10.030395136778125,8.054711246200611,13.351999999999999,11.373000000000001,9.421833333333332
2026-08-11,14.0,15.93,15.93,13.1,2436951.0,10.013812154696122,19.544198895027623,13.857999999999999,11.842,9.516666666666667
2026-08-12,15.45,15.46,16.88,14.65,2113350.0,-2.9504080351537953,13.998744507219074,14.244,12.273,9.599666666666666
2026-08-13,14.9,15.27,15.75,14.69,1712832.0,-1.2289780077619716,6.856403622250973,14.86,12.6605,9.693999999999999
2026-08-14,14.79,13.75,14.79,13.74,1500383.0,-9.954158480681075,6.876227897838893,14.978,12.9345,9.7515
2026-08-17,13.51,14.4,14.5,13.33,1441563.0,4.7272727272727355,8.50909090909091,14.962,13.1995,9.818666666666667
2026-08-18,14.09,13.35,14.6,13.11,1428300.0,-7.291666666666674,10.347222222222223,14.446000000000002,13.366500000000002,9.871500000000001
2026-08-19,13.28,12.02,13.33,12.02,998365.0,-9.962546816479401,9.812734082397007,13.758,13.417000000000002,9.905833333333334
2026-08-20,11.83,12.31,12.73,11.59,1184017.0,2.412645590682194,9.48419301164726,13.166,13.427000000000001,9.940499999999998
2026-08-21,12.7,12.21,12.7,11.74,1022679.0,-0.8123476848091005,7.798537774167336,12.858,13.386000000000001,9.973
2026-08-24,12.45,12.57,13.25,12.21,1212160.0,2.9484029484029506,8.51760851760851,12.492,13.297999999999998,10.008666666666668
2026-08-25,12.31,12.29,12.75,11.85,1104809.0,-2.2275258552108324,7.159904534606208,12.28,13.267499999999998,10.035
2026-08-26,11.95,13.52,13.52,11.74,1263699.0,10.008136696501225,14.483319772172493,12.58,13.363,10.084166666666667
2026-08-27,13.39,13.76,14.24,13.03,1795209.0,1.775147928994092,8.949704142011841,12.87,13.4335,10.129166666666666
2026-08-28,13.51,13.3,13.8,13.18,1197481.0,-3.3430232558139483,4.50581395348838,13.088,13.4815,10.170333333333332
2026-08-31,13.03,13.2,13.94,12.4,1324401.0,-0.7518796992481258,11.578947368421046,13.213999999999999,13.505,10.225333333333333
2026-09-01,13.15,13.8,13.96,12.82,1529219.0,4.545454545454564,8.63636363636364,13.516,13.525,10.306833333333334
2026-09-02,13.81,12.52,14.02,12.5,1391285.0,-9.275362318840585,11.014492753623186,13.315999999999999,13.4745,10.372166666666667
2026-09-03,12.38,11.61,12.7,11.35,1136474.0,-7.268370607028752,10.782747603833863,12.886,13.445500000000001,10.433666666666666
2026-09-04,11.51,12.29,12.77,11.4,1670679.0,5.8570198105081905,11.80017226528854,12.684000000000001,13.401999999999997,10.508666666666667
2026-09-07,12.08,12.2,12.49,11.58,1096715.0,-0.7323026851098424,7.404393816110661,12.483999999999998,13.288,10.582333333333333
