,001309,300475,301308,688525,688008,MU,000300.SH,512760.SH
2025-04-01,100.68878615195341,45.40500619603686,46.094227927788246,46.900717783021754,46.194921722885425,101.6876512480003,3817.747624032984,1.0540006992581736
2025-04-02,102.72627804436299,45.019365764456154,46.63462457203613,46.97946417816017,46.080466496914546,100.74718098980253,3813.7604496922263,1.0568182523079301
2025-04-03,103.9573408046536,45.416051838927565,46.67668561446454,47.19206789605174,46.02731060977047,100.28512576389068,3836.7543621551113,1.0841287931798047
2025-04-04,106.1323821678859,46.28031216761466,47.89391939252292,47.92338951281221,47.180601714512036,101.67919154901439,3890.1131360349364,1.11521224529751
2025-04-07,105.74589312766382,45.38012664569799,48.019989335048635,46.45212440547496,46.7733698479617,101.61811767103804,3882.69321059242,1.1106411499535558
2025-04-08,103.92184785093286,44.664853484773424,45.75898608398085,45.832456598319176,45.594984843363534,97.39256184358038,3875.28801147668,1.107967173773758
2025-04-09,101.51490068759024,44.150692988443915,45.02956167495126,44.78498224630813,44.373073407774235,94.74982624888658,3931.1422095025305,1.1157300766017406
2025-04-10,102.7861258160624,45.27766947013224,45.46488146332933,45.13907480446974,44.67718146900143,96.61843183894071,3959.080493455731,1.1261251425999623
2025-04-11,99.85173643030102,44.90585613835492,43.82568802129908,43.60051198700197,43.62666526886457,95.10715394658527,3943.1441276026326,1.1166693468240645
2025-04-14,104.13977229224614,46.329090693076665,45.66629334673884,46.30980228627324,45.085955382263435,101.67931500165994,3963.1872884757936,1.1287076847290174
2025-04-15,101.7187548874543,43.99236529157862,44.824291659076046,43.688890774515585,43.47667193782956,98.8244517529384,3947.4504259488067,1.1120154995560012
2025-04-16,106.65707690888814,46.42934741409808,46.36901427249569,46.66269263212644,45.182261720048345,101.16536183064133,3931.693910007025,1.1135090698739494
2025-04-17,107.33797513605441,46.724887035603736,47.232732678003785,46.61785924429413,46.17478062621905,101.9597874625753,3941.0421430951355,1.1377655571818903
2025-04-18,108.80092831957555,46.77885106253834,48.16236479874878,47.254726421793976,46.095533365915806,100.139214703723,3873.967488842025,1.1114484702287983
2025-04-21,104.53312353045044,47.236545322423765,48.578516574904285,46.78400611443671,46.015487346225896,99.5808644232415,3814.60180190308,1.0949979236713858
2025-04-22,107.51932616310742,48.167184827360494,49.98166307971502,47.922035793443676,46.76015192304376,99.81864135822735,3796.0605950633885,1.0974758643429428
2025-04-23,105.87783999727414,48.65275286120286,50.58363474594634,47.84706767080274,47.168230006268224,101.36655484916608,3762.2168924342022,1.0798012682189722
2025-04-24,108.54808422801815,51.140339531174675,51.89444743593731,49.255933748755716,48.299705208690995,103.23828327503746,3773.60973542052,1.0872797597006298
2025-04-25,108.04471874371487,51.18885834605821,51.44485675391713,49.75061062594737,48.95990895108085,103.84273379007422,3743.5257009451566,1.0765018023919848
2025-04-28,107.39862853521159,52.15822819393526,51.73010854675814,49.56410380809619,49.5435218192463,103.87167866545077,3696.6914492539477,1.0605783598388412
2025-04-29,108.76195370589473,52.12363196641717,51.229491157260554,50.01465469879029,48.94708899559778,105.89937810532504,3746.1932489889355,1.0695211281350203
2025-04-30,108.71754918964017,52.52206893954754,52.56065905200024,49.936318422410714,49.5336122611368,105.93327285115821,3739.330272764754,1.0676094012313169
2025-05-01,110.56812667108518,54.02500302574701,53.03799255172853,50.46689884593621,50.43335796864714,109.4005871314366,3742.3507311598023,1.0754307712166011
2025-05-02,107.24261521084118,52.83850102880545,51.7517690960038,48.17067109385205,48.9209950392634,107.67061268149337,3695.112034558483,1.0768333152437457
2025-05-05,105.50663567910486,52.068730784113264,51.05557925867787,45.31382065546208,48.09894528017838,106.24047379874904,3677.7470605542057,1.0829733886947828
2025-05-06,107.92594595232812,53.73968042783194,52.031495329840375,46.26310230590355,49.22993514889696,108.68438200493662,3682.1541170206074,1.1129674021127975
2025-05-07,107.34231130793349,54.01468765449004,53.3492495744564,48.32278596686735,49.52706022451414,110.09740346514533,3644.7473261860832,1.0883543554939266
2025-05-08,108.8978679693595,53.63555956653763,53.12314512252038,48.986974684916774,50.10757072981329,107.75851943752204,3657.80019478169,1.1051406046283678
2025-05-09,108.9917415901295,53.34949755778816,53.525706225560064,49.332093710739514,51.44439122799984,107.99399443882606,3638.758607967841,1.1004245623100666
2025-05-12,108.4489881152121,52.866573679089946,53.74686185655383,49.87672578540627,51.63788509896538,110.32648829439367,3629.9337314028785,1.126201807763682
2025-05-13,107.35665355285329,53.81251341380023,52.80006254729251,49.63083002057174,50.79952151233995,109.76355395811646,3611.002321995902,1.107980372922976
2025-05-14,108.22245471646686,52.654886024058655,52.01718672887245,49.4843104445618,50.545134749522084,106.94572999084045,3671.921749887499,1.1214478662150635
2025-05-15,110.46432737374636,53.033221522260355,52.456984064335245,49.22576179216687,51.29449211255883,107.81160124802145,3672.210087459771,1.1138325295046243
2025-05-16,108.43955447996032,52.167548820694144,51.5860023466954,49.249740459622004,50.62145973884824,108.67825086344953,3637.9872987909084,1.0722843857350437
2025-05-19,109.60877311621502,53.06182593544347,51.881298153264126,50.535209187274845,51.8827195511467,111.66812541308693,3665.646567736915,1.0764391823554391
2025-05-20,105.96824088414334,52.08404129211025,49.83667282032561,49.45610403456542,50.06474482094596,108.74347545730964,3626.1030650331254,1.0518603484973361
2025-05-21,111.57748365488483,53.924365437142235,50.98260460396157,51.246151012991895,51.482445002928436,112.56495963719829,3633.644533944317,1.0569181448261633
2025-05-22,113.91032030567403,54.38821199429981,50.91936328016354,52.158746393739534,51.865737524284086,113.61278974944233,3570.284561145378,1.037611348421999
2025-05-23,115.839633546859,54.875217150286616,51.810915241768996,53.31044939834596,53.15195033582607,112.40418554662486,3528.3205987552105,1.045428995898614
2025-05-26,120.40370492760324,56.415611339502235,53.04468003007372,55.298712987626544,55.238007025566695,113.72997558843154,3535.2775688574825,1.060345555798821
2025-05-27,125.73041699754623,58.420687003785595,54.14286536715447,57.47840051708014,56.6565421931156,119.8637977017838,3559.480783391732,1.0627601907287876
2025-05-28,128.82253853871853,60.94802537269843,55.25098413283973,58.72527380605683,57.61353305118149,122.28153970267357,3565.6825184824174,1.0540285878961542
2025-05-29,124.36340342953271,59.44283324926459,53.29745849941135,56.78183826516949,56.60309919787142,118.50837845897242,3562.6843694568756,1.0594146161711946
2025-05-30,121.71069081855575,58.78491431161878,52.522479326624406,56.77024343476978,55.49949748996645,115.9686913197285,3553.742269462012,1.0394915703047254
2025-06-02,120.83828599508163,58.83827524124958,52.914179900513254,55.37903655783416,55.18768979729012,117.91730218541541,3507.1644430744236,1.0449372565633754
2025-06-03,122.73296586169293,59.96896966529124,52.22724347739642,54.65588020282793,55.50551559871344,120.8865949744822,3485.144367852924,1.0515110657377842
2025-06-04,124.92917287939298,61.04154995220106,53.050769084851055,55.79567282113295,55.30371505221019,125.86025937153038,3471.3928631624676,1.04051270010487
2025-06-05,124.92305895190756,59.66096370763489,52.55396366736104,55.30931265559593,54.91662706085533,124.63036158097533,3505.1143206993806,1.0325743328955856
2025-06-06,126.09152717016572,60.48658310992855,53.36199150224304,56.057594310100285,55.02503806480001,126.1395474732789,3516.6551360521066,1.0540795545705886
2025-06-09,125.01730058057716,59.513058026076514,53.03301874673901,55.683086348086746,54.37563675926898,122.78466395917849,3461.5584291225146,1.031477930207013
2025-06-10,121.21423903238386,58.80250897220592,52.331550277445295,55.12714740892136,54.81078563785261,124.24775283515672,3472.347261172357,1.0512880602423254
2025-06-11,119.7422192606624,57.90989351997552,51.11691201672551,54.912604318720824,53.19833617685874,120.00677268416436,3461.007476009025,1.0270258093064666
2025-06-12,118.68489109908242,57.992013541309305,50.131456826538916,52.920078300811674,53.04860935967088,118.94868597036042,3440.614188570622,1.0120800288704936
2025-06-13,117.49694371199477,56.81339183400286,49.71685706976466,51.06195581589782,52.00283759550863,115.1068868738,3460.243190472119,1.0199535428778197
2025-06-16,111.7574056718078,56.254781811873116,49.1176395754872,50.21929492019784,51.29977222201561,112.87011598062871,3493.0428208040826,1.033403121041912
2025-06-17,117.74614688465222,58.79020617259585,51.24332621804232,50.60107691870248,52.81816528328913,114.46366178347529,3523.0184413763704,1.0396605750803072
2025-06-18,115.95493925304284,58.19848313796212,50.60812480280208,49.744732798502184,52.42178502296934,112.2678271662553,3497.1138357688897,1.0378051491666995
2025-06-19,124.64903386941448,63.189001002178436,52.91579504473446,54.191373611942744,55.235252844000705,117.44487891845029,3488.081100636021,1.0213359806112268
2025-06-20,125.18263205104454,64.55643026719768,52.86513231374232,55.182645664946925,56.44785484751889,118.32577384248002,3499.1779802858437,1.0241213970291039
2025-06-23,127.39020842133336,63.91318444812196,52.36797028978967,55.971129820921625,56.7395785237629,120.51800221889228,3530.600270130316,1.0378624696462093
2025-06-24,124.29889391060176,63.74373660674374,51.00683250719284,54.288897545530105,55.91271071772325,117.68476938446327,3516.0804359421577,1.0390320653275815
2025-06-25,125.99200394069587,65.25119852134333,52.05639215994311,55.05045745404576,56.29787986614676,120.091667108803,3510.9085249689037,1.046229615531503
2025-06-26,128.1691434877573,65.82295188328166,52.05773361985399,54.428134029871146,55.63206066614996,121.22701720695028,3476.652538648516,1.019153376906262
2025-06-27,129.02454656851472,66.84874902492616,51.62483554409012,54.71100844375414,57.504358322626715,121.37707446847925,3439.9187159890216,0.9866984503065594
2025-06-30,137.12354248227757,70.47185981793892,54.73946020897988,59.22165289765459,60.87086536284962,126.55580880938713,3465.7619047853227,1.0117592825671975
2025-07-01,139.15620083878738,69.79952665851185,54.670505528860325,59.96466712668711,60.34465757145636,126.64498336104548,3508.7587023891715,1.032415133929665
2025-07-02,144.2330257304507,71.60814226095206,56.171476057196536,60.99595377016551,61.078502210056584,131.71630725024966,3507.1864588628537,1.0228504717000695
2025-07-03,143.28661504913381,70.37163682861926,56.66382076538636,60.66228134196764,60.946229600372654,131.04088129511595,3539.564089069219,1.054472056268634
2025-07-04,144.7258966757194,70.28240323478809,57.43663596995979,61.45622099629841,61.522054031782574,130.8044357986489,3551.792306875184,1.060987889124463
2025-07-07,155.20807502869206,73.57196935013441,59.41757413661379,65.30983953118402,63.93729698046063,136.41345181807083,3531.8806829037817,1.068588451015966
2025-07-08,154.0505745249406,74.45064614289235,58.53241096883022,66.28431529097342,63.45523798343975,133.77891071314815,3544.0747144621955,1.074570997274557
2025-07-09,161.2716348608774,77.8369692867766,59.49268902238608,68.5027700505311,65.60486747841183,139.93279253481376,3593.8417779512606,1.121082731465037
2025-07-10,166.73400889524595,78.33874134419034,60.13806581081247,69.28866214696595,66.89917427403087,143.12925248090053,3593.401768262024,1.144855207210977
2025-07-11,168.0436226523325,78.31700447588574,59.7209659659048,67.66996865823606,66.67120431634646,141.89574975200085,3644.7219881311944,1.1630340894158968
2025-07-14,173.74449014699056,80.76792708503645,60.127757955184535,68.87807357786649,66.37525246314253,142.82095398856717,3559.5167492712458,1.141596851659773
2025-07-15,179.7366606819488,82.22636968347493,61.42010853469152,71.31026114670362,67.64162270186036,144.54420434428715,3586.558834196424,1.1620551470658853
2025-07-16,180.76869964636785,83.57908436025022,62.4802870564616,73.78568329241553,68.16227423764343,147.84131363545393,3590.085940847488,1.1829744979747425
2025-07-17,179.50810175665913,81.51820701966841,60.904996272609196,71.6094947953715,66.85139066378595,146.61182403415597,3581.1427992695994,1.1658007041146379
2025-07-18,175.44654688527302,80.13133316825851,60.034755539532426,70.61136930505953,68.18638403029257,144.3340389659046,3584.816503826763,1.1773027487118164
2025-07-21,176.29460886559065,80.78075526448403,60.186716189930536,70.85536283800556,68.48117269035909,145.23544906151693,3521.4078384995396,1.1655374178901166
2025-07-22,175.5516307131953,81.02456115621914,60.69105708412026,70.39715872356706,68.55308348538874,142.15876301662493,3515.1501312976784,1.138595979769453
2025-07-23,178.82820602985916,82.8490692090233,61.02899138278397,73.92537028921,70.17349350004957,143.4888977804589,3527.1509000476763,1.1278238540690395
2025-07-24,181.34554742832444,82.80787297019673,62.40873126894901,73.06717200662823,71.04197872530052,144.64052687804184,3574.771128018452,1.1203583077406811
2025-07-25,178.12014550528838,80.7334317208946,61.17790129191765,71.56499278785694,70.10761107035907,140.3371241441799,3558.811805528888,1.1105701365384708
2025-07-28,181.5840842975369,82.44175541746088,61.93235069128827,74.69846161134501,71.2878670857446,140.45016356744924,3533.6280786819557,1.1102493282706496
2025-07-29,188.59083955668504,83.56339671712769,63.37987617928198,76.24721298417955,73.68909601162743,141.5986510631505,3518.377599296711,1.1243691763684696
2025-07-30,193.04120826770483,86.54765586761029,64.50223170522895,77.53081488286438,73.99553554193992,144.2582335043479,3548.067847564016,1.138040765878023
2025-07-31,198.09242405782484,88.49318019285056,66.71371777142164,79.56315575000686,76.00788635751388,147.49049860815063,3559.27534231184,1.1652965856266064
2025-08-01,205.1210228242988,90.66418462115854,68.26026453155089,81.40406934505248,76.80766302891521,146.5099558124182,3543.0171355048474,1.139427686756832
2025-08-04,211.33955944781428,92.93192350869936,68.76818012771199,84.37136411534878,78.16532181881666,144.75430351091399,3560.0923767275035,1.1236177170617758
2025-08-05,209.26742288886308,91.89385027790752,69.29439784865184,82.20767775626102,77.82718544932699,144.27004753895605,3563.914840593317,1.1247741836760672
2025-08-06,204.8076455763697,87.67062623565293,66.79740478956336,81.46751688611887,75.79884114464521,141.49933294139666,3595.6971378746744,1.1433351305190653
2025-08-07,209.68945198510113,87.44227369522879,67.74049897864461,81.19305361980008,76.52142326457901,138.66412068838656,3573.696944599632,1.1341354465442837
2025-08-08,211.1972616058129,89.51800768463637,68.33025307784102,81.82959419786162,77.84594767848314,139.07201731980493,3563.872997079135,1.1022855748794667
2025-08-11,217.23996106225744,89.96786680049743,68.88422355605223,82.40249152959011,79.23527526812707,139.596797899177,3552.0089587486104,1.096667108609962
2025-08-12,212.41454294559904,90.78149974310477,67.57770685637614,81.2828808693721,77.08183417885371,139.44025111481372,3505.93359667711,1.0613360487791876
2025-08-13,209.2718124505649,88.83084805217219,65.34916247557722,78.04802435434138,76.13811928521524,136.80771964494255,3515.978385648608,1.0741364809303482
2025-08-14,214.80482273251806,91.35067229862567,66.57573372982743,80.94098025114201,77.36324279290866,140.7412999083514,3524.942363575734,1.082744101158637
2025-08-15,216.04130165859607,93.35964568513315,66.9429958517265,83.72133074738339,76.83104524547657,141.6115164421883,3525.8095738079387,1.0712034241326445
2025-08-18,217.6737558808004,97.20198190485408,68.22599695803314,83.98499681468323,77.93676753493865,140.4644935764552,3519.070749675984,1.0622577267091757
2025-08-19,215.4347800203004,100.02363371132734,67.9212300215113,84.8410600704644,78.15428189152301,142.56137806932156,3474.947455821248,1.0317598825310528
2025-08-20,221.07032543757273,101.99132596582379,69.1772761993337,84.69697981339687,80.2981651885552,143.74754127961765,3462.4869617650925,1.0264837725937912
2025-08-21,224.5942801026421,105.59786388542236,70.11306212006022,87.57445861850401,82.26372946996734,147.79954472379237,3452.4996582517115,1.0347079072053784
2025-08-22,220.92583630406452,105.83597906849268,70.51311090897703,87.18537077217192,80.96286880508606,154.15877493624265,3428.261400203065,1.0133356463990868
2025-08-25,217.07683433923842,107.55436663176314,71.31005838106982,87.19251131982405,81.09265445212716,151.37171049687316,3423.970686265726,1.0181201262181137
2025-08-26,214.6943461760096,106.55654056666863,70.63380881770317,87.48277675880432,81.6331294844841,154.03212955391677,3437.1066050084205,1.0170249380679113
2025-08-27,210.70070966124774,105.3127205440655,71.70971548395423,89.44105320830349,82.99859028643331,153.09710795951665,3496.1412245033425,1.0303621024782508
2025-08-28,214.83288081499424,105.28470994696978,70.83475178988381,89.19696626095325,81.81376965303005,153.56908316910796,3502.3335909431685,1.03172032177372
2025-08-29,219.81326862482024,106.15431718930222,72.14448278221406,91.15703579351081,81.14665099296847,154.8978029498931,3511.1523041244577,1.0225900423221865
2025-09-01,217.19495733694632,105.24976492957792,72.6270101886552,89.15361696220175,82.28589595528004,153.5798842396367,3509.5020160472072,1.0154781240166453
2025-09-02,230.1832393081649,109.24373105475856,74.1665145677587,91.09399225970496,84.69905358486201,156.79978098300307,3449.5985334145885,0.9786526649527795
2025-09-03,230.04384781877127,109.11957718225514,74.39804177536627,90.49140764984949,83.21888213936029,155.71020649198405,3449.4652930884886,1.0019705221559538
2025-09-04,229.71666079506286,109.46095545392038,74.35606976738546,92.6155135842393,83.78712393847194,153.16126560922942,3452.02504431619,1.0036617041937261
2025-09-05,222.17570124918998,110.93627844904113,74.37627805509135,92.7993218585407,81.61894005703513,154.12492427581483,3529.244010487675,1.0247217651828058
2025-09-08,236.456676857344,113.31669236692154,76.90126495381864,96.05418290255324,83.98633941867578,158.1708991317919,3523.839860244524,1.0256205851650244
2025-09-09,235.00312581107207,114.16685811385973,77.47763213397567,97.1408018161597,84.93484286920891,157.40806522916054,3534.1080691185666,1.0284309571639445
2025-09-10,236.95928016602758,116.22596277515493,79.95546632514758,98.36582444349817,87.52058785759114,160.30013107503837,3533.7108144237122,1.0258621804739803
2025-09-11,233.99114655154864,111.14684984010407,78.87565180057987,96.58915136645439,85.02302949481388,159.26550656223725,3497.2496246055566,1.0199701075566687
2025-09-12,243.6514907996638,112.26920991176873,78.29367451240098,99.02911830228749,85.89685485712076,159.8361363562732,3533.9197044619577,1.0434509612385612
2025-09-15,253.81017923353792,114.71764172442042,80.9835912426875,101.06787316919089,86.88038127473298,163.9143230469046,3558.5419270486786,1.0465725519631117
2025-09-16,257.5906496740025,117.4768860773933,80.18640431339986,101.287271276942,87.64111802377074,163.57168252861328,3584.587918576777,1.049613111990234
2025-09-17,266.8412811416957,121.41421740753762,82.97722065297064,104.79136556924429,88.92263355780005,169.04703342208037,3555.9668226066296,1.035568812461028
2025-09-18,268.3830711859805,119.52584024850943,83.57929168835135,103.65405791723944,88.29055663025007,169.74264518900603,3601.5726262288226,1.0245396312455037
2025-09-19,280.4880707520918,125.9416638340467,85.2307006136511,107.56020519952185,90.00267776416146,178.69683450816498,3556.853125029846,0.9896807458734931
2025-09-22,296.77072797570054,134.0094722177498,88.85914398993735,117.02779566942262,94.40309275497968,186.64409010768912,3576.350776047117,1.0132635704712865
2025-09-23,296.7798695463471,134.6966356451407,87.76723031964087,116.47516380377095,95.04873663399384,187.8932548743648,3647.570585297687,1.0598006823689532
2025-09-24,295.6798043635918,133.97215305363824,87.3399570014084,115.52698971236818,94.63409823682638,187.5846900117163,3615.7826389458064,1.0449447064177726
2025-09-25,303.9214350809648,137.13217642687832,89.81871544144197,119.05467166869441,97.4187052362037,196.38454705666902,3598.0773099810467,1.0458360443780716
2025-09-26,314.92427669988155,141.58998451229905,93.5487882475489,125.34778980647121,99.18447944149968,201.29539991404909,3602.023905283717,1.0515472743051193
2025-09-29,307.0840660352284,142.66330233332786,94.3899421842186,124.42002951453154,98.56712744202095,202.24724197355886,3586.4225279880798,1.0847928925575785
2025-09-30,304.55860708133673,144.66726612614139,95.11990448012412,122.35522613161498,97.98411037080814,200.49583541201122,3537.087804131151,1.0802933200321279
2025-10-01,299.6854957477371,146.54662106670852,94.23017161081036,124.08142623418038,99.98373989391419,199.5730771715316,3539.9778410499903,1.0801066191033588
2025-10-02,287.78902071452774,142.1378936719362,91.878909467306,123.03595405166223,96.91212575645211,195.21059343448314,3506.8410521547003,1.0549018572629794
2025-10-03,283.37060708533255,138.05576376336165,88.9360172510097,119.69853013438754,96.86268487563208,192.81558389064452,3522.4897407648023,1.0410021281766049
2025-10-06,282.63301360914517,135.77494500991844,86.73100572278881,114.09966411640454,96.26924656165558,189.300694176399,3494.0462768204634,1.0329284280646618
2025-10-07,281.69355571798053,131.30592823561918,86.48539740534171,113.96043359539962,95.43430991484014,187.4069682755529,3543.4849689103344,1.0428631580580372
2025-10-08,276.68099076124554,131.88216292979558,87.9445358103701,113.0014306176367,97.03047582439451,191.07135335257576,3519.21464948993,1.0160917052612801
2025-10-09,275.2486054542935,132.46950790171383,87.34760140949238,115.0680674369655,97.8730392179927,194.37330735840496,3509.7178599670165,1.0049482332700728
2025-10-10,287.8081345290148,135.99562869895814,89.38492885837034,116.13300026664155,100.86361755104168,202.06638205180573,3536.1167467037467,1.0020334566924214
2025-10-13,278.89319594593076,131.1678331738903,87.87482140764405,115.20200808735082,99.30215519536887,197.58114547634713,3497.651650752728,1.0084510672615534
2025-10-14,284.402779159896,134.62461555102342,89.79571357582275,116.02464799610252,102.15445464399419,199.21848328555205,3505.511361624613,1.0223686584068368
2025-10-15,285.50821279239847,133.47727838255204,88.84317551680482,116.87927959791213,102.95201606609672,200.9819269505943,3547.4522978845594,1.0384790399855532
2025-10-16,282.4022056729025,131.8323541199091,89.25987343533843,117.00047049365293,102.43959847391473,203.1650357993101,3496.8395574958404,1.0379720294102122
2025-10-17,287.26396167671174,129.60097231717512,90.04075070858428,117.44253181546972,102.5145122315772,209.47509780352954,3503.3496402288597,1.0417592113541063
2025-10-20,276.40381305343186,126.92007986253914,88.32875917548702,114.0355528740882,100.5788599584422,203.98333862153692,3512.2444528004926,1.0347431904574695
2025-10-21,277.12085787452145,130.5324484119307,89.5376458214019,116.33481497149425,100.63713673109709,205.0784826497344,3537.6604790913043,1.0637002887950158
2025-10-22,279.64622688204366,133.5385675474643,89.93164391557265,117.16983102721541,101.0039329553923,201.9125486689648,3498.984806387007,1.0557806116938453
2025-10-23,277.69025581751384,134.3511151212272,90.45686844422335,119.65522988646939,103.09798579085115,203.00175975027065,3458.1022847082086,1.026919480143967
2025-10-24,281.33861659357797,134.42157635517924,90.9497622714424,123.97795008236993,103.31712754234196,206.73778012511715,3475.038251050046,1.0314201110430379
2025-10-27,296.27928651529436,141.75358370151753,95.01083040409168,128.35373578580177,107.61481442330374,214.9736877511784,3485.0215565954045,1.0247440397779108
2025-10-28,294.8030275014693,138.64802215915412,93.69593466601445,129.6683124660128,106.69680569713846,214.42473907370726,3493.575317755779,1.0113169923982075
2025-10-29,292.8325739573929,137.88202930988535,92.68346522060547,128.561405612431,106.7335550839838,212.15098290114932,3505.167119041544,1.0272225558621353
2025-10-30,294.31540024912744,137.57670924511166,93.24975583872408,125.39189919070006,103.63467197040248,210.85944057158756,3484.415749817442,1.0431616708221445
2025-10-31,291.84835277323214,138.15101794028934,92.96540062396267,121.73388821952157,102.27128789489242,206.10859080229594,3492.396048930476,1.0290733107240364
2025-11-03,286.95755919613055,136.4903399446379,91.74869070581107,119.90314495496517,101.54052534642857,204.21023692305172,3502.30625447045,1.040130269979326
2025-11-04,295.0546168809107,139.55528663990827,94.47471327153224,124.89183202854996,104.77860024095791,201.50417884880807,3480.4898187681515,1.0238983897180307
2025-11-05,306.30509827070796,142.2838750068562,96.70156554906161,128.90406429811478,106.92459150539065,206.45439550477937,3539.6301994433134,1.0408378232191386
2025-11-06,303.35864191785527,139.6209986185291,96.97211845482123,130.227184264282,104.26898153496258,200.54998308106263,3555.43286533035,1.0397919041128905
2025-11-07,298.7438390030274,137.2178138585677,96.00763585985933,125.39647717944163,103.5717907496053,200.6962910888923,3518.023555444581,1.0151008598274252
2025-11-10,299.7164970899826,139.24090170184223,96.84793871559809,126.94983917563867,103.93740902901231,204.52043212533385,3539.515099700943,1.0240580456158626
2025-11-11,294.3900868783601,139.351052606715,96.44864962350752,123.39416121322859,102.0302947538253,203.88642635024758,3509.173898318341,1.0027420962009794
2025-11-12,293.8720500883092,140.0502049849876,96.16161952234812,126.0202125856858,102.6725006186048,210.1834275242855,3534.7338838229957,1.0157921546335216
2025-11-13,301.81726427625387,143.11542404318652,95.55819955997512,128.40605137447238,102.99668920616561,208.81841566186893,3572.2987740566455,1.0295182604155326
2025-11-14,288.2424336358331,138.6746426187507,91.9382022919645,123.52085500194106,100.01158973371658,207.75865474861922,3546.6277318538164,1.0172573571477943
2025-11-17,295.72599897301075,143.0361419576521,94.7537660271215,123.55913078443143,100.72704677447886,216.12746264401932,3578.087685865842,1.0182143285458354
2025-11-18,304.8558128729232,147.08553606694275,99.58535039389156,129.13690152707608,104.67308698945594,222.76844029437126,3592.0960005677016,1.0166547101888506
2025-11-19,304.7492749190593,141.62777688159815,100.8423968560773,128.39779863438017,104.96961139776228,223.62325745322775,3619.3906908842955,1.0362179920042982
2025-11-20,301.7319130664649,142.14816250479706,100.91721010948578,128.25487152971317,105.06792826435006,219.37125124158493,3681.9016827980436,1.0660232317917495
2025-11-21,308.5981480386208,144.3073444767471,102.07715472071263,131.54883138835794,104.64215182326858,218.60156682585549,3674.506608879357,1.0510544492259346
2025-11-24,308.82086489554086,145.0198337457548,100.9899967731181,130.8227510679324,105.18368680750723,218.59219877394858,3650.315033545586,1.0436269359920223
2025-11-25,314.67529310583546,147.20796713240597,101.77439202745346,134.2621167264648,106.47505729298025,220.0668358266947,3621.8220254971357,1.042760022912962
2025-11-26,325.36485393282715,154.03610857180558,104.79157979488248,142.8380701334346,110.73699024630879,225.51238747518454,3595.953912973801,1.0125013755435903
2025-11-27,333.1104563789172,151.089632664149,103.94763807431202,138.99122110627488,111.24255279340989,228.38359917502004,3594.177816013414,1.0187568442542876
2025-11-28,323.3718312264391,148.086518358024,102.41848634642669,137.3877402054748,109.20576075227315,224.67565368002656,3605.9320993145934,1.0152930638504922
2025-12-01,315.7829878942512,145.62090544987552,99.52939891887755,132.42210759735028,106.9614942119702,220.32645281550555,3615.6328398484584,1.026100316729703
2025-12-02,313.89959238708644,141.75608010300695,96.38330061387026,130.35139087962304,106.26893757422135,216.19291768273135,3643.273084694513,1.0272074113875738
2025-12-03,315.7986606688533,142.33631060168523,97.17584286143996,131.1428993694444,107.75944506019405,211.6088657222447,3644.4280642960116,1.0056910492766293
2025-12-04,327.55971751632444,145.4081386269597,99.40258952699173,135.79930532089537,111.79188578015554,219.39241746270497,3692.8326533576956,1.003715710590284
2025-12-05,324.07196460390765,144.90608932454646,98.84747231237924,133.19791110397748,111.79534280473864,212.58597326238151,3684.775219326929,1.0017489641942963
2025-12-08,326.3421809624484,145.70043679317837,101.42828193835723,134.19201543298215,112.45682923580054,213.5308274744586,3775.7210818076337,1.0373137063264282
2025-12-09,326.23484544059,143.28520488006157,100.60169641010653,132.3615077455008,114.0192093413862,210.22635408809137,3797.73733458039,1.0342313374316343
2025-12-10,338.7305561353716,148.65779851326826,100.34296933896226,134.1467066917383,116.84304946274875,219.99733675357777,3769.1995487647278,1.032363894263421
2025-12-11,366.29369049802756,155.00618147901045,104.75452204196637,143.31123482578775,120.98099860195603,232.68263318076353,3733.6257209902733,0.9994235544108997
2025-12-12,360.41169306481385,152.25409045733335,105.04720182268342,139.57401261335343,121.62715750791541,231.04301350215272,3750.584788907454,1.0048324043794299
2025-12-15,351.4245160853008,151.3667828570898,106.31969788558281,139.6111375638592,121.58767473600673,232.79768587968087,3743.7918607534652,0.9881655417088264
2025-12-16,359.38357636020555,156.58986746055174,107.153180508465,144.0675108113874,123.37638242289312,235.09751844286743,3768.59824227082,0.9892443936601143
2025-12-17,376.29481378582034,157.15873402711594,109.14419793935718,143.0779491586154,124.4134562713387,239.80788515179134,3785.402944240572,0.9958383646626118
2025-12-18,387.928629865926,163.16208312969476,112.41062481674687,147.94474698658124,128.71938742802718,248.65162994889914,3783.678843805846,0.9852654903276237
2025-12-19,401.00643854374647,166.0359517161987,113.62367302583579,152.65026515413768,130.68538018779418,252.36125076376936,3755.599620289499,0.971509062774365
2025-12-22,406.7678086688987,166.38927056120997,116.04569521918704,149.61704493150359,130.33479194188027,254.89520613755374,3705.148303257115,0.9665658315092361
2025-12-23,409.83511965088474,168.8798893736601,115.69083719257718,150.92440974450622,132.16177067539866,260.1617724264088,3690.999695864496,0.9553663034178689
2025-12-24,422.9049961006267,172.10421406886036,118.44821967093672,155.95995484295352,136.7957886365678,266.5777125377208,3720.186605008149,0.9750546557940694
2025-12-25,439.2083580907772,173.5509066212236,120.91023828619643,160.8537156216291,140.1680571271222,265.5513963489297,3728.0988604413137,0.9648247865548066
2025-12-26,442.67073497706866,175.69416075532936,123.48910806985953,162.43685740157545,141.78780300874848,265.2461123604071,3687.046344321488,0.9574366469498489
2025-12-29,452.2931591189861,177.54187076544068,126.14659070527811,165.29331567748287,145.69291241450563,270.2772043908779,3693.530488486445,0.9764753132403334
2025-12-30,461.04730969166735,176.15285572909113,129.35927013076272,173.2558796368082,147.36410658472252,276.6037961950248,3707.077827992092,0.9524623004020731
2025-12-31,469.63581794685297,182.01244979961655,132.24428923357868,183.19958423929748,151.46922360960653,280.0769488432731,3678.330488814066,0.9340379886549736
2026-01-01,473.210487183415,186.39951882161634,134.3215887957929,188.7413689478321,155.7796545407545,291.80010114655886,3684.155220608689,0.9427090829349157
2026-01-02,465.44190281930406,181.22859870584375,133.6365422185428,188.6251603563776,155.27339225708712,296.59396922707526,3686.8221012383406,0.9415820717500551
2026-01-05,467.8947765432238,180.0078209605202,134.99917594164123,187.48121248427552,154.6929912587253,299.8880208027769,3649.6341122626804,0.9337113853252129
2026-01-06,476.25933591970374,185.74064194874694,137.6129028219559,190.75655239729977,157.09206266584755,307.031834398481,3662.116175682505,0.93137551009917
2026-01-07,470.2726521715794,187.26598209972937,136.2926669064788,189.01764330178915,153.6649208767602,302.11584032380256,3681.3315216834117,0.9389757730738815
2026-01-08,465.9703118976553,188.93786662825335,137.33987044365375,192.06134234547136,153.74025547658908,301.04426505744345,3717.9514241176444,0.9496458925539433
2026-01-09,464.80093504260765,186.260968634865,138.09804199813016,194.5047961071427,152.4558074078542,299.56603764899825,3753.956877963379,0.9751940913590889
2026-01-12,470.5579542280071,186.27189529840302,138.2835725161899,196.78109736961582,150.823643952395,301.0190639301884,3708.162266744354,0.9629986246660267
2026-01-13,472.7708289576513,194.0139982648224,139.19925989977682,198.68437254278436,154.24809791620035,303.83389519009256,3677.6054323653116,0.956872681270681
2026-01-14,477.63174480925954,193.65135231569528,141.62118757659889,202.85217376701345,156.2137784787532,306.47418142618085,3695.387821920701,0.9584451953409358
2026-01-15,485.98418446999244,192.41670887313967,140.646626310948,200.62525723818467,155.2868680002485,306.5393835878979,3713.2146445997596,0.9591352959483596
2026-01-16,465.9165993396245,186.58313964391752,136.4729272779916,193.79951231484597,154.15419455760733,292.3983842519584,3731.169631031809,0.9604736346641017
2026-01-19,483.39881214824436,187.62340219126244,137.6760659515537,198.11029334128108,156.98759684775735,293.66971606966763,3861.2926175680727,1.0088530606073107
2026-01-20,493.24245354551476,190.5214923644177,141.35244318402826,206.908914079318,160.3464586121888,295.98837029447355,3881.9042539209986,1.0110600328140449
2026-01-21,512.3547141973796,202.25093473345368,144.02709190461977,226.39189008765933,165.35619379709144,314.58556731498624,3922.354048574795,1.028575046639344
2026-01-22,509.6122987688027,202.06126308334692,147.94138489770958,227.18858862735257,166.0312416352558,315.3338497518272,3956.8159134989755,1.0662482845226418
2026-01-23,516.2790875442593,202.66897099363985,150.28555667566843,228.16916404458027,165.24401700567574,311.9152924889765,3980.8041941034026,1.0861175804194634
2026-01-26,520.372727443777,203.31002467821526,151.49705294961095,231.60178931170938,167.49084953677013,315.5214517917895,3970.3051287601984,1.0784702997962006
2026-01-27,541.9013749789376,206.37497210678788,155.91852762228115,243.15174153816105,172.35554307252232,319.013173461939,3998.2192442842097,1.104196677053462
2026-01-28,535.7945316138154,208.30786867620878,156.30524005460092,242.01294127176692,173.19610118271356,323.0062527611211,3971.2095663259765,1.0894236744462031
2026-01-29,540.9766194826618,209.5774448484478,158.11425621711757,250.08672128645117,172.41559359781758,323.2029285687577,3963.539701390113,1.0603706274410205
2026-01-30,539.6681337672065,211.96216432581855,161.07641502600498,254.8005213910016,173.00950735678327,326.7770690948648,3947.018590107537,1.0421155102020632
2026-02-02,542.0232880558525,220.49852953074125,162.7282550919477,258.14276748060615,174.7264717866558,333.4787844549032,3950.7164225774204,1.0203023905939408
2026-02-03,528.8401989429127,218.4326405529002,160.96428109163006,256.8335146560546,171.397707682395,324.380893662859,4033.8076023700855,1.044201283882686
2026-02-04,524.1597149128356,216.59017287458323,160.61341689315694,258.35377319870736,172.12123594084736,318.8431284579178,3966.8246671249008,1.0222041582200125
2026-02-05,541.6034277880664,219.25334085453707,162.8800960098691,266.50532080434004,172.51034759865388,321.56036685690725,3992.118496719517,1.0515480536844453
2026-02-06,534.8002930576629,216.76829157974126,158.95039247103685,256.88763978331406,170.361915024554,318.4036958213625,3934.9735446848977,1.0364208543621458
2026-02-09,538.0101754377436,216.74420497255443,160.5448485116465,254.53084805171633,168.30927367968886,312.1506615515287,3919.047184732857,1.0285535814312334
2026-02-10,520.8421145606624,209.49987375290843,158.88054308963322,245.49376144679243,166.67140665334313,296.42200095494127,3958.2398331120266,1.0524711436358545
2026-02-11,529.8001186162808,215.6727723535908,157.03863348207938,252.5373619990943,170.37133650607217,300.0670824462612,3961.321402667161,1.0259261927103898
2026-02-12,518.3936531346459,206.82981566287143,153.1820227334856,245.53788638883535,164.4844053687443,292.6864900484168,3923.690025848877,1.0164648559550833
2026-02-13,511.0652486369654,208.02059686060514,151.37244806736618,242.955583727758,163.31097832900932,292.8452864438706,3899.215093588763,1.0179299161565738
2026-02-16,527.2422033489075,211.20043304713454,151.8118408363166,249.65633790497077,164.19579334052472,292.09322384724766,3923.8440168094157,1.0085326505224994
2026-02-17,544.9026125962342,215.7744383597176,154.93829153512715,257.3447411040561,167.12366208650576,297.77219180080857,3898.8361829713126,1.014321384806903
2026-02-18,543.1719113986676,217.68599487373666,155.92333070358708,258.2539406673383,164.898933378152,300.411437292763,3907.211379438502,1.0215783698631737
2026-02-19,532.5971214429119,214.63186468569853,155.26559512969658,249.95732580276783,159.95618292831247,289.527383154223,3909.5953510174763,1.0176041598582883
2026-02-20,552.306830906266,223.670672131524,158.74852081169018,258.09509603130977,164.92057375564855,296.8809669632692,3887.4498268801904,1.0181431423744218
2026-02-23,532.2371439764792,217.66417291608067,154.66967960292206,251.07677179386783,158.1381402366749,288.6932382269221,3963.2375925555634,1.0719952379480115
2026-02-24,510.0015423099353,205.44523773971758,146.47294839948637,240.5476904917478,152.03840418646723,277.7263933962117,3986.641585373055,1.08288590301974
2026-02-25,518.4781408831083,204.942150348722,145.07033493686546,240.8928253975521,152.30283006033366,277.17165708315576,3914.7772548196167,1.0610597732136096
2026-02-26,505.9957732964711,204.44813967643023,142.31339678007993,236.88229479834337,151.49233383906332,273.72816403010387,3922.129554265282,1.058119772547381
2026-02-27,484.9864823832615,198.81629497430376,140.39810665618631,225.37503358936056,148.05061723148768,259.4827703578733,3899.5534699074074,1.0397285567291472
2026-03-02,479.5260297221083,199.89443948316074,143.00693745202594,226.8601674468334,148.87568130668285,259.7555996513504,3930.2503649185132,1.0610403926290255
2026-03-03,482.93819832445985,197.95501676518333,143.83913301089814,229.94566544026117,149.98622661466544,261.3220603144148,3903.0031706986215,1.040896011792672
2026-03-04,468.8431396703379,195.91807081171962,142.88944125054587,227.8787070859296,148.57009038806294,254.59538385548592,3899.7534210792014,1.0409755138494208
2026-03-05,442.2029663639519,194.69786139411715,139.80535894541345,221.9202420133692,145.38628996168515,247.9408541063126,3918.257304582667,1.0417421525531148
2026-03-06,450.5537691313499,194.9548734439944,140.58678924955092,225.4658886848434,147.63526382603038,252.221974927628,3949.571220565421,1.0588653659058136
2026-03-09,468.33722504605646,196.70855822916664,142.31921869448834,227.80586628206123,146.7137496555669,253.17866064519038,3907.6952295004344,1.0488278276344087
2026-03-10,465.40752089148486,198.6068935341765,142.67771080194325,224.20062137474778,147.0108004515602,252.282509383012,3896.712608594315,1.0583688202147445
2026-03-11,486.2304426800227,204.800125009055,147.96853978114024,234.7342235406484,151.83741929745878,256.79500467322305,3880.835422674491,1.0466028737908246
2026-03-12,473.7878893854501,200.73677518859623,146.33017409330793,229.44489014271616,147.28889454004485,250.23623911479334,3858.7924207030587,1.035799366653626
2026-03-13,456.10484402848687,191.62652340359637,142.8070681526691,222.15174282476985,142.7939483196216,244.24636953200877,3920.876872160653,1.0456090599481092
2026-03-16,452.6379219308508,189.18695884605745,141.00200634973302,216.0909058133205,140.66342709188496,240.7363856236308,3935.951998352479,1.0455743111148672
2026-03-17,448.7721220993251,187.88203910453296,141.87353327740453,208.41481958363872,139.94426558165193,237.92965851295708,3892.0741802743496,1.0354691110644647
2026-03-18,450.6654181756706,190.06863831031302,141.93239625101322,211.8505953182456,140.48582758414804,238.70785669812017,3925.004076177099,1.0565749207506665
2026-03-19,448.27437515066634,190.90629806260463,139.53927474890014,208.35897217143193,141.2938888702432,238.81123353872223,4000.754322504366,1.0717085007379892
2026-03-20,446.15676191544526,196.9008093317049,139.67969695810578,206.58633440545523,143.0452004257077,233.5425088895265,4038.730232054737,1.0964382971992914
2026-03-23,437.91275770478546,192.5731158370726,134.97574066742544,201.87597338522173,137.95130744835407,230.64218630937665,3984.311049364578,1.0953978054380964
2026-03-24,448.4750118078656,197.92417760211578,137.07272109159933,206.4477629930086,141.57539119013842,234.8289661107574,3967.7438590714523,1.0952397178307232
2026-03-25,441.79537266283353,197.24851974766375,136.16476400898853,208.2316178019639,142.63082234300765,234.78837779973585,4013.7784182328364,1.1367541333585276
2026-03-26,453.19428112435867,200.00061778493142,137.3204114850211,214.35929949149565,145.30752619297098,241.99128328521522,3989.017318061395,1.1174233984039612
2026-03-27,449.7117624647659,201.2919150801279,137.23656926344742,217.1312419328283,147.09826592789696,238.5813773047525,4005.748751989714,1.107161910346122
2026-03-30,452.33357821318475,201.63557518330296,135.25836055951646,214.2658841494083,150.4075153356483,237.6051657513405,4034.476806275072,1.0941843955363812
2026-03-31,455.84173492687006,203.45302403440544,136.43358638525942,219.71616107362863,152.73349928113706,238.3163718760216,4001.6265862388245,1.10257399445018
2026-04-01,464.1985112193446,207.37435520156788,137.02991150987737,221.7773074031276,153.7233602943083,237.08992714996052,4000.2831273297224,1.1110813905713917
2026-04-02,471.20491779252455,206.85822647755353,136.9885453815614,222.87319383066617,156.31524710709544,243.86791292495315,3884.3893004904,1.0688271386947301
2026-04-03,482.2838310997083,213.9963119505478,140.6621949058013,229.01633024022482,159.45483997775435,246.26842195003346,3849.3540948085165,1.0602062869361852
2026-04-06,487.0295715918023,217.07153066137894,141.95812730237867,223.33774049287496,159.50390848780762,244.56198365233828,3841.3739473974274,1.0433480358897405
2026-04-07,500.4090383151565,218.93331399325666,140.96249957483408,227.20678184706858,160.36297004194017,247.35359413523722,3799.003405922103,1.0593216531345229
2026-04-08,500.7639654835331,212.57543583739383,139.13809379384304,222.48536715614048,161.87680951243598,242.44584236889358,3855.577031534805,1.0817897239141916
2026-04-09,513.9173788116028,216.28407872609301,141.15986579830266,224.51337764350285,164.02104204382067,246.65808221161402,3806.7219647026996,1.065714418852282
2026-04-10,496.4204073655859,215.66275731668597,137.5921783001471,215.3348542025558,163.93588831181285,243.65733314567586,3792.407165979039,1.070105885869976
2026-04-13,506.8146490434942,222.3303574429473,142.6846954526563,226.47817385763094,169.02844098556318,249.6568109130935,3797.6280409318906,1.078518818143462
2026-04-14,502.4529953745084,218.83412261889316,141.77706319442746,223.29315662656887,166.25529923521975,248.2478763411018,3847.6483452549096,1.1002072985436633
2026-04-15,481.62108136206984,210.64914901180086,137.2261470296244,219.92807251785442,162.35678777638248,239.3343036862666,3798.695641253963,1.071904157032895
2026-04-16,479.86149659852344,212.29112887540373,134.28501412612513,217.95556597378106,159.11995912416938,234.62713302639574,3839.221926060595,1.0931564107804812
2026-04-17,471.3572540554365,209.9099785754467,132.99524019948143,208.45778739435477,157.72642149722716,231.76472627797105,3840.3433533759408,1.1185876242275181
2026-04-20,480.7418957127545,211.9700972625563,132.86743176477395,208.23539163837586,160.67396584474363,239.2717667104694,3807.187450027619,1.124428205720711
2026-04-21,471.7755358768714,207.57993452642438,130.89462871718396,207.8745869950574,157.58107245821714,235.6045890200091,3823.782718448088,1.1526343187865098
2026-04-22,468.1750240700392,204.05939615168595,129.7221358370705,204.4297513403727,156.09979503116483,233.45395913953192,3831.397924206638,1.1488933407378359
2026-04-23,448.040378878793,193.66408887816976,126.59516465779686,193.28001193252607,153.48668365736012,226.5672867693151,3811.467176516499,1.127825169827119
2026-04-24,431.3266664716128,194.63224652054987,123.43918293592355,190.90525058246465,151.15909269467886,220.41066520046226,3814.623905153929,1.1276754412837313
2026-04-27,402.74114270213266,183.97395658613794,113.86956652020615,181.00446013802068,143.19691186478647,214.45965394698027,3802.1583918168326,1.1239772633511456
2026-04-28,386.9975846807129,180.02820066412934,110.41114790117369,176.59804591024562,140.91300332053217,208.05110510056676,3806.8033218369706,1.1408576609869612
2026-04-29,385.97295860031323,184.9992405825993,113.50184030871829,182.4325484825816,144.72612702168038,214.1823184476611,3830.25009376265,1.1271643495874397
2026-04-30,393.5383945266077,189.13481035624955,116.09352616479157,183.94559706853184,146.15152938800182,214.51387415649518,3885.689713310151,1.1694003255873224
2026-05-01,402.66990941070355,189.05889145705743,116.79645276057028,181.49141837194762,148.04758490651415,220.02151340988996,3843.1789486959065,1.1509021242991895
2026-05-04,398.73125136003466,185.58682419753205,113.75718335846196,175.70266328813656,147.00654047583387,217.4024422980728,3917.726245146748,1.1743735274385774
2026-05-05,395.6756729297099,184.63169731694728,114.1567465414193,175.38998662003075,145.44539048465566,217.83239402526542,3849.680079950597,1.1339460948407774
2026-05-06,401.10159730026504,182.05405973329397,112.61559533700219,172.24635225694632,144.34332248443437,217.60224271893182,3845.19109945546,1.1100491269723711
2026-05-07,390.4155893370196,177.87224897266864,110.38727204851583,164.69966799685264,142.7288212395893,211.58926000394095,3866.3198664496294,1.1292766856572507
2026-05-08,399.561594817729,180.0773008593479,113.5240225336797,170.34713596668468,147.98426778180172,219.55930889357714,3876.8707703877326,1.1346152513646282
2026-05-11,402.3440523180203,184.79947475178983,116.10040712061765,172.85286033436316,150.41008591223908,222.56218635904978,3855.919014437668,1.1094209890244606
2026-05-12,397.36710310770616,182.32878123538316,118.4130396048596,171.32094564119816,148.19691610304935,215.57769719005142,3849.4676753582344,1.090099340156202
2026-05-13,394.1112681175104,182.10762190728175,118.49688844347085,168.86009101120567,150.4461253511104,211.97274389440318,3833.1574484362905,1.0800295177123753
2026-05-14,395.0260136269031,182.69576239060783,117.89981275470171,168.37259246542115,149.77055879775494,211.48960321966263,3813.591928754639,1.094818027788283
2026-05-15,377.23027166145806,174.17998685849935,113.1004685250462,157.72667991981368,143.8014733420468,203.7001789211556,3843.5149684390612,1.1029035307873793
2026-05-18,373.73931754547255,173.77652902718492,110.1779578546165,158.12908589248948,143.20507308141802,201.88149183068504,3856.63342071119,1.0882342143095494
2026-05-19,368.81402714809025,169.87131285612426,107.65236529857117,157.3066320235448,143.14560054363403,201.58915390719253,3833.3540626718086,1.076812152577215
2026-05-20,364.8137725069864,167.51055687597582,104.87256758406585,149.0113687662734,141.42914932379892,192.46878028888355,3865.1570970197836,1.0852248936486606
2026-05-21,365.32142673159586,163.4505646140282,103.40427935433611,145.4816010777151,140.85574388421946,191.09517871463498,3876.61997675543,1.0546136996972593
2026-05-22,371.10542989227827,168.76190095110618,106.5252176148625,147.68514357240792,145.17739875053496,192.38365836200276,3905.7557185049313,1.0645470517084172
2026-05-25,363.2048351975765,173.8036044827708,106.48377634157056,147.82819572917592,146.31203840558993,195.6256537222642,3928.669457697541,1.0700352634480002
2026-05-26,361.43133509796814,169.26878429526863,106.18871883323831,145.1126422056371,145.20720727758965,192.64926292613353,3900.1435651691427,1.0691955369569426
2026-05-27,358.36700965095633,169.22818848836653,106.8904734287464,143.4058388451564,142.81587330312277,194.87278406320135,3881.260515568891,1.0865093998181994
2026-05-28,366.46226214020686,174.13418430166604,109.1774372917764,145.44642648408401,145.2822888067293,197.02063336892934,3908.140738139923,1.111305842870187
2026-05-29,366.9298500404749,176.93004034888415,110.23257817210622,145.79533132151155,147.35668063744637,202.57602130578087,3930.39108238476,1.1162785673622488
2026-06-01,357.9505161310097,177.11930653648002,110.11410609421593,145.77979332036386,145.51100496159054,204.55600797328623,3930.4377976545184,1.1018084050700787
2026-06-02,353.9457229480312,175.13836724141947,109.33296991062758,143.16519529384706,144.00532300283118,202.82907857632972,3935.37421705256,1.1379620971785716
2026-06-03,360.9087384142996,178.05394656580816,109.35447761781693,143.34496765915142,144.94574165514928,204.29224955578061,3981.4140972962405,1.1564190463776878
2026-06-04,359.9144594846705,180.8902859797856,109.00471519980078,144.34535977218178,147.72026262422182,206.38441146027208,3961.0127641120876,1.1492559164956078
2026-06-05,354.01421983016536,184.14889297750426,110.02676713686833,145.52008940504902,151.52817570902357,207.17502208286217,3981.3085040551514,1.156923221375524
2026-06-08,354.9642787490875,185.21364481055932,109.39679603000944,146.4133199437366,152.0036839445442,210.88340532627385,3974.85984381663,1.1575842446088203
2026-06-09,363.0014704951328,189.6429529407857,110.16250471270864,152.66418266416687,153.95086335676766,218.24022467438948,3967.8675453242395,1.1532789630500615
2026-06-10,350.9908850297331,190.87783477302025,108.16895527572301,153.0265559042994,152.00386078491854,218.1121379395672,4007.8993279282863,1.1608118872493902
2026-06-11,360.0343738170065,194.7488779324927,111.27956829881359,154.11262043908505,154.21127100471955,220.54580341192786,4038.474578467203,1.1650547289756374
2026-06-12,359.98608366961423,192.64235136532113,111.55580938625228,155.91762520046132,154.4989703791657,221.44867397449605,4068.8503152418366,1.1763383114029395
2026-06-15,376.700948982215,202.02316205041612,115.52614699803932,164.2908571710009,158.24823795583504,225.44294308296512,4117.470266009168,1.1872935557318138
2026-06-16,370.24505574339514,198.2426308489785,114.64856404745035,158.38749041158752,154.3399595409873,223.33805063452655,4119.072104302923,1.1780939250670346
2026-06-17,377.9011357602411,199.43246907494748,117.64933320855101,165.70056911523508,159.13959331625043,230.67573058804967,4145.177039868352,1.189658109757489
2026-06-18,383.3485747644367,201.2734099996896,118.09252325879939,169.2853417702746,160.05962612171362,225.44506567176742,4134.431079555335,1.182365686775772
2026-06-19,375.8034571488763,196.73645350918395,116.14898702677716,163.40732601110187,156.67640756668197,218.8018916594847,4147.320156755315,1.2088514611068628
2026-06-22,370.320763935079,193.9070606856309,115.01580016523991,158.81844455635638,156.1944838808231,215.32127611157006,4143.291916572899,1.169232186839694
2026-06-23,362.1638903024274,192.6379411309445,113.25676713585483,159.2455782029047,153.98902867897073,212.48408056453894,4147.737518335464,1.1865285625952875
2026-06-24,361.97849783200235,193.87404725551158,110.9403055763686,160.6779393324944,154.93255414494328,210.21501912365989,4170.784061952482,1.2131974051341956
2026-06-25,360.6253905992969,196.597834541417,111.42492025144007,163.10971419596297,156.92496845747357,212.37577380142997,4140.9046227017625,1.1720774563298189
2026-06-26,354.0536950647393,192.68013116349957,111.44730343317002,161.0724736929204,154.8977233430645,210.016509007663,4219.712188907617,1.1966074903445227
2026-06-29,359.6934359611727,192.91505626522033,112.01833393484164,161.1645692261167,154.9814947327945,208.63678197855168,4182.350197082694,1.177859410640272
2026-06-30,368.4788991499158,199.66115274392257,117.00481229274517,165.23888581089727,159.2511720091205,213.9969464172345,4137.4832092662145,1.141892122406503
2026-07-01,373.2012030488021,207.22112405035566,121.65658247621879,173.3656926545675,163.0073120440735,222.53120083141772,4181.435684550244,1.1473459099110943
2026-07-02,381.67915543688713,209.568391054463,122.26978055343466,177.15226679207638,163.3653748302378,227.85386040409043,4212.064551435129,1.1433250859345359
2026-07-03,379.4601449323656,206.73947808050127,122.1422800326753,175.96421421926033,161.85552790223912,225.82170583027823,4236.566460960698,1.1763551156148893
2026-07-06,375.81421027484834,208.87642294687524,121.19983568737874,175.56689187203017,161.40873371681985,223.79259863945262,4261.37202184689,1.1988702974659269
2026-07-07,383.8050477396132,209.3188237479045,121.70676550792949,173.46336337809564,160.28459966293954,226.732744509321,4261.754603754749,1.2176630376334574
2026-07-08,371.1985754946065,206.1778233151562,119.76523167674219,169.96577541802733,156.3662084403562,220.72282609688457,4228.192053139731,1.2161070939495633
2026-07-09,375.8041139039709,205.1616383819157,120.20908961344574,169.60337984621805,154.80870838736342,218.49230184795184,4231.922337625277,1.2013901210945972
2026-07-10,364.15224906690463,201.8241983065605,115.98626737902225,162.35049213441656,149.7019940488942,213.03902338489235,4206.977460134608,1.1849826938977894
2026-07-13,363.58007436377113,202.10205474307114,115.86843966244058,165.65813457653744,149.89117313395224,208.87916869665605,4244.739616281423,1.2061244389374046
2026-07-14,376.44310593172156,203.07777033215496,116.79015067978477,166.57502376041364,150.93634258092584,213.82316207772317,4239.97058156652,1.1870361868389507
2026-07-15,368.3437462494518,200.3188061727749,116.04441183495015,165.35615892448965,149.90882788762076,211.33742718587462,4209.31782121674,1.1863924143335645
2026-07-16,382.2888229623158,205.00782156711173,117.22727730930389,168.13238985598207,154.50974497385775,215.4783397664616,4197.984348424174,1.1791742615554808
2026-07-17,372.2539065243172,201.10179329327738,111.51530888652789,162.7085301660406,149.9945035319459,209.67451864640717,4214.4252633320475,1.180227792823678
2026-07-20,365.0951002054621,190.98944454709334,107.54936546774216,156.2425917110287,144.27356418940204,203.2564664264692,4193.886173412636,1.1831735733551836
2026-07-21,372.1602827796684,188.85729642056245,106.27307805921066,156.84482516004,143.00035796318903,199.0827406421382,4163.690261911143,1.1787617333843592
2026-07-22,378.9608101066324,189.74919101112644,107.34286191518066,159.04635163843471,144.3935097360078,205.64988861714681,4173.6547425884955,1.1776767378852013
2026-07-23,387.3818752716859,197.21391915622797,110.04069882039605,164.0877641996187,147.49327957920104,211.203794139861,4183.691126558565,1.198095375508471
2026-07-24,384.19879566678634,198.3811305201779,108.22586350873127,163.57741260793148,144.88979385244355,209.779458738278,4165.43982180365,1.1761175198311296
2026-07-27,388.2020368775651,201.54240026254135,111.49871430878547,165.8357001138828,145.3220267343907,215.4508154100695,4148.614174325653,1.1789873396193478
2026-07-28,395.6756905002834,200.220694450329,111.37319967033791,161.2406383048572,144.17536659665288,211.84263864096687,4158.1080680939785,1.191239611098777
2026-07-29,393.26731175790945,198.91011814889205,110.94969775463773,163.8624208242746,143.5459674668776,211.58299824212213,4104.748069054652,1.1672990970158665
2026-07-30,397.2286934173556,204.0941196372085,112.99427327234599,169.57674680016893,145.95548043299,213.46485673721793,4053.5734607772342,1.153298826941565
2026-07-31,401.92192823177464,203.80214496795725,112.61613574855161,168.26008290838206,146.33445675935673,217.32922408443153,4028.173777614531,1.1269353841766196
