,001258,002459,002466,601012,600438,300750,515790.SH,000300.SH
2025-07-24,7.28,11.92,40.29,16.88,21.87,275.89,0.75,4.1
2025-07-25,7.24,11.65,41.89,16.52,21.13,273.49,0.74,4.08
2025-07-28,7.25,11.63,40.74,16.41,20.6,276.99,0.74,4.09
2025-07-29,7.24,11.86,40.4,16.56,21.31,282.51,0.75,4.11
2025-07-30,7.08,11.62,39.88,16.38,21.85,267.78,0.74,4.11
2025-07-31,7.03,11.06,38.23,15.76,20.43,255.31,0.72,4.03
2025-08-01,7.02,11.18,38.25,15.92,20.58,253.76,0.73,4.01
2025-08-04,7.06,11.09,38.09,15.78,20.07,257.17,0.72,4.03
2025-08-05,7.08,11.2,38.07,15.92,20.55,256.39,0.73,4.06
2025-08-06,7.08,11.21,38.16,15.94,20.42,255.69,0.73,4.07
2025-08-07,7.05,11.03,39.54,15.84,20.14,253.74,0.73,4.07
2025-08-08,7.16,10.96,40.83,15.82,20.15,254.17,0.73,4.06
2025-08-11,7.36,11.25,44.91,16.01,20.88,254.35,0.75,4.08
2025-08-12,7.29,11.06,45.88,15.84,20.36,253.94,0.75,4.11
2025-08-13,7.22,11.14,44.74,15.83,20.18,264.29,0.76,4.14
2025-08-14,7.08,10.85,43.03,15.56,19.56,270.58,0.75,4.13
2025-08-15,7.14,11.64,43.77,16.16,20.81,271.36,0.78,4.17
2025-08-18,7.13,12.03,44.46,16.31,20.79,273.69,0.79,4.2
2025-08-19,7.14,11.89,43.88,15.97,20.61,268.49,0.78,4.18
2025-08-20,7.17,12.11,43.04,16.2,20.77,270.89,0.79,4.24
2025-08-21,7.19,12.15,42.64,16.2,20.66,270.69,0.79,4.25
2025-08-22,7.18,12.27,43.1,16.52,21.03,278.87,0.81,4.36
2025-08-25,7.21,12.64,43.84,16.77,21.57,281.97,0.83,4.44
2025-08-26,7.24,12.53,43.91,16.85,21.32,281.19,0.82,4.42
2025-08-27,7.07,12.11,42.77,16.55,20.9,269.99,0.8,4.35
2025-08-28,7.01,12.47,42.8,16.89,21.53,269.1,0.83,4.44
2025-08-29,7.02,12.66,43.96,17.17,22.03,297.87,0.83,4.48
2025-09-01,6.99,12.72,43.86,17.08,22.58,295.69,0.84,4.49
2025-09-02,6.97,12.24,42.58,16.74,21.9,294.56,0.82,4.47
2025-09-03,6.84,12.5,42.12,17.18,21.98,300.69,0.84,4.43
2025-09-04,6.87,13.5,42.66,17.4,22.97,295.72,0.85,4.33
2025-09-05,6.99,14.01,46.35,18.1,24.39,316.8,0.91,4.43
2025-09-08,6.99,14.22,47.34,17.99,24.08,317.06,0.91,4.43
2025-09-09,6.94,13.59,46.24,17.61,23.68,311.69,0.89,4.41
2025-09-10,6.92,13.25,43.93,17.2,22.26,307.73,0.88,4.42
2025-09-11,6.95,13.34,43.93,17.28,22.44,314.24,0.9,4.54
2025-09-12,6.95,13.29,44.03,17.12,22.23,316.69,0.89,4.5
2025-09-15,6.92,13.26,45.31,17.16,22.16,346.39,0.9,4.51
2025-09-16,6.93,13.63,44.49,17.05,22.39,345.11,0.9,4.5
2025-09-17,6.94,13.72,44.79,17.3,22.99,368.79,0.91,4.53
2025-09-18,6.86,12.96,43.15,16.82,22.1,358.58,0.9,4.47
2025-09-19,6.98,12.82,45.01,16.9,21.83,360.18,0.89,4.48
2025-09-22,7.11,12.39,43.87,16.6,21.28,361.74,0.88,4.5
2025-09-23,7.03,12.18,42.82,16.29,20.77,359.84,0.89,4.5
2025-09-24,7.08,12.74,43.34,17.4,21.74,371.62,0.92,4.54
2025-09-25,6.94,12.86,44.69,17.76,21.97,384.54,0.93,4.57
2025-09-26,6.9,12.81,44.77,17.5,21.74,372.09,0.92,4.53
2025-09-29,7.22,13.0,46.44,17.58,21.89,389.06,0.94,4.61
2025-09-30,7.1,13.14,47.57,18.0,22.29,393.69,0.95,4.62
2025-10-09,7.37,13.42,51.33,18.88,22.7,401.58,0.98,4.69
2025-10-10,7.38,13.07,47.65,18.4,21.79,373.64,0.94,4.6
2025-10-13,7.5,12.95,49.77,18.13,21.9,366.19,0.92,4.57
2025-10-14,7.42,13.86,46.98,19.28,23.12,349.69,0.93,4.52
2025-10-15,7.46,14.3,47.3,19.72,24.37,360.99,0.96,4.58
2025-10-16,7.39,14.21,47.5,20.25,24.84,360.19,0.97,4.6
2025-10-17,7.25,13.6,46.55,19.7,23.6,349.83,0.91,4.5
2025-10-20,7.34,13.26,45.49,19.06,23.03,358.19,0.91,4.52
2025-10-21,7.44,13.18,45.61,19.01,23.08,367.59,0.93,4.59
2025-10-22,7.44,12.94,45.97,18.77,22.47,364.55,0.91,4.57
2025-10-23,7.49,13.02,48.01,19.04,22.87,368.14,0.92,4.59
2025-10-24,7.44,12.83,48.61,18.84,22.21,377.46,0.93,4.65
2025-10-27,8.19,13.04,49.21,19.06,22.93,377.87,0.94,4.7
2025-10-28,8.14,12.84,48.51,18.9,22.61,378.17,0.93,4.68
2025-10-29,8.3,14.12,50.77,20.79,24.87,391.69,1.01,4.74
2025-10-30,8.06,14.35,55.68,21.51,24.78,389.98,1.01,4.7
2025-10-31,7.91,14.08,53.4,21.11,24.78,380.46,0.99,4.63
2025-11-03,7.99,14.36,53.83,21.76,25.21,378.55,1.03,4.64
2025-11-04,8.2,13.96,52.25,21.35,24.3,370.64,1.0,4.61
2025-11-05,8.25,14.49,54.27,21.85,24.4,380.39,1.05,4.61
2025-11-06,8.25,14.39,55.14,21.77,24.96,386.37,1.06,4.68
2025-11-07,8.31,14.67,56.99,22.43,26.65,387.06,1.08,4.67
2025-11-10,8.2,15.29,57.51,22.8,27.16,376.2,1.08,4.68
2025-11-11,8.38,15.06,55.32,22.44,26.72,377.29,1.08,4.64
2025-11-12,8.26,14.03,54.1,20.79,25.1,378.07,1.03,4.64
2025-11-13,8.31,14.29,59.5,21.3,25.62,407.29,1.05,4.69
2025-11-14,8.36,14.48,56.61,21.88,25.76,395.81,1.04,4.62
2025-11-17,8.27,14.2,62.2,21.69,25.22,382.47,1.03,4.59
2025-11-18,8.07,13.87,59.94,21.15,24.88,376.69,1.0,4.56
2025-11-19,7.92,13.85,63.59,21.2,25.91,382.79,1.0,4.57
2025-11-20,7.87,13.22,62.31,20.1,24.59,371.08,0.98,4.55
2025-11-21,7.59,12.21,56.08,18.84,22.97,361.69,0.93,4.44
2025-11-24,7.5,12.15,51.59,18.76,22.72,362.24,0.93,4.43
2025-11-25,7.56,12.19,53.7,18.98,22.73,364.05,0.94,4.47
2025-11-26,7.5,12.04,54.16,18.81,22.86,364.51,0.95,4.5
2025-11-27,7.51,12.08,53.75,18.58,23.0,362.89,0.95,4.5
2025-11-28,7.59,12.07,55.03,18.57,22.88,364.89,0.96,4.51
2025-12-01,7.53,12.12,54.62,18.75,23.32,374.66,0.96,4.56
2025-12-02,7.45,11.78,52.61,18.31,22.35,371.77,0.94,4.54
2025-12-03,7.41,11.48,51.2,18.02,22.02,367.77,0.94,4.52
2025-12-04,7.35,11.2,51.39,17.91,21.72,375.04,0.94,4.53
2025-12-05,7.4,11.35,51.05,18.02,21.84,380.78,0.95,4.58
2025-12-08,7.37,11.42,53.1,18.08,21.89,384.19,0.97,4.61
2025-12-09,7.34,11.46,52.25,18.2,22.68,379.28,0.97,4.58
2025-12-10,7.27,11.3,52.89,18.2,22.0,374.07,0.96,4.58
2025-12-11,7.22,11.1,53.1,17.88,21.26,380.68,0.95,4.54
2025-12-12,7.23,11.27,51.64,18.19,21.62,383.49,0.96,4.57
2025-12-15,7.24,11.28,50.41,18.0,21.74,377.19,0.95,4.54
2025-12-16,7.1,10.88,50.13,17.46,20.8,370.1,0.93,4.5
2025-12-17,7.11,11.16,53.14,17.78,21.18,375.11,0.95,4.58
2025-12-18,7.11,11.03,52.1,17.7,20.76,363.69,0.93,4.54
2025-12-19,7.21,11.14,52.9,18.08,20.8,365.69,0.94,4.57
2025-12-22,7.22,11.23,53.92,18.11,20.84,363.53,0.95,4.61
2025-12-23,7.18,11.2,55.78,18.02,20.86,369.79,0.95,4.62
2025-12-24,7.25,11.43,56.26,18.13,21.04,367.29,0.96,4.63
2025-12-25,7.25,11.63,55.53,18.27,21.38,364.7,0.97,4.64
2025-12-26,7.25,11.82,57.93,19.02,21.8,366.12,0.99,4.66
2025-12-29,7.15,11.76,55.3,18.7,21.51,361.0,0.98,4.64
2025-12-30,7.03,11.64,56.38,18.44,21.01,360.89,0.97,4.65
2025-12-31,7.08,11.45,55.38,18.2,20.52,358.95,0.96,4.63
2026-01-05,7.16,11.61,57.0,18.49,21.11,369.19,0.98,4.72
2026-01-06,7.24,11.9,59.28,18.83,21.59,365.68,1.0,4.8
2026-01-07,7.2,11.87,59.24,18.65,21.65,362.7,1.01,4.78
2026-01-08,7.27,12.1,58.62,18.77,21.66,360.9,1.02,4.74
2026-01-09,7.34,11.78,58.63,18.39,20.83,360.92,1.02,4.76
2026-01-12,7.38,12.18,61.3,19.23,21.27,353.37,1.04,4.79
2026-01-13,7.37,11.67,62.36,18.5,20.45,350.69,1.03,4.77
2026-01-14,7.35,11.7,59.82,18.59,20.57,345.67,1.04,4.74
2026-01-15,7.4,11.54,61.32,18.5,20.02,345.44,1.04,4.75
2026-01-16,7.37,11.6,58.73,18.73,20.02,344.01,1.06,4.74
2026-01-19,7.65,11.61,58.61,18.32,19.27,340.59,1.08,4.74
2026-01-20,7.75,10.94,59.49,17.38,18.59,341.29,1.05,4.72
2026-01-21,7.65,10.85,61.43,17.22,18.49,341.5,1.04,4.73
2026-01-22,7.66,11.4,60.65,17.59,18.82,337.49,1.06,4.73
2026-01-23,7.76,12.41,62.8,19.35,20.28,338.69,1.16,4.7
2026-01-26,7.72,11.87,61.71,19.09,19.6,333.74,1.12,4.71
2026-01-27,7.66,12.27,61.0,19.2,19.5,331.09,1.13,4.71
2026-01-28,7.62,11.88,61.11,18.82,19.02,331.68,1.1,4.72
2026-01-29,7.53,11.95,59.12,18.77,19.06,333.58,1.09,4.77
2026-01-30,7.62,11.31,54.55,17.88,18.2,341.69,1.07,4.71
2026-02-02,7.56,11.23,52.29,17.64,17.84,340.67,1.06,4.6
2026-02-03,7.59,12.19,53.47,18.57,18.66,339.6,1.12,4.66
2026-02-04,7.77,13.02,52.75,19.31,19.56,356.72,1.16,4.71
2026-02-05,7.53,12.07,49.44,18.23,18.37,354.63,1.09,4.68
2026-02-06,7.62,12.27,50.2,18.36,18.57,360.8,1.1,4.65
2026-02-09,7.64,12.71,50.35,19.18,19.08,360.51,1.14,4.73
2026-02-10,7.56,12.48,50.19,18.81,18.85,356.66,1.12,4.73
2026-02-11,7.53,12.25,51.15,18.59,18.67,359.69,1.11,4.72
2026-02-12,7.66,12.16,51.29,18.49,18.42,367.56,1.13,4.73
2026-02-13,7.5,11.87,51.24,18.13,18.01,357.03,1.09,4.67
2026-02-24,7.87,12.16,53.31,18.28,18.16,353.64,1.11,4.72
2026-03-11,10.06,12.4,54.54,18.79,18.62,388.49,1.18,4.71
2026-03-12,9.8,12.95,53.6,18.94,19.55,387.19,1.18,4.69
2026-03-13,9.35,12.74,54.15,18.87,19.32,388.69,1.16,4.68
2026-03-16,9.12,12.69,53.58,18.68,18.79,400.09,1.14,4.68
2026-03-17,9.59,12.72,52.11,18.79,18.44,396.69,1.11,4.65
2026-03-18,9.29,12.36,51.15,18.54,18.35,393.71,1.12,4.66
2026-03-19,10.22,12.5,48.93,18.52,18.1,392.19,1.1,4.6
2026-03-20,9.62,12.7,50.1,18.99,18.46,404.69,1.14,4.58
2026-03-23,10.59,12.54,49.0,18.81,17.94,393.68,1.12,4.43
2026-03-24,11.3,12.35,51.63,19.04,17.42,388.68,1.12,4.48
2026-03-25,11.76,12.3,53.46,18.89,17.45,389.5,1.14,4.54
2026-03-26,10.82,11.79,54.2,18.37,16.76,394.19,1.11,4.49
2026-03-27,10.4,11.95,57.96,18.52,16.98,407.87,1.11,4.51
2026-03-30,9.68,11.4,57.24,17.96,16.75,404.69,1.07,4.5
2026-03-31,9.1,10.9,55.48,17.54,16.52,393.39,1.03,4.46
2026-04-01,9.07,11.28,55.45,17.89,16.69,397.4,1.04,4.53
2026-04-02,8.73,10.93,56.17,17.36,16.21,392.86,1.01,4.49
2026-04-03,8.41,10.24,55.44,16.66,15.61,378.15,0.98,4.45
2026-04-07,8.44,10.27,56.7,16.7,15.64,376.28,0.98,4.45
2026-04-08,8.59,10.91,58.27,17.32,16.4,382.99,1.03,4.6
2026-04-09,8.45,10.58,57.65,16.92,16.02,381.68,1.02,4.57
2026-04-10,8.39,10.75,59.64,17.12,16.29,407.69,1.04,4.64
2026-04-13,8.71,11.17,62.1,17.68,17.57,418.82,1.06,4.65
2026-04-14,8.9,11.03,64.53,17.55,17.62,422.48,1.06,4.71
2026-04-15,8.72,10.86,61.8,17.38,17.34,422.69,1.06,4.69
2026-04-16,8.86,10.94,65.32,17.51,17.59,445.67,1.07,4.75
2026-04-17,9.03,10.98,66.65,17.44,17.61,435.89,1.07,4.74
2026-04-20,9.0,11.15,66.82,17.65,18.24,424.19,1.09,4.76
2026-04-21,9.36,11.05,70.71,17.59,18.24,439.29,1.08,4.78
2026-04-22,9.4,10.98,70.73,17.55,18.47,434.95,1.08,4.81
2026-04-23,9.55,10.87,67.97,17.53,18.33,437.5,1.08,4.8
2026-04-24,9.08,10.86,73.7,17.39,17.85,443.5,1.06,4.78
2026-04-27,9.05,10.68,73.65,17.14,17.62,433.48,1.05,4.78
2026-04-28,8.99,10.55,72.53,16.95,17.23,426.27,1.04,4.77
2026-04-29,9.13,10.75,75.52,16.55,17.33,443.6,1.06,4.82
2026-04-30,8.98,10.87,80.03,16.46,17.37,434.6,1.06,4.82
2026-05-06,9.41,10.91,81.71,16.55,17.36,458.6,1.09,4.89
2026-05-07,9.37,10.86,79.06,16.55,17.49,450.24,1.1,4.91
2026-05-08,9.27,10.94,76.05,16.36,17.22,435.6,1.1,4.89
2026-05-11,9.37,11.02,77.37,16.61,17.22,444.71,1.12,4.97
2026-05-12,9.67,11.12,74.75,16.7,16.99,429.85,1.12,4.96
2026-05-13,10.19,11.18,74.38,16.78,17.21,432.65,1.15,5.02
2026-05-14,9.48,10.94,70.69,16.3,16.94,425.6,1.13,4.94
2026-05-15,9.31,10.37,69.11,15.6,16.25,422.2,1.11,4.88
2026-05-18,10.24,10.26,69.38,15.14,16.07,415.83,1.1,4.85
2026-05-19,10.48,10.19,66.58,15.24,16.11,416.52,1.12,4.87
2026-05-20,9.61,10.05,68.16,15.35,16.15,413.35,1.13,4.87
2026-05-21,10.3,9.67,65.78,14.79,15.59,410.23,1.09,4.81
2026-05-22,10.37,9.83,66.52,15.04,16.1,409.76,1.11,4.86
2026-05-25,10.18,9.64,66.67,14.85,15.6,401.48,1.12,4.94
2026-05-26,9.96,9.47,66.4,14.6,15.3,401.1,1.11,4.97
2026-05-27,10.23,9.36,64.48,14.36,15.33,413.4,1.12,4.93
2026-05-28,10.26,9.48,64.39,14.35,15.13,414.28,1.13,4.93
2026-05-29,10.43,9.11,62.88,13.89,14.77,422.6,1.07,4.92
2026-06-01,10.71,9.06,62.17,13.68,14.53,418.7,1.07,4.87
2026-06-02,10.57,8.76,61.29,13.48,14.11,432.49,1.05,4.94
2026-06-03,11.06,8.68,60.98,13.42,13.98,425.02,1.06,4.96
2026-06-04,10.83,8.62,59.46,13.34,13.89,406.8,1.07,4.93
2026-06-05,9.9,8.44,59.06,13.13,13.6,401.6,1.04,4.84
2026-06-08,8.91,8.04,56.2,12.44,12.89,391.62,0.99,4.74
2026-06-09,8.6,8.32,60.01,12.94,13.17,398.1,1.01,4.83
2026-06-10,7.92,9.15,59.48,14.08,13.97,387.1,1.0,4.78
2026-06-11,7.79,8.9,61.0,13.64,14.2,380.8,1.0,4.75
2026-06-12,7.78,8.85,62.5,13.46,13.7,393.45,1.0,4.82
2026-06-15,7.84,8.7,63.72,13.38,13.57,396.7,1.02,4.92
2026-06-16,7.88,8.69,63.99,13.3,13.51,402.13,1.03,4.91
2026-06-17,7.65,8.47,64.04,13.07,13.18,397.6,1.03,4.96
2026-06-18,7.35,8.33,62.18,12.84,12.85,390.15,1.02,4.98
2026-06-22,7.41,8.45,64.97,13.23,13.0,407.58,1.04,5.09
2026-06-23,7.34,8.07,61.32,12.61,12.36,391.11,1.0,4.94
2026-06-24,7.18,8.05,66.13,12.45,12.24,393.96,1.0,4.97
2026-06-25,7.06,8.05,64.64,12.61,12.25,400.5,1.01,5.05
2026-06-26,7.0,7.9,58.92,12.67,11.96,379.6,1.0,4.91
2026-06-29,6.97,7.88,59.87,12.81,12.03,390.96,1.01,4.96
2026-06-30,6.92,8.1,61.32,13.12,12.11,391.61,1.04,5.02
2026-07-01,7.09,8.72,62.29,13.19,12.54,382.44,1.02,5.0
2026-07-02,6.95,9.05,60.01,12.78,12.09,380.95,0.98,4.85
2026-07-03,7.1,8.27,58.66,12.55,11.8,378.6,0.96,4.88
2026-07-06,7.0,8.03,58.91,12.35,11.64,373.11,0.94,4.88
2026-07-07,6.72,7.86,59.19,12.21,11.45,371.09,0.93,4.83
2026-07-08,6.58,7.52,53.27,11.74,11.12,359.6,0.9,4.8
2026-07-09,6.51,7.5,49.79,11.83,11.09,374.1,0.91,4.92
2026-07-10,6.68,7.61,47.8,12.11,11.36,347.36,0.9,4.83
2026-07-13,6.49,7.03,45.61,11.63,10.68,357.66,0.85,4.74
2026-07-14,6.55,7.08,47.35,11.73,10.68,362.61,0.85,4.84
2026-07-15,6.84,7.18,47.43,12.0,10.8,371.6,0.85,4.84
2026-07-16,7.52,7.1,49.34,11.86,10.72,364.8,0.83,4.75
2026-07-17,8.27,6.96,46.99,11.75,10.48,358.6,0.8,4.59
2026-07-20,9.1,7.06,42.29,12.0,10.6,375.03,0.79,4.65
2026-07-21,10.01,7.11,43.69,11.93,10.72,380.8,0.81,4.79
2026-07-22,11.01,7.29,43.92,12.57,11.09,370.86,0.82,4.76
2026-07-23,12.11,7.46,46.38,12.8,11.6,384.59,0.84,4.79
2026-07-24,13.03,7.02,43.88,12.42,11.14,381.61,0.81,4.7
2026-07-27,14.33,7.22,45.21,12.64,11.17,398.6,0.83,4.75
2026-07-28,12.9,7.2,44.44,12.68,11.19,389.46,0.81,4.63
2026-07-29,11.61,7.39,46.08,12.81,11.54,395.44,0.82,4.66
2026-07-30,12.35,7.51,45.46,13.02,11.69,400.48,0.8,4.61
2026-07-31,12.34,7.51,45.35,12.99,11.68,393.9,0.82,4.65
2026-08-03,12.73,7.89,45.75,13.28,12.85,393.0,0.83,4.6
2026-08-04,13.4,7.79,46.8,13.07,12.84,393.7,0.84,4.65
2026-08-05,13.53,7.78,47.77,12.97,12.79,403.8,0.85,4.71
2026-08-06,12.19,7.65,47.18,12.74,12.31,386.6,0.84,4.71
2026-08-07,13.16,7.72,47.87,12.93,13.08,386.67,0.87,4.75
2026-08-10,14.48,7.8,48.91,12.94,12.71,393.87,0.86,4.76
2026-08-11,15.93,7.69,48.09,12.79,12.84,390.4,0.87,4.73
2026-08-12,15.46,7.94,48.53,13.14,13.49,393.93,0.88,4.75
2026-08-13,15.27,7.62,47.76,12.7,12.89,396.3,0.86,4.73
2026-08-14,13.75,7.56,48.73,12.65,12.8,393.93,0.86,4.73
2026-08-17,14.4,7.7,48.82,12.83,12.91,399.98,0.89,4.8
2026-08-18,13.35,7.65,47.93,12.84,12.78,396.26,0.89,4.79
2026-08-19,12.02,7.29,46.13,12.45,12.3,389.0,0.84,4.65
2026-08-20,12.31,7.3,46.03,12.41,12.32,385.0,0.85,4.65
2026-08-21,12.21,7.3,48.38,12.42,12.43,391.15,0.85,4.68
2026-08-24,12.57,7.15,49.1,12.15,12.12,387.89,0.84,4.63
2026-08-25,12.29,7.23,47.01,12.17,12.01,376.73,0.84,4.62
2026-08-26,13.52,7.27,47.56,12.28,12.01,379.0,0.85,4.65
2026-08-27,13.76,7.18,48.23,12.15,11.9,373.0,0.85,4.69
2026-08-28,13.62,7.26,49.14,12.29,11.95,370.44,0.85,4.7
