date,ticker,alpha_momentum_20d,alpha_volatility_20d,alpha_supply_chain_score,alpha_chokepoint_moat
2025-06-09,001309,0.0,0.3162,0.7565,0.88
2025-06-10,001309,0.0,0.3162,0.7547,0.88
2025-06-11,001309,0.0,0.3957,0.7542,0.88
2025-06-12,001309,0.0,0.3373,0.7537,0.88
2025-06-13,001309,0.0,0.3557,0.753,0.88
2025-06-16,001309,0.0,0.3192,0.7519,0.88
2025-06-17,001309,0.0,0.4463,0.7525,0.88
2025-06-18,001309,0.0,0.4602,0.7537,0.88
2025-06-19,001309,0.0,0.4654,0.755,0.88
2025-06-20,001309,0.0,0.5331,0.7564,0.88
2025-06-23,001309,0.0,0.5046,0.7581,0.88
2025-06-24,001309,0.0,0.4787,0.7593,0.88
2025-06-25,001309,0.0,0.469,0.7602,0.88
2025-06-26,001309,0.0,0.4702,0.7611,0.88
2025-06-27,001309,0.0,0.4524,0.7627,0.88
2025-06-30,001309,0.0,0.4715,0.7638,0.88
2025-07-01,001309,0.0,0.4558,0.7646,0.88
2025-07-02,001309,0.0,0.455,0.7644,0.88
2025-07-03,001309,0.0,0.4567,0.7646,0.88
2025-07-04,001309,0.0,0.4545,0.7638,0.88
2025-07-07,001309,0.0076,0.4425,0.7628,0.88
2025-07-08,001309,0.0241,0.4364,0.762,0.88
2025-07-09,001309,0.0119,0.4333,0.7617,0.88
2025-07-10,001309,-0.0492,0.454,0.7615,0.88
2025-07-11,001309,-0.05,0.4544,0.7621,0.88
2025-07-14,001309,-0.0335,0.4646,0.7627,0.88
2025-07-15,001309,-0.0863,0.4175,0.7624,0.88
2025-07-16,001309,-0.1193,0.3786,0.7622,0.88
2025-07-17,001309,-0.1008,0.3761,0.7619,0.88
2025-07-18,001309,-0.0717,0.3439,0.7607,0.88
2025-07-21,001309,-0.0727,0.344,0.7599,0.88
2025-07-22,001309,-0.1052,0.3567,0.7593,0.88
2025-07-23,001309,-0.0754,0.4127,0.759,0.88
2025-07-24,001309,-0.0465,0.4038,0.7589,0.88
2025-07-25,001309,-0.008,0.4269,0.7594,0.88
2025-07-28,001309,0.0246,0.3997,0.7596,0.88
2025-07-29,001309,0.0247,0.3997,0.7604,0.88
2025-07-30,001309,-0.0211,0.3925,0.7611,0.88
2025-07-31,001309,0.0139,0.3767,0.7608,0.88
2025-08-01,001309,0.0168,0.3794,0.7604,0.88
2025-08-04,001309,0.0205,0.3799,0.7601,0.88
2025-08-05,001309,0.0165,0.3808,0.7592,0.88
2025-08-06,001309,0.0083,0.3812,0.7589,0.88
2025-08-07,001309,0.0579,0.3454,0.7594,0.88
2025-08-08,001309,0.1058,0.3347,0.7592,0.88
2025-08-11,001309,0.1282,0.3599,0.7599,0.88
2025-08-12,001309,0.1553,0.3607,0.761,0.88
2025-08-13,001309,0.1236,0.3739,0.7618,0.88
2025-08-14,001309,0.1086,0.3791,0.7614,0.88
2025-08-15,001309,0.1287,0.3701,0.7625,0.88
2025-08-18,001309,0.1403,0.3672,0.7631,0.88
2025-08-19,001309,0.151,0.356,0.7635,0.88
2025-08-20,001309,0.0916,0.2956,0.7639,0.88
2025-08-21,001309,0.1481,0.3459,0.765,0.88
2025-08-22,001309,0.1337,0.3339,0.7665,0.88
2025-08-25,001309,0.1539,0.3278,0.7673,0.88
2025-08-26,001309,0.1349,0.3358,0.7682,0.88
2025-08-27,001309,0.1391,0.3325,0.7692,0.88
2025-08-28,001309,0.1476,0.3328,0.7709,0.88
2025-08-29,001309,0.073,0.3576,0.7709,0.88
2025-09-01,001309,0.1525,0.4511,0.7719,0.88
2025-09-02,001309,0.086,0.5167,0.7715,0.88
2025-09-03,001309,0.0527,0.5346,0.7705,0.88
2025-09-04,001309,-0.0115,0.5749,0.7674,0.88
2025-09-05,001309,0.0665,0.6736,0.7678,0.88
2025-09-08,001309,0.0191,0.6534,0.7674,0.88
2025-09-09,001309,-0.0307,0.6591,0.7672,0.88
2025-09-10,001309,0.0116,0.6597,0.7675,0.88
2025-09-11,001309,0.0768,0.6807,0.7714,0.88
2025-09-12,001309,0.1844,0.7599,0.7743,0.88
2025-09-15,001309,0.2675,0.793,0.7768,0.88
2025-09-16,001309,0.3805,0.8013,0.7806,0.88
2025-09-17,001309,0.4382,0.8071,0.7844,0.88
2025-09-18,001309,0.3284,0.8102,0.7853,0.88
2025-09-19,001309,0.4272,0.8639,0.7852,0.88
2025-09-22,001309,0.5594,0.9082,0.7869,0.88
2025-09-23,001309,0.7392,0.935,0.7894,0.88
2025-09-24,001309,0.8823,0.9289,0.794,0.88
2025-09-25,001309,0.8122,0.95,0.7982,0.88
2025-09-26,001309,0.8303,0.9413,0.8016,0.88
2025-09-29,001309,0.8281,0.9404,0.8052,0.88
2025-09-30,001309,1.1504,0.8964,0.8108,0.88
2025-10-09,001309,1.265,0.8571,0.8154,0.88
2025-10-10,001309,1.2849,0.8448,0.8174,0.88
2025-10-13,001309,1.0027,0.8607,0.8216,0.88
2025-10-14,001309,0.8315,0.9548,0.8246,0.88
2025-10-15,001309,0.9275,0.9275,0.8247,0.88
2025-10-16,001309,1.0743,0.954,0.8269,0.88
2025-10-17,001309,0.8373,1.0248,0.8296,0.88
2025-10-20,001309,0.6515,1.0036,0.83,0.88
2025-10-21,001309,0.6066,0.9908,0.8316,0.88
2025-10-22,001309,0.511,0.9835,0.8321,0.88
2025-10-23,001309,0.5013,0.9815,0.8302,0.88
2025-10-24,001309,0.6943,1.0016,0.8351,0.88
2025-10-27,001309,0.6941,1.0014,0.843,0.88
2025-10-28,001309,0.4912,0.9855,0.8481,0.88
2025-10-29,001309,0.3912,0.942,0.8562,0.88
2025-10-30,001309,0.2428,0.9507,0.8656,0.88
2025-10-31,001309,0.2882,0.9399,0.8696,0.88
2025-11-03,001309,0.3822,0.9312,0.8717,0.88
2025-11-04,001309,0.2042,0.9387,0.8709,0.88
2025-11-05,001309,0.0978,0.878,0.8691,0.88
2025-11-06,001309,0.1881,0.9388,0.8665,0.88
2025-11-07,001309,0.3492,0.9432,0.8649,0.88
2025-11-10,001309,0.4813,0.9335,0.8627,0.88
2025-11-11,001309,0.5697,0.8701,0.8645,0.88
2025-11-12,001309,0.6311,0.8795,0.8649,0.88
2025-11-13,001309,0.4875,0.8379,0.8698,0.88
2025-11-14,001309,0.4762,0.8481,0.8702,0.88
2025-11-17,001309,0.4597,0.8545,0.8718,0.88
2025-11-18,001309,0.3614,0.8639,0.8698,0.88
2025-11-19,001309,0.393,0.8623,0.867,0.88
2025-11-20,001309,0.2554,0.9019,0.857,0.88
2025-11-21,001309,0.0267,0.9248,0.8491,0.88
2025-11-24,001309,-0.0861,0.8536,0.8396,0.88
2025-11-25,001309,-0.0436,0.8487,0.8341,0.88
2025-11-26,001309,-0.0839,0.8442,0.8298,0.88
2025-11-27,001309,-0.0528,0.8297,0.8265,0.88
2025-11-28,001309,-0.0366,0.8349,0.8283,0.88
2025-12-01,001309,-0.1005,0.8233,0.831,0.88
2025-12-02,001309,-0.0728,0.804,0.8338,0.88
2025-12-03,001309,-0.0877,0.8046,0.8363,0.88
2025-12-04,001309,-0.1813,0.7064,0.8384,0.88
2025-12-05,001309,-0.2431,0.6245,0.8381,0.88
2025-12-08,001309,-0.2136,0.6996,0.8399,0.88
2025-12-09,001309,-0.1888,0.6974,0.8405,0.88
2025-12-10,001309,-0.2542,0.6479,0.8408,0.88
2025-12-11,001309,-0.257,0.6467,0.8429,0.88
2025-12-12,001309,-0.2052,0.6047,0.8458,0.88
2025-12-15,001309,-0.2275,0.6191,0.8431,0.88
2025-12-16,001309,-0.2254,0.6184,0.8403,0.88
2025-12-17,001309,-0.2253,0.6184,0.8395,0.88
2025-12-18,001309,-0.1692,0.5926,0.8386,0.88
2025-12-19,001309,-0.1415,0.5387,0.8362,0.88
2025-12-22,001309,-0.0811,0.5699,0.8356,0.88
2025-12-23,001309,-0.0841,0.5687,0.8359,0.88
2025-12-24,001309,0.0168,0.6579,0.8362,0.88
2025-12-25,001309,0.0145,0.6587,0.8355,0.88
2025-12-26,001309,0.087,0.7417,0.8367,0.88
2025-12-29,001309,0.1246,0.7324,0.8386,0.88
2025-12-30,001309,0.1589,0.7202,0.842,0.88
2025-12-31,001309,0.1314,0.734,0.843,0.88
2026-01-05,001309,0.2351,0.7706,0.8475,0.88
2026-01-06,001309,0.264,0.7699,0.8518,0.88
2026-01-07,001309,0.1242,0.7059,0.857,0.88
2026-01-08,001309,0.077,0.7256,0.8599,0.88
2026-01-09,001309,0.0824,0.7232,0.8637,0.88
2026-01-12,001309,0.1057,0.7251,0.8656,0.88
2026-01-13,001309,0.0854,0.7335,0.8687,0.88
2026-01-14,001309,0.1712,0.7076,0.8744,0.88
2026-01-15,001309,0.2738,0.7221,0.8846,0.88
2026-01-16,001309,0.3366,0.7539,0.9039,0.88
2026-01-19,001309,0.3232,0.7564,0.9191,0.88
2026-01-20,001309,0.4647,0.6873,0.9375,0.88
2026-01-21,001309,0.4234,0.6793,0.9523,0.88
2026-01-22,001309,0.4195,0.6798,0.9626,0.88
2026-01-23,001309,0.2616,0.6429,0.9635,0.88
2026-01-26,001309,0.2653,0.6412,0.9652,0.88
2026-01-27,001309,0.1645,0.5524,0.9639,0.88
2026-01-28,001309,0.1558,0.5532,0.9642,0.88
2026-01-29,001309,0.1231,0.5676,0.9642,0.88
2026-01-30,001309,0.1724,0.5447,0.9644,0.88
2026-02-02,001309,-0.0056,0.5772,0.9602,0.88
2026-02-03,001309,-0.0113,0.5746,0.9561,0.88
2026-02-04,001309,-0.0181,0.5783,0.9485,0.88
2026-02-05,001309,-0.0095,0.5713,0.9402,0.88
2026-02-06,001309,-0.009,0.5711,0.9311,0.88
2026-02-09,001309,0.0041,0.5795,0.9299,0.88
2026-02-10,001309,0.0196,0.5717,0.9255,0.88
2026-02-11,001309,-0.0126,0.5652,0.9223,0.88
2026-02-12,001309,-0.0558,0.5189,0.925,0.88
2026-02-13,001309,-0.0871,0.4611,0.927,0.88
2026-02-24,001309,-0.0589,0.474,0.9302,0.88
2026-02-25,001309,-0.1045,0.4626,0.9327,0.88
2026-02-26,001309,-0.1007,0.4657,0.9354,0.88
2026-02-27,001309,-0.1092,0.4636,0.9337,0.88
2026-03-02,001309,-0.1155,0.469,0.9319,0.88
2026-03-03,001309,-0.168,0.5249,0.9227,0.88
2026-03-04,001309,-0.096,0.6483,0.9253,0.88
2026-03-05,001309,-0.0796,0.653,0.9334,0.88
2026-03-06,001309,0.0033,0.6808,0.948,0.88
2026-03-09,001309,0.0302,0.69,0.9667,0.88
2026-03-10,001309,0.1866,0.6282,0.9892,0.88
2026-03-11,001309,0.1826,0.6278,1.0019,0.88
2026-03-12,001309,0.1959,0.6204,1.0057,0.88
2026-03-13,001309,0.348,0.6615,1.0058,0.88
2026-03-16,001309,0.5123,0.7109,1.0128,0.88
2026-03-17,001309,0.4698,0.7115,1.0202,0.88
2026-03-18,001309,0.5754,0.7101,1.0349,0.88
2026-03-19,001309,0.4628,0.7902,1.0484,0.88
2026-03-20,001309,0.3827,0.8177,1.0581,0.88
2026-03-23,001309,0.2881,0.8314,1.0539,0.88
2026-03-24,001309,0.3664,0.8724,1.0525,0.88
2026-03-25,001309,0.4971,0.8819,1.0509,0.88
2026-03-26,001309,0.4779,0.8829,1.0495,0.88
2026-03-27,001309,0.4928,0.8801,1.0493,0.88
2026-03-30,001309,0.6246,0.8568,1.0516,0.88
2026-03-31,001309,0.6632,0.8266,1.0451,0.88
2026-04-01,001309,0.481,0.7955,1.0325,0.88
2026-04-02,001309,0.4084,0.8172,1.0231,0.88
2026-04-03,001309,0.3003,0.8151,1.0137,0.88
2026-04-07,001309,0.3526,0.8402,1.0088,0.88
2026-04-08,001309,0.3359,0.834,1.0148,0.88
2026-04-09,001309,0.3633,0.8363,1.0187,0.88
2026-04-10,001309,0.5259,0.8751,1.029,0.88
2026-04-13,001309,0.5063,0.8622,1.0442,0.88
2026-04-14,001309,0.4236,0.8154,1.0678,0.88
2026-04-15,001309,0.4174,0.8165,1.0865,0.88
2026-04-16,001309,0.3833,0.8059,1.1063,0.88
2026-04-17,001309,0.4907,0.7309,1.116,0.88
2026-04-20,001309,0.5553,0.6999,1.1203,0.88
2026-04-21,001309,0.6051,0.676,1.1162,0.88
2026-04-22,001309,0.5033,0.632,1.1148,0.88
2026-04-23,001309,0.32,0.6596,1.1072,0.88
2026-04-24,001309,0.2944,0.6651,1.1059,0.88
2026-04-27,001309,0.2796,0.6677,1.1045,0.88
2026-04-28,001309,0.2413,0.6551,1.0994,0.88
2026-04-29,001309,0.3772,0.6279,1.0954,0.88
2026-04-30,001309,0.4109,0.6148,1.0957,0.88
2026-05-06,001309,0.6029,0.6497,1.1106,0.88
2026-05-07,001309,0.7513,0.6419,1.1224,0.88
2026-05-08,001309,0.5805,0.6518,1.1323,0.88
2026-05-11,001309,0.6252,0.6694,1.1479,0.88
2026-05-12,001309,0.52,0.6996,1.1625,0.88
2026-05-13,001309,0.52,0.6996,1.1683,0.88
2026-05-14,001309,0.4988,0.6861,1.1762,0.88
2026-05-15,001309,0.4223,0.6929,1.1815,0.88
2026-05-18,001309,0.4666,0.6913,1.1866,0.88
2026-05-19,001309,0.3529,0.7313,1.1881,0.88
2026-05-20,001309,0.3548,0.7308,1.1841,0.88
2026-05-21,001309,0.274,0.7748,1.1767,0.88
2026-05-22,001309,0.3098,0.7745,1.1787,0.88
2026-05-25,001309,0.3238,0.7765,1.1752,0.88
2026-05-26,001309,0.3323,0.7692,1.1733,0.88
2026-05-27,001309,0.3575,0.764,1.1734,0.88
2026-05-28,001309,0.3466,0.7672,1.181,0.88
2026-05-29,001309,0.2893,0.7817,1.1861,0.88
2026-06-01,001309,0.1424,0.8163,1.1808,0.88
2026-06-02,001309,0.1545,0.8164,1.1793,0.88
2026-06-03,001309,0.0722,0.7446,1.1783,0.88
2026-06-04,001309,0.1044,0.7879,1.1842,0.88
2026-06-05,001309,0.0549,0.8284,1.1788,0.88
2026-06-08,001309,-0.08,0.8272,1.1733,0.88
2026-06-09,001309,0.0125,0.8514,1.1739,0.88
2026-06-10,001309,-0.0763,0.7696,1.1749,0.88
2026-06-11,001309,-0.1237,0.7329,1.1692,0.88
2026-06-12,001309,-0.1329,0.7352,1.1748,0.88
2026-06-15,001309,-0.1268,0.7406,1.192,0.88
2026-06-16,001309,-0.0622,0.7284,1.2039,0.88
2026-06-17,001309,0.0196,0.7871,1.2217,0.88
2026-06-18,001309,0.0852,0.7554,1.2424,0.88
2026-06-22,001309,0.0936,0.759,1.2687,0.88
2026-06-23,001309,0.0863,0.7563,1.2853,0.88
2026-06-24,001309,0.2289,0.7612,1.3109,0.88
2026-06-25,001309,0.3398,0.8228,1.3477,0.88
2026-06-26,001309,0.4467,0.8353,1.3861,0.88
2026-06-29,001309,0.5156,0.8173,1.4197,0.88
2026-06-30,001309,0.5783,0.7723,1.4549,0.88
2026-07-01,001309,0.4742,0.8185,1.4703,0.88
2026-07-02,001309,0.3103,0.9106,1.4498,0.88
2026-07-03,001309,0.2953,0.8961,1.4253,0.88
2026-07-06,001309,0.483,0.8459,1.4078,0.88
2026-07-07,001309,0.447,0.8801,1.3846,0.88
2026-07-08,001309,0.3184,0.8816,1.3622,0.88
2026-07-09,001309,0.3703,0.8856,1.3622,0.88
2026-07-10,001309,0.2651,0.9381,1.3491,0.88
2026-07-13,001309,0.1661,1.0137,1.3106,0.88
2026-07-14,001309,0.1467,1.0089,1.2883,0.88
2026-07-15,001309,0.0103,1.0779,1.2576,0.88
2026-07-16,001309,-0.1599,1.0934,1.218,0.88
2026-07-17,001309,-0.2464,1.1413,1.1727,0.88
2026-07-20,001309,-0.3449,1.1682,1.1408,0.88
2026-07-21,001309,-0.3272,1.1855,1.1116,0.88
2026-07-22,001309,-0.4356,1.1707,1.0928,0.88
2026-07-23,001309,-0.5118,1.075,1.0762,0.88
2026-07-24,001309,-0.5795,1.0192,1.0707,0.88
2026-07-27,001309,-0.586,1.0084,1.0697,0.88
2026-07-28,001309,-0.6167,1.0279,1.0493,0.88
2026-07-29,001309,-0.603,1.0314,1.0371,0.88
2026-07-30,001309,-0.5191,1.1303,1.0269,0.88
2026-07-31,001309,-0.5624,1.0419,1.0234,0.88
2026-08-03,001309,-0.6267,0.9924,1.0119,0.88
2026-08-04,001309,-0.5721,1.0266,1.0145,0.88
2026-08-05,001309,-0.5318,1.0859,1.0216,0.88
2026-08-06,001309,-0.5488,1.0581,1.026,0.88
2026-08-07,001309,-0.4948,1.0846,1.0323,0.88
2026-08-10,001309,-0.4433,1.0562,1.044,0.88
2026-08-11,001309,-0.4552,1.0457,1.0522,0.88
2026-08-12,001309,-0.3847,1.0206,1.0562,0.88
2026-08-13,001309,-0.3349,0.979,1.0569,0.88
2026-08-14,001309,-0.2429,0.9404,1.0559,0.88
2026-08-17,001309,-0.0983,0.9253,1.0609,0.88
2026-08-18,001309,-0.1391,0.9028,1.0646,0.88
2026-08-19,001309,-0.1387,0.9021,1.0602,0.88
2026-08-20,001309,-0.0848,0.8895,1.0601,0.88
2026-08-21,001309,0.0381,0.8538,1.059,0.88
2026-08-24,001309,-0.0031,0.8647,1.0486,0.88
2026-08-25,001309,0.0985,0.78,1.0401,0.88
2026-08-26,001309,0.1018,0.7788,1.0374,0.88
2026-08-27,001309,0.1018,0.7788,1.0386,0.88
2025-06-09,300475,0.0,0.3162,0.7565,0.72
2025-06-10,300475,0.0,0.3162,0.7547,0.72
2025-06-11,300475,0.0,0.4961,0.7542,0.72
2025-06-12,300475,0.0,0.4005,0.7537,0.72
2025-06-13,300475,0.0,0.3333,0.753,0.72
2025-06-16,300475,0.0,0.4039,0.7519,0.72
2025-06-17,300475,0.0,0.4013,0.7525,0.72
2025-06-18,300475,0.0,0.4935,0.7537,0.72
2025-06-19,300475,0.0,0.482,0.755,0.72
2025-06-20,300475,0.0,0.4804,0.7564,0.72
2025-06-23,300475,0.0,0.4561,0.7581,0.72
2025-06-24,300475,0.0,0.4353,0.7593,0.72
2025-06-25,300475,0.0,0.4159,0.7602,0.72
2025-06-26,300475,0.0,0.4251,0.7611,0.72
2025-06-27,300475,0.0,0.411,0.7627,0.72
2025-06-30,300475,0.0,0.3966,0.7638,0.72
2025-07-01,300475,0.0,0.3925,0.7646,0.72
2025-07-02,300475,0.0,0.3973,0.7644,0.72
2025-07-03,300475,0.0,0.4233,0.7646,0.72
2025-07-04,300475,0.0,0.4143,0.7638,0.72
2025-07-07,300475,0.0817,0.4054,0.7628,0.72
2025-07-08,300475,0.0962,0.3988,0.762,0.72
2025-07-09,300475,0.0347,0.4089,0.7617,0.72
2025-07-10,300475,-0.0172,0.4099,0.7615,0.72
2025-07-11,300475,-0.0352,0.4029,0.7621,0.72
2025-07-14,300475,0.0003,0.3938,0.7627,0.72
2025-07-15,300475,-0.0237,0.3762,0.7624,0.72
2025-07-16,300475,-0.0673,0.2941,0.7622,0.72
2025-07-17,300475,-0.0405,0.3036,0.7619,0.72
2025-07-18,300475,-0.0652,0.3317,0.7607,0.72
2025-07-21,300475,-0.0688,0.3314,0.7599,0.72
2025-07-22,300475,-0.084,0.3341,0.7593,0.72
2025-07-23,300475,-0.0902,0.3297,0.759,0.72
2025-07-24,300475,-0.0638,0.3227,0.7589,0.72
2025-07-25,300475,-0.0479,0.3278,0.7594,0.72
2025-07-28,300475,-0.0479,0.3278,0.7596,0.72
2025-07-29,300475,-0.0237,0.3264,0.7604,0.72
2025-07-30,300475,-0.0056,0.3146,0.7611,0.72
2025-07-31,300475,-0.0595,0.2541,0.7608,0.72
2025-08-01,300475,-0.0603,0.2544,0.7604,0.72
2025-08-04,300475,-0.0301,0.2721,0.7601,0.72
2025-08-05,300475,-0.0231,0.2723,0.7592,0.72
2025-08-06,300475,0.0288,0.2588,0.7589,0.72
2025-08-07,300475,0.08,0.2484,0.7594,0.72
2025-08-08,300475,0.044,0.2793,0.7592,0.72
2025-08-11,300475,0.0591,0.289,0.7599,0.72
2025-08-12,300475,0.0924,0.3166,0.761,0.72
2025-08-13,300475,0.0448,0.3304,0.7618,0.72
2025-08-14,300475,0.0017,0.3357,0.7614,0.72
2025-08-15,300475,0.0724,0.3076,0.7625,0.72
2025-08-18,300475,0.1079,0.3197,0.7631,0.72
2025-08-19,300475,0.1164,0.3141,0.7635,0.72
2025-08-20,300475,0.1184,0.3144,0.7639,0.72
2025-08-21,300475,0.1587,0.3372,0.765,0.72
2025-08-22,300475,0.1688,0.3405,0.7665,0.72
2025-08-25,300475,0.2008,0.347,0.7673,0.72
2025-08-26,300475,0.2713,0.4054,0.7682,0.72
2025-08-27,300475,0.2332,0.4369,0.7692,0.72
2025-08-28,300475,0.2298,0.4385,0.7709,0.72
2025-08-29,300475,0.2603,0.4326,0.7709,0.72
2025-09-01,300475,0.369,0.561,0.7719,0.72
2025-09-02,300475,0.2784,0.6273,0.7715,0.72
2025-09-03,300475,0.2564,0.6275,0.7705,0.72
2025-09-04,300475,0.1098,0.7337,0.7674,0.72
2025-09-05,300475,0.2379,0.7625,0.7678,0.72
2025-09-08,300475,0.4183,0.9533,0.7674,0.72
2025-09-09,300475,0.4474,0.9623,0.7672,0.72
2025-09-10,300475,0.4937,0.9486,0.7675,0.72
2025-09-11,300475,0.8349,1.1224,0.7714,0.72
2025-09-12,300475,1.048,1.1891,0.7743,0.72
2025-09-15,300475,1.0339,1.19,0.7768,0.72
2025-09-16,300475,1.0424,1.188,0.7806,0.72
2025-09-17,300475,1.1087,1.1833,0.7844,0.72
2025-09-18,300475,0.952,1.2145,0.7853,0.72
2025-09-19,300475,0.9612,1.2139,0.7852,0.72
2025-09-22,300475,1.1561,1.2577,0.7869,0.72
2025-09-23,300475,0.9181,1.2934,0.7894,0.72
2025-09-24,300475,1.0315,1.2664,0.794,0.72
2025-09-25,300475,0.9448,1.2963,0.7982,0.72
2025-09-26,300475,0.8498,1.3186,0.8016,0.72
2025-09-29,300475,0.7986,1.2987,0.8052,0.72
2025-09-30,300475,1.0803,1.2585,0.8108,0.72
2025-10-09,300475,1.2429,1.2587,0.8154,0.72
2025-10-10,300475,1.5408,1.1492,0.8174,0.72
2025-10-13,300475,1.1555,1.2363,0.8216,0.72
2025-10-14,300475,0.7501,1.1717,0.8246,0.72
2025-10-15,300475,0.6781,1.1671,0.8247,0.72
2025-10-16,300475,0.9492,1.2609,0.8269,0.72
2025-10-17,300475,0.5597,1.1297,0.8296,0.72
2025-10-20,300475,0.3036,1.0605,0.83,0.72
2025-10-21,300475,0.39,1.0932,0.8316,0.72
2025-10-22,300475,0.4338,1.09,0.8321,0.72
2025-10-23,300475,0.3565,1.0926,0.8302,0.72
2025-10-24,300475,0.6905,1.2477,0.8351,0.72
2025-10-27,300475,0.7251,1.2493,0.843,0.72
2025-10-28,300475,0.4643,1.2142,0.8481,0.72
2025-10-29,300475,0.5697,1.1852,0.8562,0.72
2025-10-30,300475,0.5137,1.1944,0.8656,0.72
2025-10-31,300475,0.6459,1.1609,0.8696,0.72
2025-11-03,300475,0.8463,1.1532,0.8717,0.72
2025-11-04,300475,0.7072,1.1437,0.8709,0.72
2025-11-05,300475,0.6262,1.1262,0.8691,0.72
2025-11-06,300475,0.633,1.1292,0.8665,0.72
2025-11-07,300475,0.684,1.1335,0.8649,0.72
2025-11-10,300475,1.1181,1.1316,0.8627,0.72
2025-11-11,300475,1.0045,1.1963,0.8645,0.72
2025-11-12,300475,1.1765,1.2162,0.8649,0.72
2025-11-13,300475,0.8447,1.1358,0.8698,0.72
2025-11-14,300475,0.7376,1.1984,0.8702,0.72
2025-11-17,300475,0.7775,1.1829,0.8718,0.72
2025-11-18,300475,0.5348,1.2027,0.8698,0.72
2025-11-19,300475,0.4998,1.2049,0.867,0.72
2025-11-20,300475,0.3731,1.272,0.857,0.72
2025-11-21,300475,-0.0088,1.1911,0.8491,0.72
2025-11-24,300475,-0.0504,1.1791,0.8396,0.72
2025-11-25,300475,0.0229,1.175,0.8341,0.72
2025-11-26,300475,0.0204,1.1746,0.8298,0.72
2025-11-27,300475,0.0377,1.1723,0.8265,0.72
2025-11-28,300475,0.0708,1.1876,0.8283,0.72
2025-12-01,300475,-0.0561,1.1638,0.831,0.72
2025-12-02,300475,-0.0916,1.1709,0.8338,0.72
2025-12-03,300475,-0.146,1.1676,0.8363,0.72
2025-12-04,300475,-0.2418,1.1206,0.8384,0.72
2025-12-05,300475,-0.2684,1.099,0.8381,0.72
2025-12-08,300475,-0.268,1.1002,0.8399,0.72
2025-12-09,300475,-0.1742,1.0577,0.8405,0.72
2025-12-10,300475,-0.2671,0.9722,0.8408,0.72
2025-12-11,300475,-0.2582,0.9735,0.8429,0.72
2025-12-12,300475,-0.1868,0.9242,0.8458,0.72
2025-12-15,300475,-0.219,0.941,0.8431,0.72
2025-12-16,300475,-0.199,0.9287,0.8403,0.72
2025-12-17,300475,-0.148,0.9669,0.8395,0.72
2025-12-18,300475,-0.0368,0.9105,0.8386,0.72
2025-12-19,300475,0.0537,0.7912,0.8362,0.72
2025-12-22,300475,0.0761,0.7948,0.8356,0.72
2025-12-23,300475,0.0426,0.7874,0.8359,0.72
2025-12-24,300475,0.1166,0.8431,0.8362,0.72
2025-12-25,300475,0.1398,0.8442,0.8355,0.72
2025-12-26,300475,0.123,0.8323,0.8367,0.72
2025-12-29,300475,0.1513,0.8168,0.8386,0.72
2025-12-30,300475,0.1516,0.8166,0.842,0.72
2025-12-31,300475,0.1397,0.8235,0.843,0.72
2026-01-05,300475,0.3346,0.9109,0.8475,0.72
2026-01-06,300475,0.3742,0.9181,0.8518,0.72
2026-01-07,300475,0.221,0.7699,0.857,0.72
2026-01-08,300475,0.1589,0.786,0.8599,0.72
2026-01-09,300475,0.1541,0.788,0.8637,0.72
2026-01-12,300475,0.2225,0.8087,0.8656,0.72
2026-01-13,300475,0.1675,0.8377,0.8687,0.72
2026-01-14,300475,0.2251,0.8028,0.8744,0.72
2026-01-15,300475,0.3232,0.7912,0.8846,0.72
2026-01-16,300475,0.3033,0.7793,0.9039,0.72
2026-01-19,300475,0.1721,0.8487,0.9191,0.72
2026-01-20,300475,0.2332,0.819,0.9375,0.72
2026-01-21,300475,0.1889,0.8215,0.9523,0.72
2026-01-22,300475,0.1829,0.8223,0.9626,0.72
2026-01-23,300475,0.0599,0.7748,0.9635,0.72
2026-01-26,300475,0.0709,0.7787,0.9652,0.72
2026-01-27,300475,0.0461,0.7656,0.9639,0.72
2026-01-28,300475,0.1216,0.7771,0.9642,0.72
2026-01-29,300475,0.1254,0.7747,0.9642,0.72
2026-01-30,300475,0.1679,0.7562,0.9644,0.72
2026-02-02,300475,-0.0937,0.7549,0.9602,0.72
2026-02-03,300475,-0.1017,0.7471,0.9561,0.72
2026-02-04,300475,-0.1743,0.7629,0.9485,0.72
2026-02-05,300475,-0.1723,0.7618,0.9402,0.72
2026-02-06,300475,-0.165,0.7601,0.9311,0.72
2026-02-09,300475,-0.1987,0.7236,0.9299,0.72
2026-02-10,300475,-0.1719,0.7074,0.9255,0.72
2026-02-11,300475,-0.1869,0.7119,0.9223,0.72
2026-02-12,300475,-0.2055,0.6937,0.925,0.72
2026-02-13,300475,-0.2304,0.6643,0.927,0.72
2026-02-24,300475,-0.1168,0.6515,0.9302,0.72
2026-02-25,300475,-0.1277,0.6523,0.9327,0.72
2026-02-26,300475,-0.0869,0.6674,0.9354,0.72
2026-02-27,300475,-0.0793,0.6681,0.9337,0.72
2026-03-02,300475,-0.0825,0.6696,0.9319,0.72
2026-03-03,300475,-0.1699,0.6921,0.9227,0.72
2026-03-04,300475,-0.157,0.7039,0.9253,0.72
2026-03-05,300475,-0.2095,0.6708,0.9334,0.72
2026-03-06,300475,-0.0837,0.8096,0.948,0.72
2026-03-09,300475,-0.0639,0.8129,0.9667,0.72
2026-03-10,300475,0.0956,0.6795,0.9892,0.72
2026-03-11,300475,0.0215,0.6789,1.0019,0.72
2026-03-12,300475,0.0566,0.6499,1.0057,0.72
2026-03-13,300475,0.0976,0.6363,1.0058,0.72
2026-03-16,300475,0.1605,0.6436,1.0128,0.72
2026-03-17,300475,0.0956,0.6635,1.0202,0.72
2026-03-18,300475,0.2384,0.7447,1.0349,0.72
2026-03-19,300475,0.216,0.7604,1.0484,0.72
2026-03-20,300475,0.1599,0.7719,1.0581,0.72
2026-03-23,300475,0.0378,0.8437,1.0539,0.72
2026-03-24,300475,-0.0116,0.8221,1.0525,0.72
2026-03-25,300475,0.0361,0.8272,1.0509,0.72
2026-03-26,300475,-0.007,0.8196,1.0495,0.72
2026-03-27,300475,-0.0337,0.8233,1.0493,0.72
2026-03-30,300475,-0.0536,0.835,1.0516,0.72
2026-03-31,300475,-0.0707,0.8542,1.0451,0.72
2026-04-01,300475,-0.0886,0.8442,1.0325,0.72
2026-04-02,300475,-0.0929,0.8453,1.0231,0.72
2026-04-03,300475,-0.2133,0.7105,1.0137,0.72
2026-04-07,300475,-0.2176,0.7078,1.0088,0.72
2026-04-08,300475,-0.0845,1.0252,1.0148,0.72
2026-04-09,300475,-0.0592,1.0198,1.0187,0.72
2026-04-10,300475,-0.0095,1.0193,1.029,0.72
2026-04-13,300475,-0.0101,1.0193,1.0442,0.72
2026-04-14,300475,-0.0082,1.0203,1.0678,0.72
2026-04-15,300475,0.0019,1.0158,1.0865,0.72
2026-04-16,300475,-0.0776,0.9417,1.1063,0.72
2026-04-17,300475,-0.0158,0.9272,1.116,0.72
2026-04-20,300475,0.0436,0.9264,1.1203,0.72
2026-04-21,300475,0.1232,0.8657,1.1162,0.72
2026-04-22,300475,0.1276,0.8656,1.1148,0.72
2026-04-23,300475,0.0536,0.873,1.1072,0.72
2026-04-24,300475,0.101,0.8789,1.1059,0.72
2026-04-27,300475,0.1879,0.8886,1.1045,0.72
2026-04-28,300475,0.2519,0.8629,1.0994,0.72
2026-04-29,300475,0.3877,0.785,1.0954,0.72
2026-04-30,300475,0.3642,0.7868,1.0957,0.72
2026-05-06,300475,0.5514,0.8453,1.1106,0.72
2026-05-07,300475,0.5513,0.8454,1.1224,0.72
2026-05-08,300475,0.4663,0.8771,1.1323,0.72
2026-05-11,300475,0.3066,0.6045,1.1479,0.72
2026-05-12,300475,0.2513,0.6387,1.1625,0.72
2026-05-13,300475,0.287,0.6548,1.1683,0.72
2026-05-14,300475,0.3193,0.6565,1.1762,0.72
2026-05-15,300475,0.2008,0.6858,1.1815,0.72
2026-05-18,300475,0.2626,0.6707,1.1866,0.72
2026-05-19,300475,0.2047,0.6853,1.1881,0.72
2026-05-20,300475,0.1715,0.69,1.1841,0.72
2026-05-21,300475,0.0839,0.7114,1.1767,0.72
2026-05-22,300475,0.1672,0.7271,1.1787,0.72
2026-05-25,300475,0.2619,0.7817,1.1752,0.72
2026-05-26,300475,0.2466,0.7922,1.1733,0.72
2026-05-27,300475,0.1894,0.7911,1.1734,0.72
2026-05-28,300475,0.0995,0.7812,1.181,0.72
2026-05-29,300475,0.0494,0.7994,1.1861,0.72
2026-06-01,300475,-0.0414,0.8412,1.1808,0.72
2026-06-02,300475,0.0025,0.8589,1.1793,0.72
2026-06-03,300475,-0.0906,0.7512,1.1783,0.72
2026-06-04,300475,-0.0223,0.7641,1.1842,0.72
2026-06-05,300475,-0.0504,0.7903,1.1788,0.72
2026-06-08,300475,-0.178,0.7842,1.1733,0.72
2026-06-09,300475,-0.0613,0.8424,1.1739,0.72
2026-06-10,300475,-0.0846,0.8243,1.1749,0.72
2026-06-11,300475,-0.0915,0.8207,1.1692,0.72
2026-06-12,300475,-0.0152,0.809,1.1748,0.72
2026-06-15,300475,0.0512,0.8663,1.192,0.72
2026-06-16,300475,0.0823,0.8582,1.2039,0.72
2026-06-17,300475,0.3161,1.0959,1.2217,0.72
2026-06-18,300475,0.4341,1.0733,1.2424,0.72
2026-06-22,300475,0.5336,1.1349,1.2687,0.72
2026-06-23,300475,0.3861,1.115,1.2853,0.72
2026-06-24,300475,0.4859,1.0878,1.3109,0.72
2026-06-25,300475,0.5893,1.0872,1.3477,0.72
2026-06-26,300475,0.6013,1.083,1.3861,0.72
2026-06-29,300475,0.6439,1.0655,1.4197,0.72
2026-06-30,300475,0.7958,1.0015,1.4549,0.72
2026-07-01,300475,0.7277,1.0026,1.4703,0.72
2026-07-02,300475,0.4804,1.1567,1.4498,0.72
2026-07-03,300475,0.4289,1.1545,1.4253,0.72
2026-07-06,300475,0.5419,1.1065,1.4078,0.72
2026-07-07,300475,0.5357,1.1109,1.3846,0.72
2026-07-08,300475,0.4087,1.0868,1.3622,0.72
2026-07-09,300475,0.5041,1.1215,1.3622,0.72
2026-07-10,300475,0.4879,1.1223,1.3491,0.72
2026-07-13,300475,0.1563,1.3694,1.3106,0.72
2026-07-14,300475,0.1303,1.3535,1.2883,0.72
2026-07-15,300475,0.0822,1.3656,1.2576,0.72
2026-07-16,300475,-0.1599,1.1856,1.218,0.72
2026-07-17,300475,-0.3167,1.2832,1.1727,0.72
2026-07-20,300475,-0.4659,1.2111,1.1408,0.72
2026-07-21,300475,-0.3756,1.3676,1.1116,0.72
2026-07-22,300475,-0.4246,1.3653,1.0928,0.72
2026-07-23,300475,-0.4675,1.3317,1.0762,0.72
2026-07-24,300475,-0.463,1.3329,1.0707,0.72
2026-07-27,300475,-0.4396,1.3459,1.0697,0.72
2026-07-28,300475,-0.509,1.3716,1.0493,0.72
2026-07-29,300475,-0.5189,1.3657,1.0371,0.72
2026-07-30,300475,-0.4624,1.3125,1.0269,0.72
2026-07-31,300475,-0.4481,1.3254,1.0234,0.72
2026-08-03,300475,-0.4941,1.3345,1.0119,0.72
2026-08-04,300475,-0.4178,1.3589,1.0145,0.72
2026-08-05,300475,-0.3797,1.3921,1.0216,0.72
2026-08-06,300475,-0.4304,1.3269,1.026,0.72
2026-08-07,300475,-0.4143,1.3409,1.0323,0.72
2026-08-10,300475,-0.2772,1.1674,1.044,0.72
2026-08-11,300475,-0.3154,1.1341,1.0522,0.72
2026-08-12,300475,-0.2592,1.1447,1.0562,0.72
2026-08-13,300475,-0.2358,1.1304,1.0569,0.72
2026-08-14,300475,-0.0751,0.9996,1.0559,0.72
2026-08-17,300475,0.1191,0.9307,1.0609,0.72
2026-08-18,300475,-0.0192,0.7608,1.0646,0.72
2026-08-19,300475,-0.0732,0.8323,1.0602,0.72
2026-08-20,300475,-0.036,0.8321,1.0601,0.72
2026-08-21,300475,-0.0216,0.8318,1.059,0.72
2026-08-24,300475,-0.0774,0.8334,1.0486,0.72
2026-08-25,300475,0.0437,0.7274,1.0401,0.72
2026-08-26,300475,0.0479,0.7264,1.0374,0.72
2026-08-27,300475,0.174,0.7671,1.0386,0.72
2025-06-09,301308,0.0,0.3162,0.7565,0.72
2025-06-10,301308,0.0,0.3162,0.7547,0.72
2025-06-11,301308,0.0,0.4694,0.7542,0.72
2025-06-12,301308,0.0,0.3335,0.7537,0.72
2025-06-13,301308,0.0,0.343,0.753,0.72
2025-06-16,301308,0.0,0.3143,0.7519,0.72
2025-06-17,301308,0.0,0.5623,0.7525,0.72
2025-06-18,301308,0.0,0.5781,0.7537,0.72
2025-06-19,301308,0.0,0.5517,0.755,0.72
2025-06-20,301308,0.0,0.5163,0.7564,0.72
2025-06-23,301308,0.0,0.488,0.7581,0.72
2025-06-24,301308,0.0,0.4632,0.7593,0.72
2025-06-25,301308,0.0,0.4416,0.7602,0.72
2025-06-26,301308,0.0,0.4247,0.7611,0.72
2025-06-27,301308,0.0,0.4149,0.7627,0.72
2025-06-30,301308,0.0,0.4079,0.7638,0.72
2025-07-01,301308,0.0,0.4239,0.7646,0.72
2025-07-02,301308,0.0,0.4281,0.7644,0.72
2025-07-03,301308,0.0,0.425,0.7646,0.72
2025-07-04,301308,0.0,0.4312,0.7638,0.72
2025-07-07,301308,0.118,0.4261,0.7628,0.72
2025-07-08,301308,0.1628,0.4113,0.762,0.72
2025-07-09,301308,0.1196,0.4216,0.7617,0.72
2025-07-10,301308,0.0997,0.4296,0.7615,0.72
2025-07-11,301308,0.1475,0.4112,0.7621,0.72
2025-07-14,301308,0.1381,0.4127,0.7627,0.72
2025-07-15,301308,0.0709,0.3412,0.7624,0.72
2025-07-16,301308,0.0369,0.2981,0.7622,0.72
2025-07-17,301308,0.0481,0.2943,0.7619,0.72
2025-07-18,301308,0.0171,0.3069,0.7607,0.72
2025-07-21,301308,0.0009,0.3013,0.7599,0.72
2025-07-22,301308,-0.0085,0.3003,0.7593,0.72
2025-07-23,301308,-0.0124,0.2989,0.759,0.72
2025-07-24,301308,0.0372,0.3498,0.7589,0.72
2025-07-25,301308,0.0268,0.342,0.7594,0.72
2025-07-28,301308,-0.0178,0.3289,0.7596,0.72
2025-07-29,301308,0.0706,0.3764,0.7604,0.72
2025-07-30,301308,0.0911,0.3649,0.7611,0.72
2025-07-31,301308,0.041,0.3571,0.7608,0.72
2025-08-01,301308,0.0509,0.3491,0.7604,0.72
2025-08-04,301308,0.0712,0.3436,0.7601,0.72
2025-08-05,301308,0.0643,0.3417,0.7592,0.72
2025-08-06,301308,0.0895,0.33,0.7589,0.72
2025-08-07,301308,0.1003,0.323,0.7594,0.72
2025-08-08,301308,0.0855,0.322,0.7592,0.72
2025-08-11,301308,0.1085,0.3245,0.7599,0.72
2025-08-12,301308,0.1145,0.3252,0.761,0.72
2025-08-13,301308,0.0756,0.3323,0.7618,0.72
2025-08-14,301308,0.0856,0.3322,0.7614,0.72
2025-08-15,301308,0.1278,0.3184,0.7625,0.72
2025-08-18,301308,0.1259,0.3189,0.7631,0.72
2025-08-19,301308,0.1167,0.3229,0.7635,0.72
2025-08-20,301308,0.1376,0.3298,0.7639,0.72
2025-08-21,301308,0.0851,0.2858,0.765,0.72
2025-08-22,301308,0.109,0.3086,0.7665,0.72
2025-08-25,301308,0.1269,0.3001,0.7673,0.72
2025-08-26,301308,0.0853,0.2324,0.7682,0.72
2025-08-27,301308,0.0792,0.2357,0.7692,0.72
2025-08-28,301308,0.106,0.2245,0.7709,0.72
2025-08-29,301308,0.0875,0.251,0.7709,0.72
2025-09-01,301308,0.1356,0.2977,0.7719,0.72
2025-09-02,301308,0.0568,0.3835,0.7715,0.72
2025-09-03,301308,0.0322,0.3926,0.7705,0.72
2025-09-04,301308,-0.0186,0.4437,0.7674,0.72
2025-09-05,301308,0.0584,0.5237,0.7678,0.72
2025-09-08,301308,0.0771,0.5342,0.7674,0.72
2025-09-09,301308,0.0216,0.5561,0.7672,0.72
2025-09-10,301308,0.0292,0.5534,0.7675,0.72
2025-09-11,301308,0.0811,0.5896,0.7714,0.72
2025-09-12,301308,0.2136,0.759,0.7743,0.72
2025-09-15,301308,0.2189,0.7583,0.7768,0.72
2025-09-16,301308,0.2753,0.7586,0.7806,0.72
2025-09-17,301308,0.2391,0.7599,0.7844,0.72
2025-09-18,301308,0.228,0.762,0.7853,0.72
2025-09-19,301308,0.3279,0.8552,0.7852,0.72
2025-09-22,301308,0.4593,0.9038,0.7869,0.72
2025-09-23,301308,0.4665,0.904,0.7894,0.72
2025-09-24,301308,0.5482,0.9008,0.794,0.72
2025-09-25,301308,0.4635,0.9333,0.7982,0.72
2025-09-26,301308,0.4821,0.925,0.8016,0.72
2025-09-29,301308,0.4863,0.9263,0.8052,0.72
2025-09-30,301308,0.9035,1.0704,0.8108,0.72
2025-10-09,301308,1.0335,1.0507,0.8154,0.72
2025-10-10,301308,1.0843,1.0256,0.8174,0.72
2025-10-13,301308,0.9646,1.0181,0.8216,0.72
2025-10-14,301308,0.7404,1.1005,0.8246,0.72
2025-10-15,301308,0.8302,1.0721,0.8247,0.72
2025-10-16,301308,0.9833,1.0678,0.8269,0.72
2025-10-17,301308,0.8331,1.0829,0.8296,0.72
2025-10-20,301308,0.622,1.0095,0.83,0.72
2025-10-21,301308,0.64,1.0069,0.8316,0.72
2025-10-22,301308,0.575,1.0127,0.8321,0.72
2025-10-23,301308,0.6634,1.0108,0.8302,0.72
2025-10-24,301308,0.9558,1.1163,0.8351,0.72
2025-10-27,301308,1.0874,1.221,0.843,0.72
2025-10-28,301308,0.8345,1.2253,0.8481,0.72
2025-10-29,301308,0.8968,1.2286,0.8562,0.72
2025-10-30,301308,0.8817,1.228,0.8656,0.72
2025-10-31,301308,0.8216,1.2589,0.8696,0.72
2025-11-03,301308,0.9856,1.2481,0.8717,0.72
2025-11-04,301308,0.7831,1.2883,0.8709,0.72
2025-11-05,301308,0.4574,1.1338,0.8691,0.72
2025-11-06,301308,0.446,1.1318,0.8665,0.72
2025-11-07,301308,0.5484,1.1143,0.8649,0.72
2025-11-10,301308,0.5561,1.1139,0.8627,0.72
2025-11-11,301308,0.8007,1.0472,0.8645,0.72
2025-11-12,301308,0.8338,1.0439,0.8649,0.72
2025-11-13,301308,0.8004,1.0365,0.8698,0.72
2025-11-14,301308,0.6397,1.1359,0.8702,0.72
2025-11-17,301308,0.6073,1.1425,0.8718,0.72
2025-11-18,301308,0.4926,1.1807,0.8698,0.72
2025-11-19,301308,0.4704,1.1865,0.867,0.72
2025-11-20,301308,0.3728,1.1893,0.857,0.72
2025-11-21,301308,0.0799,1.0999,0.8491,0.72
2025-11-24,301308,-0.0981,0.8332,0.8396,0.72
2025-11-25,301308,-0.0616,0.8267,0.8341,0.72
2025-11-26,301308,-0.0983,0.798,0.8298,0.72
2025-11-27,301308,-0.1557,0.7871,0.8265,0.72
2025-11-28,301308,-0.0466,0.7607,0.8283,0.72
2025-12-01,301308,-0.1076,0.716,0.831,0.72
2025-12-02,301308,-0.0699,0.6928,0.8338,0.72
2025-12-03,301308,-0.0664,0.6918,0.8363,0.72
2025-12-04,301308,-0.1123,0.6759,0.8384,0.72
2025-12-05,301308,-0.1445,0.6594,0.8381,0.72
2025-12-08,301308,-0.0391,0.852,0.8399,0.72
2025-12-09,301308,-0.1042,0.8194,0.8405,0.72
2025-12-10,301308,-0.1651,0.8209,0.8408,0.72
2025-12-11,301308,-0.2067,0.7907,0.8429,0.72
2025-12-12,301308,-0.088,0.7104,0.8458,0.72
2025-12-15,301308,-0.1525,0.7618,0.8431,0.72
2025-12-16,301308,-0.1134,0.7386,0.8403,0.72
2025-12-17,301308,-0.054,0.7569,0.8395,0.72
2025-12-18,301308,-0.0084,0.7617,0.8386,0.72
2025-12-19,301308,0.0181,0.7314,0.8362,0.72
2025-12-22,301308,0.0175,0.7314,0.8356,0.72
2025-12-23,301308,0.0049,0.7318,0.8359,0.72
2025-12-24,301308,0.0381,0.7521,0.8362,0.72
2025-12-25,301308,0.0677,0.7431,0.8355,0.72
2025-12-26,301308,0.0713,0.7456,0.8367,0.72
2025-12-29,301308,0.0394,0.7555,0.8386,0.72
2025-12-30,301308,0.0382,0.7559,0.842,0.72
2025-12-31,301308,0.0123,0.7682,0.843,0.72
2026-01-05,301308,0.1877,0.9431,0.8475,0.72
2026-01-06,301308,0.2088,0.942,0.8518,0.72
2026-01-07,301308,0.0733,0.7963,0.857,0.72
2026-01-08,301308,0.0502,0.8049,0.8599,0.72
2026-01-09,301308,0.0719,0.793,0.8637,0.72
2026-01-12,301308,0.102,0.7971,0.8656,0.72
2026-01-13,301308,0.0414,0.804,0.8687,0.72
2026-01-14,301308,0.1677,0.7439,0.8744,0.72
2026-01-15,301308,0.2969,0.7965,0.8846,0.72
2026-01-16,301308,0.4083,0.8994,0.9039,0.72
2026-01-19,301308,0.3017,0.9293,0.9191,0.72
2026-01-20,301308,0.4034,0.8905,0.9375,0.72
2026-01-21,301308,0.4212,0.8883,0.9523,0.72
2026-01-22,301308,0.493,0.8872,0.9626,0.72
2026-01-23,301308,0.4659,0.8809,0.9635,0.72
2026-01-26,301308,0.4141,0.9009,0.9652,0.72
2026-01-27,301308,0.3819,0.8954,0.9639,0.72
2026-01-28,301308,0.4356,0.8786,0.9642,0.72
2026-01-29,301308,0.41,0.8901,0.9642,0.72
2026-01-30,301308,0.3738,0.9151,0.9644,0.72
2026-02-02,301308,0.0582,0.8596,0.9602,0.72
2026-02-03,301308,0.0641,0.8607,0.9561,0.72
2026-02-04,301308,0.031,0.8613,0.9485,0.72
2026-02-05,301308,0.0312,0.8612,0.9402,0.72
2026-02-06,301308,0.0378,0.859,0.9311,0.72
2026-02-09,301308,0.0304,0.8566,0.9299,0.72
2026-02-10,301308,0.0431,0.8514,0.9255,0.72
2026-02-11,301308,-0.0021,0.8477,0.9223,0.72
2026-02-12,301308,-0.0605,0.7831,0.925,0.72
2026-02-13,301308,-0.1413,0.6164,0.927,0.72
2026-02-24,301308,-0.0828,0.6007,0.9302,0.72
2026-02-25,301308,-0.1297,0.6052,0.9327,0.72
2026-02-26,301308,-0.1354,0.6028,0.9354,0.72
2026-02-27,301308,-0.1943,0.5763,0.9337,0.72
2026-03-02,301308,-0.244,0.5562,0.9319,0.72
2026-03-03,301308,-0.2715,0.588,0.9227,0.72
2026-03-04,301308,-0.1809,0.8198,0.9253,0.72
2026-03-05,301308,-0.2023,0.8183,0.9334,0.72
2026-03-06,301308,-0.1476,0.8268,0.948,0.72
2026-03-09,301308,-0.0176,0.8509,0.9667,0.72
2026-03-10,301308,0.1128,0.7491,0.9892,0.72
2026-03-11,301308,0.0608,0.7559,1.0019,0.72
2026-03-12,301308,0.0565,0.7573,1.0057,0.72
2026-03-13,301308,0.1147,0.7487,1.0058,0.72
2026-03-16,301308,0.2049,0.7696,1.0128,0.72
2026-03-17,301308,0.1295,0.7911,1.0202,0.72
2026-03-18,301308,0.2468,0.8277,1.0349,0.72
2026-03-19,301308,0.2556,0.8251,1.0484,0.72
2026-03-20,301308,0.1282,0.8769,1.0581,0.72
2026-03-23,301308,0.0083,0.9129,1.0539,0.72
2026-03-24,301308,0.0488,0.9323,1.0525,0.72
2026-03-25,301308,0.1362,0.9314,1.0509,0.72
2026-03-26,301308,0.091,0.9427,1.0495,0.72
2026-03-27,301308,0.0975,0.9403,1.0493,0.72
2026-03-30,301308,0.1136,0.9344,1.0516,0.72
2026-03-31,301308,0.1305,0.92,1.0451,0.72
2026-04-01,301308,-0.0096,0.7547,1.0325,0.72
2026-04-02,301308,-0.0232,0.7608,1.0231,0.72
2026-04-03,301308,-0.067,0.752,1.0137,0.72
2026-04-07,301308,-0.0991,0.7093,1.0088,0.72
2026-04-08,301308,-0.0288,0.7816,1.0148,0.72
2026-04-09,301308,0.0028,0.7754,1.0187,0.72
2026-04-10,301308,0.0701,0.7896,1.029,0.72
2026-04-13,301308,0.0871,0.7965,1.0442,0.72
2026-04-14,301308,0.1004,0.8102,1.0678,0.72
2026-04-15,301308,0.1199,0.7988,1.0865,0.72
2026-04-16,301308,0.0356,0.7472,1.1063,0.72
2026-04-17,301308,0.0394,0.7466,1.116,0.72
2026-04-20,301308,0.1371,0.6893,1.1203,0.72
2026-04-21,301308,0.2286,0.6227,1.1162,0.72
2026-04-22,301308,0.1837,0.6,1.1148,0.72
2026-04-23,301308,0.0594,0.6369,1.1072,0.72
2026-04-24,301308,0.1417,0.6353,1.1059,0.72
2026-04-27,301308,0.2302,0.6465,1.1045,0.72
2026-04-28,301308,0.2124,0.6562,1.0994,0.72
2026-04-29,301308,0.3959,0.6569,1.0954,0.72
2026-04-30,301308,0.3422,0.6791,1.0957,0.72
2026-05-06,301308,0.6653,0.9189,1.1106,0.72
2026-05-07,301308,0.6949,0.9107,1.1224,0.72
2026-05-08,301308,0.6155,0.9174,1.1323,0.72
2026-05-11,301308,0.7207,1.0114,1.1479,0.72
2026-05-12,301308,0.7277,1.0102,1.1625,0.72
2026-05-13,301308,0.7952,1.0306,1.1683,0.72
2026-05-14,301308,0.6916,1.0467,1.1762,0.72
2026-05-15,301308,0.5493,1.0412,1.1815,0.72
2026-05-18,301308,0.5954,1.0278,1.1866,0.72
2026-05-19,301308,0.513,1.0595,1.1881,0.72
2026-05-20,301308,0.5439,1.0551,1.1841,0.72
2026-05-21,301308,0.4377,1.093,1.1767,0.72
2026-05-22,301308,0.4628,1.0908,1.1787,0.72
2026-05-25,301308,0.4787,1.0911,1.1752,0.72
2026-05-26,301308,0.506,1.0747,1.1733,0.72
2026-05-27,301308,0.4793,1.0723,1.1734,0.72
2026-05-28,301308,0.3938,1.0696,1.181,0.72
2026-05-29,301308,0.4455,1.0555,1.1861,0.72
2026-06-01,301308,0.2214,1.0862,1.1808,0.72
2026-06-02,301308,0.2983,1.075,1.1793,0.72
2026-06-03,301308,0.1086,0.8276,1.1783,0.72
2026-06-04,301308,0.1786,0.8552,1.1842,0.72
2026-06-05,301308,0.0856,0.9177,1.1788,0.72
2026-06-08,301308,-0.1271,0.7513,1.1733,0.72
2026-06-09,301308,-0.082,0.7864,1.1739,0.72
2026-06-10,301308,-0.1701,0.707,1.1749,0.72
2026-06-11,301308,-0.1391,0.7101,1.1692,0.72
2026-06-12,301308,-0.1266,0.7099,1.1748,0.72
2026-06-15,301308,-0.1049,0.7193,1.192,0.72
2026-06-16,301308,-0.0378,0.7034,1.2039,0.72
2026-06-17,301308,0.0021,0.732,1.2217,0.72
2026-06-18,301308,0.0739,0.6997,1.2424,0.72
2026-06-22,301308,0.1233,0.7319,1.2687,0.72
2026-06-23,301308,0.0558,0.7397,1.2853,0.72
2026-06-24,301308,0.1525,0.725,1.3109,0.72
2026-06-25,301308,0.2301,0.7829,1.3477,0.72
2026-06-26,301308,0.2424,0.7807,1.3861,0.72
2026-06-29,301308,0.314,0.8014,1.4197,0.72
2026-06-30,301308,0.3942,0.7332,1.4549,0.72
2026-07-01,301308,0.2855,0.7708,1.4703,0.72
2026-07-02,301308,0.1253,0.872,1.4498,0.72
2026-07-03,301308,0.0871,0.8482,1.4253,0.72
2026-07-06,301308,0.3111,0.8443,1.4078,0.72
2026-07-07,301308,0.2945,0.8604,1.3846,0.72
2026-07-08,301308,0.1517,0.8763,1.3622,0.72
2026-07-09,301308,0.2229,0.8814,1.3622,0.72
2026-07-10,301308,0.1414,0.9095,1.3491,0.72
2026-07-13,301308,0.0139,1.0035,1.3106,0.72
2026-07-14,301308,0.0175,1.0048,1.2883,0.72
2026-07-15,301308,-0.0967,1.0581,1.2576,0.72
2026-07-16,301308,-0.1891,1.0449,1.218,0.72
2026-07-17,301308,-0.3146,1.1487,1.1727,0.72
2026-07-20,301308,-0.389,1.1115,1.1408,0.72
2026-07-21,301308,-0.2922,1.2188,1.1116,0.72
2026-07-22,301308,-0.3734,1.2217,1.0928,0.72
2026-07-23,301308,-0.4451,1.1476,1.0762,0.72
2026-07-24,301308,-0.4555,1.1431,1.0707,0.72
2026-07-27,301308,-0.4829,1.1017,1.0697,0.72
2026-07-28,301308,-0.5311,1.1439,1.0493,0.72
2026-07-29,301308,-0.5064,1.148,1.0371,0.72
2026-07-30,301308,-0.4346,1.1351,1.0269,0.72
2026-07-31,301308,-0.4385,1.1307,1.0234,0.72
2026-08-03,301308,-0.5309,1.036,1.0119,0.72
2026-08-04,301308,-0.4648,1.0647,1.0145,0.72
2026-08-05,301308,-0.3843,1.1327,1.0216,0.72
2026-08-06,301308,-0.4091,1.1092,1.026,0.72
2026-08-07,301308,-0.3421,1.1374,1.0323,0.72
2026-08-10,301308,-0.2098,1.1196,1.044,0.72
2026-08-11,301308,-0.2247,1.1124,1.0522,0.72
2026-08-12,301308,-0.151,1.0681,1.0562,0.72
2026-08-13,301308,-0.1436,1.064,1.0569,0.72
2026-08-14,301308,0.0264,0.9303,1.0559,0.72
2026-08-17,301308,0.1136,0.9144,1.0609,0.72
2026-08-18,301308,-0.0229,0.8134,1.0646,0.72
2026-08-19,301308,-0.0244,0.8151,1.0602,0.72
2026-08-20,301308,0.0084,0.8061,1.0601,0.72
2026-08-21,301308,0.0288,0.8036,1.059,0.72
2026-08-24,301308,-0.0241,0.8178,1.0486,0.72
2026-08-25,301308,0.1202,0.6915,1.0401,0.72
2026-08-26,301308,0.1049,0.6952,1.0374,0.72
2026-08-27,301308,0.1401,0.718,1.0386,0.72
2025-06-09,688525,0.0,0.3162,0.7565,0.88
2025-06-10,688525,0.0,0.3162,0.7547,0.88
2025-06-11,688525,0.0,0.4454,0.7542,0.88
2025-06-12,688525,0.0,0.3173,0.7537,0.88
2025-06-13,688525,0.0,0.2659,0.753,0.88
2025-06-16,688525,0.0,0.3123,0.7519,0.88
2025-06-17,688525,0.0,0.4591,0.7525,0.88
2025-06-18,688525,0.0,0.4648,0.7537,0.88
2025-06-19,688525,0.0,0.4362,0.755,0.88
2025-06-20,688525,0.0,0.416,0.7564,0.88
2025-06-23,688525,0.0,0.418,0.7581,0.88
2025-06-24,688525,0.0,0.4001,0.7593,0.88
2025-06-25,688525,0.0,0.3886,0.7602,0.88
2025-06-26,688525,0.0,0.3813,0.7611,0.88
2025-06-27,688525,0.0,0.3772,0.7627,0.88
2025-06-30,688525,0.0,0.3648,0.7638,0.88
2025-07-01,688525,0.0,0.3525,0.7646,0.88
2025-07-02,688525,0.0,0.3604,0.7644,0.88
2025-07-03,688525,0.0,0.3497,0.7646,0.88
2025-07-04,688525,0.0,0.3507,0.7638,0.88
2025-07-07,688525,0.0374,0.343,0.7628,0.88
2025-07-08,688525,0.0927,0.316,0.762,0.88
2025-07-09,688525,0.0789,0.3193,0.7617,0.88
2025-07-10,688525,0.1033,0.3149,0.7615,0.88
2025-07-11,688525,0.146,0.3006,0.7621,0.88
2025-07-14,688525,0.1235,0.303,0.7627,0.88
2025-07-15,688525,0.0495,0.2792,0.7624,0.88
2025-07-16,688525,0.0072,0.2575,0.7622,0.88
2025-07-17,688525,0.0233,0.2562,0.7619,0.88
2025-07-18,688525,0.0096,0.2697,0.7607,0.88
2025-07-21,688525,-0.0065,0.252,0.7599,0.88
2025-07-22,688525,-0.032,0.2481,0.7593,0.88
2025-07-23,688525,-0.0513,0.2339,0.759,0.88
2025-07-24,688525,-0.0198,0.2432,0.7589,0.88
2025-07-25,688525,-0.0404,0.2231,0.7594,0.88
2025-07-28,688525,-0.0439,0.2233,0.7596,0.88
2025-07-29,688525,-0.0306,0.2351,0.7604,0.88
2025-07-30,688525,-0.014,0.2205,0.7611,0.88
2025-07-31,688525,-0.0413,0.2367,0.7608,0.88
2025-08-01,688525,-0.0227,0.2269,0.7604,0.88
2025-08-04,688525,-0.0135,0.2261,0.7601,0.88
2025-08-05,688525,-0.0393,0.2202,0.7592,0.88
2025-08-06,688525,-0.0114,0.2324,0.7589,0.88
2025-08-07,688525,-0.009,0.2342,0.7594,0.88
2025-08-08,688525,-0.0577,0.2536,0.7592,0.88
2025-08-11,688525,-0.0073,0.3083,0.7599,0.88
2025-08-12,688525,0.0193,0.297,0.761,0.88
2025-08-13,688525,0.0367,0.2956,0.7618,0.88
2025-08-14,688525,-0.0108,0.3282,0.7614,0.88
2025-08-15,688525,0.0496,0.3343,0.7625,0.88
2025-08-18,688525,0.0575,0.3385,0.7631,0.88
2025-08-19,688525,0.0633,0.3361,0.7635,0.88
2025-08-20,688525,0.0739,0.3368,0.7639,0.88
2025-08-21,688525,0.044,0.334,0.765,0.88
2025-08-22,688525,0.0917,0.3745,0.7665,0.88
2025-08-25,688525,0.0886,0.3756,0.7673,0.88
2025-08-26,688525,0.064,0.372,0.7682,0.88
2025-08-27,688525,0.084,0.3705,0.7692,0.88
2025-08-28,688525,0.1433,0.3621,0.7709,0.88
2025-08-29,688525,0.1103,0.3843,0.7709,0.88
2025-09-01,688525,0.1509,0.4017,0.7719,0.88
2025-09-02,688525,0.0939,0.4634,0.7715,0.88
2025-09-03,688525,0.0511,0.4671,0.7705,0.88
2025-09-04,688525,-0.0253,0.5153,0.7674,0.88
2025-09-05,688525,0.1392,0.6755,0.7678,0.88
2025-09-08,688525,0.0917,0.6592,0.7674,0.88
2025-09-09,688525,0.0347,0.6863,0.7672,0.88
2025-09-10,688525,0.0265,0.686,0.7675,0.88
2025-09-11,688525,0.1705,0.7429,0.7714,0.88
2025-09-12,688525,0.2143,0.7717,0.7743,0.88
2025-09-15,688525,0.1762,0.7745,0.7768,0.88
2025-09-16,688525,0.1909,0.7727,0.7806,0.88
2025-09-17,688525,0.1712,0.7748,0.7844,0.88
2025-09-18,688525,0.1566,0.7797,0.7853,0.88
2025-09-19,688525,0.1315,0.7677,0.7852,0.88
2025-09-22,688525,0.2051,0.7845,0.7869,0.88
2025-09-23,688525,0.2522,0.7877,0.7894,0.88
2025-09-24,688525,0.3196,0.8095,0.794,0.88
2025-09-25,688525,0.2464,0.8226,0.7982,0.88
2025-09-26,688525,0.2795,0.8101,0.8016,0.88
2025-09-29,688525,0.3037,0.8211,0.8052,0.88
2025-09-30,688525,0.5163,0.8175,0.8108,0.88
2025-10-09,688525,0.5825,0.8027,0.8154,0.88
2025-10-10,688525,0.5219,0.8605,0.8174,0.88
2025-10-13,688525,0.4363,0.7826,0.8216,0.88
2025-10-14,688525,0.4542,0.7805,0.8246,0.88
2025-10-15,688525,0.5277,0.7424,0.8247,0.88
2025-10-16,688525,0.6617,0.7718,0.8269,0.88
2025-10-17,688525,0.3939,0.8153,0.8296,0.88
2025-10-20,688525,0.2957,0.7928,0.83,0.88
2025-10-21,688525,0.3758,0.7964,0.8316,0.88
2025-10-22,688525,0.3269,0.8124,0.8321,0.88
2025-10-23,688525,0.3543,0.8084,0.8302,0.88
2025-10-24,688525,0.5315,0.8558,0.8351,0.88
2025-10-27,688525,0.5998,0.8741,0.843,0.88
2025-10-28,688525,0.4744,0.8841,0.8481,0.88
2025-10-29,688525,0.4903,0.8874,0.8562,0.88
2025-10-30,688525,0.457,0.8759,0.8656,0.88
2025-10-31,688525,0.4486,0.8802,0.8696,0.88
2025-11-03,688525,0.4914,0.8757,0.8717,0.88
2025-11-04,688525,0.2787,0.9512,0.8709,0.88
2025-11-05,688525,0.1979,0.9054,0.8691,0.88
2025-11-06,688525,0.1996,0.9057,0.8665,0.88
2025-11-07,688525,0.3079,0.821,0.8649,0.88
2025-11-10,688525,0.2422,0.7988,0.8627,0.88
2025-11-11,688525,0.221,0.8001,0.8645,0.88
2025-11-12,688525,0.208,0.803,0.8649,0.88
2025-11-13,688525,0.2575,0.8718,0.8698,0.88
2025-11-14,688525,0.2177,0.9178,0.8702,0.88
2025-11-17,688525,0.2761,0.9232,0.8718,0.88
2025-11-18,688525,0.1116,0.9762,0.8698,0.88
2025-11-19,688525,0.1097,0.977,0.867,0.88
2025-11-20,688525,0.0474,0.9921,0.857,0.88
2025-11-21,688525,-0.1299,0.9566,0.8491,0.88
2025-11-24,688525,-0.1858,0.9123,0.8396,0.88
2025-11-25,688525,-0.1567,0.9117,0.8341,0.88
2025-11-26,688525,-0.1953,0.8899,0.8298,0.88
2025-11-27,688525,-0.2429,0.8701,0.8265,0.88
2025-11-28,688525,-0.1678,0.9032,0.8283,0.88
2025-12-01,688525,-0.1648,0.905,0.831,0.88
2025-12-02,688525,-0.0694,0.8495,0.8338,0.88
2025-12-03,688525,-0.1018,0.8441,0.8363,0.88
2025-12-04,688525,-0.1469,0.8406,0.8384,0.88
2025-12-05,688525,-0.144,0.8403,0.8381,0.88
2025-12-08,688525,-0.0793,0.9037,0.8399,0.88
2025-12-09,688525,-0.096,0.9056,0.8405,0.88
2025-12-10,688525,-0.1019,0.9067,0.8408,0.88
2025-12-11,688525,-0.1916,0.7593,0.8429,0.88
2025-12-12,688525,-0.0821,0.6633,0.8458,0.88
2025-12-15,688525,-0.1749,0.668,0.8431,0.88
2025-12-16,688525,-0.121,0.6085,0.8403,0.88
2025-12-17,688525,-0.0564,0.6221,0.8395,0.88
2025-12-18,688525,-0.0001,0.6058,0.8386,0.88
2025-12-19,688525,0.0555,0.5393,0.8362,0.88
2025-12-22,688525,0.0347,0.5433,0.8356,0.88
2025-12-23,688525,0.0262,0.5428,0.8359,0.88
2025-12-24,688525,0.0674,0.5584,0.8362,0.88
2025-12-25,688525,0.0757,0.5547,0.8355,0.88
2025-12-26,688525,0.0372,0.5186,0.8367,0.88
2025-12-29,688525,0.0105,0.5091,0.8386,0.88
2025-12-30,688525,0.039,0.5264,0.842,0.88
2025-12-31,688525,0.023,0.5342,0.843,0.88
2026-01-05,688525,0.1364,0.5921,0.8475,0.88
2026-01-06,688525,0.166,0.5886,0.8518,0.88
2026-01-07,688525,0.0972,0.5121,0.857,0.88
2026-01-08,688525,0.0975,0.5119,0.8599,0.88
2026-01-09,688525,0.1143,0.5058,0.8637,0.88
2026-01-12,688525,0.1245,0.5101,0.8656,0.88
2026-01-13,688525,0.1607,0.5266,0.8687,0.88
2026-01-14,688525,0.3325,0.5156,0.8744,0.88
2026-01-15,688525,0.4719,0.5355,0.8846,0.88
2026-01-16,688525,0.6579,0.7577,0.9039,0.88
2026-01-19,688525,0.5568,0.8011,0.9191,0.88
2026-01-20,688525,0.7417,0.8052,0.9375,0.88
2026-01-21,688525,0.7689,0.7958,0.9523,0.88
2026-01-22,688525,0.7447,0.8039,0.9626,0.88
2026-01-23,688525,0.667,0.8131,0.9635,0.88
2026-01-26,688525,0.635,0.8279,0.9652,0.88
2026-01-27,688525,0.6484,0.828,0.9639,0.88
2026-01-28,688525,0.689,0.8232,0.9642,0.88
2026-01-29,688525,0.5932,0.8381,0.9642,0.88
2026-01-30,688525,0.6327,0.8229,0.9644,0.88
2026-02-02,688525,0.3536,0.9141,0.9602,0.88
2026-02-03,688525,0.3837,0.9169,0.9561,0.88
2026-02-04,688525,0.3069,0.9334,0.9485,0.88
2026-02-05,688525,0.2874,0.9418,0.9402,0.88
2026-02-06,688525,0.2695,0.9464,0.9311,0.88
2026-02-09,688525,0.2658,0.9458,0.9299,0.88
2026-02-10,688525,0.1896,0.9458,0.9255,0.88
2026-02-11,688525,0.0899,0.9144,0.9223,0.88
2026-02-12,688525,0.089,0.9135,0.925,0.88
2026-02-13,688525,-0.0984,0.6784,0.927,0.88
2026-02-24,688525,-0.0073,0.6831,0.9302,0.88
2026-02-25,688525,-0.1153,0.6121,0.9327,0.88
2026-02-26,688525,-0.1227,0.6118,0.9354,0.88
2026-02-27,688525,-0.1173,0.6112,0.9337,0.88
2026-03-02,688525,-0.1394,0.6184,0.9319,0.88
2026-03-03,688525,-0.1882,0.6751,0.9227,0.88
2026-03-04,688525,-0.0554,0.9969,0.9253,0.88
2026-03-05,688525,0.0008,1.042,0.9334,0.88
2026-03-06,688525,0.1154,1.0868,0.948,0.88
2026-03-09,688525,0.157,1.0903,0.9667,0.88
2026-03-10,688525,0.2734,1.011,0.9892,0.88
2026-03-11,688525,0.2295,1.0081,1.0019,0.88
2026-03-12,688525,0.2041,1.0221,1.0057,0.88
2026-03-13,688525,0.2885,1.0108,1.0058,0.88
2026-03-16,688525,0.4853,1.0866,1.0128,0.88
2026-03-17,688525,0.4366,1.0916,1.0202,0.88
2026-03-18,688525,0.6037,1.1113,1.0349,0.88
2026-03-19,688525,0.5301,1.1431,1.0484,0.88
2026-03-20,688525,0.3977,1.1352,1.0581,0.88
2026-03-23,688525,0.3566,1.1557,1.0539,0.88
2026-03-24,688525,0.3309,1.1507,1.0525,0.88
2026-03-25,688525,0.5046,1.167,1.0509,0.88
2026-03-26,688525,0.4314,1.1963,1.0495,0.88
2026-03-27,688525,0.4384,1.1949,1.0493,0.88
2026-03-30,688525,0.446,1.1921,1.0516,0.88
2026-03-31,688525,0.4461,1.192,1.0451,0.88
2026-04-01,688525,0.2253,0.9885,1.0325,0.88
2026-04-02,688525,0.101,0.9529,1.0231,0.88
2026-04-03,688525,0.0046,0.8968,1.0137,0.88
2026-04-07,688525,0.0036,0.8962,1.0088,0.88
2026-04-08,688525,0.0746,0.9146,1.0148,0.88
2026-04-09,688525,0.063,0.916,1.0187,0.88
2026-04-10,688525,0.1908,0.9113,1.029,0.88
2026-04-13,688525,0.2203,0.9244,1.0442,0.88
2026-04-14,688525,0.2122,0.9117,1.0678,0.88
2026-04-15,688525,0.2107,0.912,1.0865,0.88
2026-04-16,688525,0.1113,0.8574,1.1063,0.88
2026-04-17,688525,0.1131,0.8559,1.116,0.88
2026-04-20,688525,0.1249,0.8528,1.1203,0.88
2026-04-21,688525,0.2267,0.8193,1.1162,0.88
2026-04-22,688525,0.214,0.8172,1.1148,0.88
2026-04-23,688525,0.0433,0.7911,1.1072,0.88
2026-04-24,688525,0.1153,0.7589,1.1059,0.88
2026-04-27,688525,0.1102,0.7598,1.1045,0.88
2026-04-28,688525,0.1243,0.7539,1.0994,0.88
2026-04-29,688525,0.2692,0.6729,1.0954,0.88
2026-04-30,688525,0.2297,0.6796,1.0957,0.88
2026-05-06,688525,0.4762,0.8773,1.1106,0.88
2026-05-07,688525,0.4263,0.8971,1.1224,0.88
2026-05-08,688525,0.3362,0.9127,1.1323,0.88
2026-05-11,688525,0.3748,0.9365,1.1479,0.88
2026-05-12,688525,0.3583,0.942,1.1625,0.88
2026-05-13,688525,0.3605,0.943,1.1683,0.88
2026-05-14,688525,0.264,0.936,1.1762,0.88
2026-05-15,688525,0.0632,0.8632,1.1815,0.88
2026-05-18,688525,0.1602,0.9025,1.1866,0.88
2026-05-19,688525,0.0929,0.9291,1.1881,0.88
2026-05-20,688525,0.1698,0.8997,1.1841,0.88
2026-05-21,688525,0.1203,0.9219,1.1767,0.88
2026-05-22,688525,0.1316,0.9256,1.1787,0.88
2026-05-25,688525,0.1416,0.9275,1.1752,0.88
2026-05-26,688525,0.1645,0.9117,1.1733,0.88
2026-05-27,688525,0.1896,0.9147,1.1734,0.88
2026-05-28,688525,0.223,0.9131,1.181,0.88
2026-05-29,688525,0.2555,0.9079,1.1861,0.88
2026-06-01,688525,0.1339,0.9488,1.1808,0.88
2026-06-02,688525,0.1447,0.9464,1.1793,0.88
2026-06-03,688525,0.0093,0.7296,1.1783,0.88
2026-06-04,688525,0.1384,0.7745,1.1842,0.88
2026-06-05,688525,0.0708,0.8368,1.1788,0.88
2026-06-08,688525,-0.0862,0.8203,1.1733,0.88
2026-06-09,688525,-0.0124,0.8446,1.1739,0.88
2026-06-10,688525,-0.035,0.8251,1.1749,0.88
2026-06-11,688525,0.0028,0.827,1.1692,0.88
2026-06-12,688525,0.0706,0.8024,1.1748,0.88
2026-06-15,688525,0.0268,0.7612,1.192,0.88
2026-06-16,688525,0.087,0.7324,1.2039,0.88
2026-06-17,688525,0.1695,0.7871,1.2217,0.88
2026-06-18,688525,0.284,0.7648,1.2424,0.88
2026-06-22,688525,0.3021,0.7725,1.2687,0.88
2026-06-23,688525,0.215,0.7953,1.2853,0.88
2026-06-24,688525,0.356,0.7976,1.3109,0.88
2026-06-25,688525,0.5162,0.9299,1.3477,0.88
2026-06-26,688525,0.5493,0.9326,1.3861,0.88
2026-06-29,688525,0.5497,0.9326,1.4197,0.88
2026-06-30,688525,0.6232,0.8871,1.4549,0.88
2026-07-01,688525,0.5273,0.9372,1.4703,0.88
2026-07-02,688525,0.3347,1.025,1.4498,0.88
2026-07-03,688525,0.2545,0.9913,1.4253,0.88
2026-07-06,688525,0.4631,0.9287,1.4078,0.88
2026-07-07,688525,0.4742,0.9196,1.3846,0.88
2026-07-08,688525,0.2994,0.9601,1.3622,0.88
2026-07-09,688525,0.3223,0.9682,1.3622,0.88
2026-07-10,688525,0.1989,1.0166,1.3491,0.88
2026-07-13,688525,0.036,1.1264,1.3106,0.88
2026-07-14,688525,0.0548,1.1355,1.2883,0.88
2026-07-15,688525,-0.106,1.2621,1.2576,0.88
2026-07-16,688525,-0.1885,1.2179,1.218,0.88
2026-07-17,688525,-0.3453,1.3112,1.1727,0.88
2026-07-20,688525,-0.3995,1.2862,1.1408,0.88
2026-07-21,688525,-0.3043,1.3657,1.1116,0.88
2026-07-22,688525,-0.4046,1.3481,1.0928,0.88
2026-07-23,688525,-0.4786,1.191,1.0762,0.88
2026-07-24,688525,-0.5282,1.1629,1.0707,0.88
2026-07-27,688525,-0.5244,1.1676,1.0697,0.88
2026-07-28,688525,-0.5759,1.2149,1.0493,0.88
2026-07-29,688525,-0.5424,1.223,1.0371,0.88
2026-07-30,688525,-0.4751,1.2274,1.0269,0.88
2026-07-31,688525,-0.4719,1.2309,1.0234,0.88
2026-08-03,688525,-0.5452,1.1974,1.0119,0.88
2026-08-04,688525,-0.4882,1.2306,1.0145,0.88
2026-08-05,688525,-0.4118,1.2721,1.0216,0.88
2026-08-06,688525,-0.4439,1.2402,1.026,0.88
2026-08-07,688525,-0.3697,1.256,1.0323,0.88
2026-08-10,688525,-0.2872,1.1919,1.044,0.88
2026-08-11,688525,-0.3246,1.1652,1.0522,0.88
2026-08-12,688525,-0.1955,1.056,1.0562,0.88
2026-08-13,688525,-0.2173,1.0618,1.0569,0.88
2026-08-14,688525,-0.0429,0.915,1.0559,0.88
2026-08-17,688525,0.0524,0.9304,1.0609,0.88
2026-08-18,688525,-0.0657,0.8433,1.0646,0.88
2026-08-19,688525,-0.0668,0.8447,1.0602,0.88
2026-08-20,688525,-0.0629,0.8455,1.0601,0.88
2026-08-21,688525,0.0109,0.8234,1.059,0.88
2026-08-24,688525,-0.0644,0.8449,1.0486,0.88
2026-08-25,688525,0.0858,0.6982,1.0401,0.88
2026-08-26,688525,0.0541,0.7033,1.0374,0.88
2026-08-27,688525,0.0846,0.7298,1.0386,0.88
2025-06-09,688008,0.0,0.3162,0.7565,0.72
2025-06-10,688008,0.0,0.3162,0.7547,0.72
2025-06-11,688008,0.0,0.3108,0.7542,0.72
2025-06-12,688008,0.0,0.2203,0.7537,0.72
2025-06-13,688008,0.0,0.2282,0.753,0.72
2025-06-16,688008,0.0,0.2507,0.7519,0.72
2025-06-17,688008,0.0,0.24,0.7525,0.72
2025-06-18,688008,0.0,0.2453,0.7537,0.72
2025-06-19,688008,0.0,0.2423,0.755,0.72
2025-06-20,688008,0.0,0.2298,0.7564,0.72
2025-06-23,688008,0.0,0.298,0.7581,0.72
2025-06-24,688008,0.0,0.2992,0.7593,0.72
2025-06-25,688008,0.0,0.3113,0.7602,0.72
2025-06-26,688008,0.0,0.3008,0.7611,0.72
2025-06-27,688008,0.0,0.291,0.7627,0.72
2025-06-30,688008,0.0,0.3004,0.7638,0.72
2025-07-01,688008,0.0,0.2903,0.7646,0.72
2025-07-02,688008,0.0,0.2914,0.7644,0.72
2025-07-03,688008,0.0,0.3014,0.7646,0.72
2025-07-04,688008,0.0,0.2942,0.7638,0.72
2025-07-07,688008,-0.0436,0.2915,0.7628,0.72
2025-07-08,688008,0.0134,0.3036,0.762,0.72
2025-07-09,688008,-0.0128,0.315,0.7617,0.72
2025-07-10,688008,-0.0057,0.3133,0.7615,0.72
2025-07-11,688008,0.0514,0.3094,0.7621,0.72
2025-07-14,688008,0.0401,0.3098,0.7627,0.72
2025-07-15,688008,0.0701,0.3268,0.7624,0.72
2025-07-16,688008,0.0551,0.3269,0.7622,0.72
2025-07-17,688008,0.0616,0.3293,0.7619,0.72
2025-07-18,688008,0.0505,0.3313,0.7607,0.72
2025-07-21,688008,0.0762,0.2964,0.7599,0.72
2025-07-22,688008,0.0544,0.2966,0.7593,0.72
2025-07-23,688008,0.0342,0.2878,0.759,0.72
2025-07-24,688008,0.049,0.283,0.7589,0.72
2025-07-25,688008,0.0559,0.2846,0.7594,0.72
2025-07-28,688008,0.0488,0.2791,0.7596,0.72
2025-07-29,688008,0.0614,0.2809,0.7604,0.72
2025-07-30,688008,0.0872,0.2657,0.7611,0.72
2025-07-31,688008,0.0333,0.2729,0.7608,0.72
2025-08-01,688008,0.007,0.2985,0.7604,0.72
2025-08-04,688008,0.0489,0.3024,0.7601,0.72
2025-08-05,688008,0.0275,0.2828,0.7592,0.72
2025-08-06,688008,0.1236,0.354,0.7589,0.72
2025-08-07,688008,0.1513,0.3571,0.7594,0.72
2025-08-08,688008,0.101,0.3588,0.7592,0.72
2025-08-11,688008,0.0989,0.3595,0.7599,0.72
2025-08-12,688008,0.0574,0.3479,0.761,0.72
2025-08-13,688008,0.0615,0.3471,0.7618,0.72
2025-08-14,688008,0.0312,0.3487,0.7614,0.72
2025-08-15,688008,0.0863,0.38,0.7625,0.72
2025-08-18,688008,0.0938,0.3748,0.7631,0.72
2025-08-19,688008,0.0759,0.3859,0.7635,0.72
2025-08-20,688008,0.1126,0.4027,0.7639,0.72
2025-08-21,688008,0.0903,0.4113,0.765,0.72
2025-08-22,688008,0.1727,0.5052,0.7665,0.72
2025-08-25,688008,0.1875,0.5098,0.7673,0.72
2025-08-26,688008,0.1921,0.5103,0.7682,0.72
2025-08-27,688008,0.2423,0.5244,0.7692,0.72
2025-08-28,688008,0.3847,0.5684,0.7709,0.72
2025-08-29,688008,0.4989,0.5446,0.7709,0.72
2025-09-01,688008,0.4793,0.5456,0.7719,0.72
2025-09-02,688008,0.3575,0.6346,0.7715,0.72
2025-09-03,688008,0.2385,0.6195,0.7705,0.72
2025-09-04,688008,0.1071,0.707,0.7674,0.72
2025-09-05,688008,0.1878,0.7211,0.7678,0.72
2025-09-08,688008,0.205,0.7189,0.7674,0.72
2025-09-09,688008,0.1986,0.7208,0.7672,0.72
2025-09-10,688008,0.2674,0.7385,0.7675,0.72
2025-09-11,688008,0.3221,0.7337,0.7714,0.72
2025-09-12,688008,0.2727,0.725,0.7743,0.72
2025-09-15,688008,0.279,0.7229,0.7768,0.72
2025-09-16,688008,0.3469,0.7113,0.7806,0.72
2025-09-17,688008,0.2845,0.7133,0.7844,0.72
2025-09-18,688008,0.3072,0.7057,0.7853,0.72
2025-09-19,688008,0.218,0.6512,0.7852,0.72
2025-09-22,688008,0.2299,0.6559,0.7869,0.72
2025-09-23,688008,0.2205,0.6557,0.7894,0.72
2025-09-24,688008,0.257,0.6856,0.794,0.72
2025-09-25,688008,0.1634,0.628,0.7982,0.72
2025-09-26,688008,0.0834,0.6224,0.8016,0.72
2025-09-29,688008,0.1572,0.6764,0.8052,0.72
2025-09-30,688008,0.3432,0.6508,0.8108,0.72
2025-10-09,688008,0.3985,0.6328,0.8154,0.72
2025-10-10,688008,0.4616,0.5558,0.8174,0.72
2025-10-13,688008,0.3676,0.5519,0.8216,0.72
2025-10-14,688008,0.3464,0.5576,0.8246,0.72
2025-10-15,688008,0.3409,0.5605,0.8247,0.72
2025-10-16,688008,0.2687,0.5402,0.8269,0.72
2025-10-17,688008,0.1763,0.5738,0.8296,0.72
2025-10-20,688008,0.1441,0.5833,0.83,0.72
2025-10-21,688008,0.1873,0.5846,0.8316,0.72
2025-10-22,688008,0.1341,0.5874,0.8321,0.72
2025-10-23,688008,0.1477,0.584,0.8302,0.72
2025-10-24,688008,0.23,0.624,0.8351,0.72
2025-10-27,688008,0.2551,0.6292,0.843,0.72
2025-10-28,688008,0.1946,0.6259,0.8481,0.72
2025-10-29,688008,0.2162,0.6286,0.8562,0.72
2025-10-30,688008,0.1208,0.5822,0.8656,0.72
2025-10-31,688008,-0.0007,0.7001,0.8696,0.72
2025-11-03,688008,0.0017,0.6989,0.8717,0.72
2025-11-04,688008,-0.0935,0.6387,0.8709,0.72
2025-11-05,688008,-0.1666,0.5609,0.8691,0.72
2025-11-06,688008,-0.157,0.5687,0.8665,0.72
2025-11-07,688008,-0.1323,0.5532,0.8649,0.72
2025-11-10,688008,-0.136,0.5541,0.8627,0.72
2025-11-11,688008,-0.1343,0.5541,0.8645,0.72
2025-11-12,688008,-0.1366,0.5548,0.8649,0.72
2025-11-13,688008,-0.1153,0.5658,0.8698,0.72
2025-11-14,688008,-0.121,0.572,0.8702,0.72
2025-11-17,688008,-0.1022,0.5696,0.8718,0.72
2025-11-18,688008,-0.1293,0.5561,0.8698,0.72
2025-11-19,688008,-0.1247,0.555,0.867,0.72
2025-11-20,688008,-0.1353,0.5548,0.857,0.72
2025-11-21,688008,-0.2207,0.4818,0.8491,0.72
2025-11-24,688008,-0.2464,0.4532,0.8396,0.72
2025-11-25,688008,-0.222,0.4695,0.8341,0.72
2025-11-26,688008,-0.2367,0.4533,0.8298,0.72
2025-11-27,688008,-0.2282,0.4564,0.8265,0.72
2025-11-28,688008,-0.131,0.3115,0.8283,0.72
2025-12-01,688008,-0.0955,0.3155,0.831,0.72
2025-12-02,688008,-0.0918,0.3128,0.8338,0.72
2025-12-03,688008,-0.0841,0.3127,0.8363,0.72
2025-12-04,688008,-0.0956,0.2991,0.8384,0.72
2025-12-05,688008,-0.0837,0.2957,0.8381,0.72
2025-12-08,688008,-0.0368,0.3183,0.8399,0.72
2025-12-09,688008,-0.0319,0.318,0.8405,0.72
2025-12-10,688008,-0.0335,0.3193,0.8408,0.72
2025-12-11,688008,-0.066,0.3044,0.8429,0.72
2025-12-12,688008,-0.0064,0.2465,0.8458,0.72
2025-12-15,688008,-0.0502,0.2907,0.8431,0.72
2025-12-16,688008,-0.0608,0.2934,0.8403,0.72
2025-12-17,688008,-0.0176,0.3171,0.8395,0.72
2025-12-18,688008,-0.0106,0.3149,0.8386,0.72
2025-12-19,688008,0.0324,0.2878,0.8362,0.72
2025-12-22,688008,0.0573,0.2983,0.8356,0.72
2025-12-23,688008,0.0406,0.2908,0.8359,0.72
2025-12-24,688008,0.0402,0.2907,0.8362,0.72
2025-12-25,688008,0.0333,0.2915,0.8355,0.72
2025-12-26,688008,0.0202,0.2907,0.8367,0.72
2025-12-29,688008,-0.0111,0.2898,0.8386,0.72
2025-12-30,688008,0.0149,0.2822,0.842,0.72
2025-12-31,688008,-0.0025,0.2897,0.843,0.72
2026-01-05,688008,0.0675,0.4155,0.8475,0.72
2026-01-06,688008,0.1202,0.4395,0.8518,0.72
2026-01-07,688008,0.1026,0.4302,0.857,0.72
2026-01-08,688008,0.0732,0.4447,0.8599,0.72
2026-01-09,688008,0.0988,0.4349,0.8637,0.72
2026-01-12,688008,0.108,0.4323,0.8656,0.72
2026-01-13,688008,0.0758,0.4419,0.8687,0.72
2026-01-14,688008,0.1508,0.4085,0.8744,0.72
2026-01-15,688008,0.1911,0.4033,0.8846,0.72
2026-01-16,688008,0.2163,0.4271,0.9039,0.72
2026-01-19,688008,0.1901,0.4432,0.9191,0.72
2026-01-20,688008,0.2169,0.4489,0.9375,0.72
2026-01-21,688008,0.3301,0.5913,0.9523,0.72
2026-01-22,688008,0.3888,0.6022,0.9626,0.72
2026-01-23,688008,0.3148,0.6431,0.9635,0.72
2026-01-26,688008,0.3541,0.6403,0.9652,0.72
2026-01-27,688008,0.3995,0.6378,0.9639,0.72
2026-01-28,688008,0.456,0.6267,0.9642,0.72
2026-01-29,688008,0.3537,0.6926,0.9642,0.72
2026-01-30,688008,0.5455,0.7734,0.9644,0.72
2026-02-02,688008,0.394,0.753,0.9602,0.72
2026-02-03,688008,0.3644,0.7464,0.9561,0.72
2026-02-04,688008,0.2601,0.7956,0.9485,0.72
2026-02-05,688008,0.2739,0.7896,0.9402,0.72
2026-02-06,688008,0.2361,0.8019,0.9311,0.72
2026-02-09,688008,0.3125,0.8185,0.9299,0.72
2026-02-10,688008,0.3718,0.8079,0.9255,0.72
2026-02-11,688008,0.2836,0.8348,0.9223,0.72
2026-02-12,688008,0.2441,0.8387,0.925,0.72
2026-02-13,688008,0.1548,0.8309,0.927,0.72
2026-02-24,688008,0.2578,0.8403,0.9302,0.72
2026-02-25,688008,0.1735,0.8574,0.9327,0.72
2026-02-26,688008,0.0319,0.7565,0.9354,0.72
2026-02-27,688008,-0.026,0.7371,0.9337,0.72
2026-03-02,688008,-0.0036,0.7228,0.9319,0.72
2026-03-03,688008,-0.0991,0.7608,0.9227,0.72
2026-03-04,688008,-0.111,0.7543,0.9253,0.72
2026-03-05,688008,-0.1193,0.75,0.9334,0.72
2026-03-06,688008,-0.0653,0.7175,0.948,0.72
2026-03-09,688008,-0.1855,0.5516,0.9667,0.72
2026-03-10,688008,-0.1405,0.569,0.9892,0.72
2026-03-11,688008,-0.1774,0.5597,1.0019,0.72
2026-03-12,688008,-0.1352,0.5255,1.0057,0.72
2026-03-13,688008,-0.1291,0.5244,1.0058,0.72
2026-03-16,688008,-0.0677,0.5437,1.0128,0.72
2026-03-17,688008,-0.1552,0.5027,1.0202,0.72
2026-03-18,688008,-0.1348,0.5298,1.0349,0.72
2026-03-19,688008,-0.1193,0.5177,1.0484,0.72
2026-03-20,688008,-0.1384,0.5257,1.0581,0.72
2026-03-23,688008,-0.1693,0.5521,1.0539,0.72
2026-03-24,688008,-0.2126,0.4916,1.0525,0.72
2026-03-25,688008,-0.1538,0.5031,1.0509,0.72
2026-03-26,688008,-0.1708,0.5119,1.0495,0.72
2026-03-27,688008,-0.1744,0.5122,1.0493,0.72
2026-03-30,688008,-0.1725,0.5114,1.0516,0.72
2026-03-31,688008,-0.1533,0.4808,1.0451,0.72
2026-04-01,688008,-0.1357,0.5003,1.0325,0.72
2026-04-02,688008,-0.1552,0.4934,1.0231,0.72
2026-04-03,688008,-0.161,0.4937,1.0137,0.72
2026-04-07,688008,-0.1372,0.4928,1.0088,0.72
2026-04-08,688008,-0.0902,0.5836,1.0148,0.72
2026-04-09,688008,-0.0711,0.5804,1.0187,0.72
2026-04-10,688008,-0.0293,0.5915,1.029,0.72
2026-04-13,688008,0.0397,0.6296,1.0442,0.72
2026-04-14,688008,0.0057,0.6136,1.0678,0.72
2026-04-15,688008,0.004,0.615,1.0865,0.72
2026-04-16,688008,-0.0171,0.5974,1.1063,0.72
2026-04-17,688008,0.0074,0.5899,1.116,0.72
2026-04-20,688008,0.0675,0.5826,1.1203,0.72
2026-04-21,688008,0.1583,0.5416,1.1162,0.72
2026-04-22,688008,0.1879,0.5478,1.1148,0.72
2026-04-23,688008,0.125,0.5515,1.1072,0.72
2026-04-24,688008,0.1941,0.5318,1.1059,0.72
2026-04-27,688008,0.3191,0.5941,1.1045,0.72
2026-04-28,688008,0.3162,0.5959,1.0994,0.72
2026-04-29,688008,0.3573,0.5612,1.0954,0.72
2026-04-30,688008,0.3344,0.5558,1.0957,0.72
2026-05-06,688008,0.5441,0.7214,1.1106,0.72
2026-05-07,688008,0.6514,0.7165,1.1224,0.72
2026-05-08,688008,0.646,0.7179,1.1323,0.72
2026-05-11,688008,0.7924,0.89,1.1479,0.72
2026-05-12,688008,0.7316,0.9135,1.1625,0.72
2026-05-13,688008,0.8053,0.9279,1.1683,0.72
2026-05-14,688008,0.7424,0.9215,1.1762,0.72
2026-05-15,688008,0.6185,0.9777,1.1815,0.72
2026-05-18,688008,0.6867,0.9517,1.1866,0.72
2026-05-19,688008,0.6381,0.9582,1.1881,0.72
2026-05-20,688008,0.7083,0.9537,1.1841,0.72
2026-05-21,688008,0.6969,0.9543,1.1767,0.72
2026-05-22,688008,0.7178,0.9546,1.1787,0.72
2026-05-25,688008,0.7408,0.9563,1.1752,0.72
2026-05-26,688008,0.7067,0.9723,1.1733,0.72
2026-05-27,688008,0.6253,0.9907,1.1734,0.72
2026-05-28,688008,0.4664,0.9728,1.181,0.72
2026-05-29,688008,0.4583,0.9764,1.1861,0.72
2026-06-01,688008,0.3681,1.0326,1.1808,0.72
2026-06-02,688008,0.3684,1.0326,1.1793,0.72
2026-06-03,688008,0.2765,0.9355,1.1783,0.72
2026-06-04,688008,0.2375,0.9237,1.1842,0.72
2026-06-05,688008,0.1387,0.9774,1.1788,0.72
2026-06-08,688008,-0.1001,0.7536,1.1733,0.72
2026-06-09,688008,-0.0179,0.7716,1.1739,0.72
2026-06-10,688008,-0.1076,0.7224,1.1749,0.72
2026-06-11,688008,-0.1374,0.7145,1.1692,0.72
2026-06-12,688008,-0.0933,0.6825,1.1748,0.72
2026-06-15,688008,-0.0319,0.7282,1.192,0.72
2026-06-16,688008,-0.0119,0.7308,1.2039,0.72
2026-06-17,688008,0.0202,0.7647,1.2217,0.72
2026-06-18,688008,0.0295,0.7681,1.2424,0.72
2026-06-22,688008,0.0303,0.7686,1.2687,0.72
2026-06-23,688008,-0.0919,0.8026,1.2853,0.72
2026-06-24,688008,-0.0213,0.7994,1.3109,0.72
2026-06-25,688008,0.0515,0.8105,1.3477,0.72
2026-06-26,688008,0.0032,0.8409,1.3861,0.72
2026-06-29,688008,0.1705,0.947,1.4197,0.72
2026-06-30,688008,0.3346,0.891,1.4549,0.72
2026-07-01,688008,0.3334,0.891,1.4703,0.72
2026-07-02,688008,0.0602,1.0374,1.4498,0.72
2026-07-03,688008,0.0275,1.0363,1.4253,0.72
2026-07-06,688008,0.1226,0.9907,1.4078,0.72
2026-07-07,688008,0.129,0.9858,1.3846,0.72
2026-07-08,688008,0.0455,0.9764,1.3622,0.72
2026-07-09,688008,0.2376,1.1085,1.3622,0.72
2026-07-10,688008,0.1724,1.1378,1.3491,0.72
2026-07-13,688008,0.1243,1.1592,1.3106,0.72
2026-07-14,688008,0.1247,1.1594,1.2883,0.72
2026-07-15,688008,0.0349,1.1868,1.2576,0.72
2026-07-16,688008,-0.196,1.2964,1.218,0.72
2026-07-17,688008,-0.3202,1.3588,1.1727,0.72
2026-07-20,688008,-0.3222,1.3573,1.1408,0.72
2026-07-21,688008,-0.1491,1.464,1.1116,0.72
2026-07-22,688008,-0.1634,1.4595,1.0928,0.72
2026-07-23,688008,-0.1925,1.448,1.0762,0.72
2026-07-24,688008,-0.1077,1.4401,1.0707,0.72
2026-07-27,688008,-0.232,1.3543,1.0697,0.72
2026-07-28,688008,-0.3356,1.3687,1.0493,0.72
2026-07-29,688008,-0.3423,1.3656,1.0371,0.72
2026-07-30,688008,-0.2678,1.284,1.0269,0.72
2026-07-31,688008,-0.2309,1.298,1.0234,0.72
2026-08-03,688008,-0.292,1.315,1.0119,0.72
2026-08-04,688008,-0.196,1.3364,1.0145,0.72
2026-08-05,688008,-0.1409,1.3465,1.0216,0.72
2026-08-06,688008,-0.27,1.2064,1.026,0.72
2026-08-07,688008,-0.1948,1.2027,1.0323,0.72
2026-08-10,688008,-0.1802,1.195,1.044,0.72
2026-08-11,688008,-0.2333,1.1622,1.0522,0.72
2026-08-12,688008,-0.1461,1.1585,1.0562,0.72
2026-08-13,688008,-0.0025,0.9997,1.0569,0.72
2026-08-14,688008,0.1566,0.8698,1.0559,0.72
2026-08-17,688008,0.1837,0.8833,1.0609,0.72
2026-08-18,688008,-0.0055,0.7032,1.0646,0.72
2026-08-19,688008,-0.1016,0.7593,1.0602,0.72
2026-08-20,688008,-0.1155,0.7571,1.0601,0.72
2026-08-21,688008,-0.1403,0.7431,1.059,0.72
2026-08-24,688008,-0.1552,0.7515,1.0486,0.72
2026-08-25,688008,-0.0546,0.6806,1.0401,0.72
2026-08-26,688008,-0.0313,0.6914,1.0374,0.72
2026-08-27,688008,0.1242,0.7507,1.0386,0.72
